Topology,Number of resources,Principal op,Principal op percentage,Top changes percentage,Mid op,Top op,Bot op,Target graph layers,State graph layers,Schedule stages,Schedule duration,Schedule trans. red. duration,Check NOT UNSTABLE result,Check NOT UNSTABLE duration,Check global STABLE result,Check global STABLE duration,Check deps STABLE result,Check deps STABLE duration,Check Static #Estables,Check Static duration,,,,,,,
butterfly,5,UPDATE,0.4,0.2,CREATE_DELETE,,,[0|1 -> 0 -> 0|1],[0|1 -> 0 -> 0|1],[2; 1; 2; 1; 1; 1],0,,TRUE,0.75,TRUE,0.737,0,4.202,0,0,,,,,,,
butterfly,5,UPDATE,0.4,0.5,CREATE_DELETE,,,[0|1 -> 0 -> 0|1],[0|1 -> 0 -> 0|1],[1; 1; 2; 1; 1; 1],0,,TRUE,0.041,TRUE,0.041,0,0.2,0,0,,,,,,,
butterfly,5,UPDATE,0.4,0.8,CREATE_DELETE,,,[0|1 -> 0 -> 0|1],[0|1 -> 0 -> 0|1],[2; 1; 2],0.004,,TRUE,0.039,TRUE,0.038,0,0.162,0,0,,,,,,,
butterfly,5,UPDATE,0.4,0.2,DELETE_CREATE,,,[0|1 -> 0 -> 0|1],[0|1 -> 0 -> 0|1],[2; 1; 2; 2],0,,TRUE,0.734,FALSE,0.01,2,3.722,1,0,,,,,,,
butterfly,5,UPDATE,0.4,0.5,DELETE_CREATE,,,[0|1 -> 0 -> 0|1],[0|1 -> 0 -> 0|1],[3; 1; 2],0.004,,TRUE,0.302,FALSE,0.011,4,1.041,2,0,,,,,,,
butterfly,5,UPDATE,0.4,0.8,DELETE_CREATE,,,[0|1 -> 0 -> 0|1],[0|1 -> 0 -> 0|1],[3; 1; 1; 1],0,,TRUE,0.249,FALSE,0.01,2,1.309,1,0,,,,,,,
butterfly,5,UPDATE,0.4,0.2,NOOP,,,[0|1 -> 0 -> 0|1],[0|1 -> 0 -> 0|1],[3; 1],0,,TRUE,0.134,FALSE,0.009,6,0.041,3,0,,,,,,,
butterfly,5,UPDATE,0.4,0.5,NOOP,,,[0|1 -> 0 -> 0|1],[0|1 -> 0 -> 0|1],[4; 2],0,,TRUE,71.666,FALSE,0.01,6,271.72,3,0,,,,,,,
butterfly,5,UPDATE,0.4,0.8,NOOP,,,[0|1 -> 0 -> 0|1],[0|1 -> 0 -> 0|1],[2],0,,TRUE,0.011,TRUE,0.011,0,0.016,0,0,,,,,,,
butterfly,5,UPDATE,0.4,0.2,UPDATE,,,[0|1 -> 0 -> 0|1],[0|1 -> 0 -> 0|1],[1; 1; 2; 1],0,,TRUE,0.017,TRUE,0.017,0,0.041,0,0,,,,,,,
butterfly,5,UPDATE,0.4,0.5,UPDATE,,,[0|1 -> 0 -> 0|1],[0|1 -> 0 -> 0|1],[1; 1; 2; 1; 1],0,,TRUE,0.025,TRUE,0.024,0,0.09,0,0,,,,,,,
butterfly,5,UPDATE,0.4,0.8,UPDATE,,,[0|1 -> 0 -> 0|1],[0|1 -> 0 -> 0|1],[2; 1; 1],0,,TRUE,0.015,TRUE,0.015,0,0.043,0,0,,,,,,,
butterfly,5,UPDATE,0.7,0.2,CREATE_DELETE,,,[0|1 -> 0 -> 0|1],[0|1 -> 0 -> 0|1],[2; 1; 3],0,,TRUE,0.568,TRUE,0.558,0,2.461,0,0,,,,,,,
butterfly,5,UPDATE,0.7,0.5,CREATE_DELETE,,,[0|1 -> 0 -> 0|1],[0|1 -> 0 -> 0|1],[3; 1; 3; 1],0,,TRUE,28.032,TRUE,27.381,0,227.298,0,0,,,,,,,
butterfly,5,UPDATE,0.7,0.8,CREATE_DELETE,,,[0|1 -> 0 -> 0|1],[0|1 -> 0 -> 0|1],[2; 1; 2; 2],0,,TRUE,0.518,TRUE,0.517,0,3.722,0,0,,,,,,,
butterfly,5,UPDATE,0.7,0.2,DELETE_CREATE,,,[0|1 -> 0 -> 0|1],[0|1 -> 0 -> 0|1],[2; 2; 2],0,,TRUE,0.394,FALSE,0.01,4,1.446,2,0,,,,,,,
butterfly,5,UPDATE,0.7,0.5,DELETE_CREATE,,,[0|1 -> 0 -> 0|1],[0|1 -> 0 -> 0|1],[2; 1; 1; 2],0,,TRUE,0.038,FALSE,0.01,2,0.125,1,0,,,,,,,
butterfly,5,UPDATE,0.7,0.8,DELETE_CREATE,,,[0|1 -> 0 -> 0|1],[0|1 -> 0 -> 0|1],[3; 1; 1],0,,TRUE,0.089,FALSE,0.01,4,0.322,2,0,,,,,,,
butterfly,5,UPDATE,0.7,0.2,NOOP,,,[0|1 -> 0 -> 0|1],[0|1 -> 0 -> 0|1],[3; 2; 1],0,,TRUE,2.533,TRUE,2.567,0,7.749,0,0,,,,,,,
butterfly,5,UPDATE,0.7,0.5,NOOP,,,[0|1 -> 0 -> 0|1],[0|1 -> 0 -> 0|1],[3; 1],0,,TRUE,0.119,TRUE,0.119,0,0.215,0,0,,,,,,,
butterfly,5,UPDATE,0.7,0.8,NOOP,,,[0|1 -> 0 -> 0|1],[0|1 -> 0 -> 0|1],[3; 1],0,,TRUE,0.212,TRUE,0.217,0,0.848,0,0,,,,,,,
butterfly,5,UPDATE,0.7,0.2,UPDATE,,,[0|1 -> 0 -> 0|1],[0|1 -> 0 -> 0|1],[2; 1; 2; 1; 1],0.004,,TRUE,0.327,TRUE,0.319,0,1.491,0,0,,,,,,,
butterfly,5,UPDATE,0.7,0.5,UPDATE,,,[0|1 -> 0 -> 0|1],[0|1 -> 0 -> 0|1],[2; 2; 2],0,,TRUE,0.543,TRUE,0.525,0,4.784,0,0,,,,,,,
butterfly,5,UPDATE,0.7,0.8,UPDATE,,,[0|1 -> 0 -> 0|1],[0|1 -> 0 -> 0|1],[2; 1; 1; 1; 1],0.004,,TRUE,0.021,TRUE,0.022,0,0.092,0,0,,,,,,,
butterfly,5,NOOP,0.4,0.2,CREATE_DELETE,,,[0|1 -> 0 -> 0|1],[0|1 -> 0 -> 0|1],[1; 1; 2; 1; 1],0,,TRUE,0.031,TRUE,0.03,0,0.191,0,0,,,,,,,
butterfly,5,NOOP,0.4,0.5,CREATE_DELETE,,,[0|1 -> 0 -> 0|1],[0|1 -> 0 -> 0|1],[1; 1; 1; 1; 1],0,,TRUE,0.011,TRUE,0.014,0,0.024,0,0,,,,,,,
butterfly,5,NOOP,0.4,0.8,CREATE_DELETE,,,[0|1 -> 0 -> 0|1],[0|1 -> 0 -> 0|1],[1; 1; 2; 1],0.004,,TRUE,0.019,TRUE,0.019,0,0.081,0,0,,,,,,,
butterfly,5,NOOP,0.4,0.2,DELETE_CREATE,,,[0|1 -> 0 -> 0|1],[0|1 -> 0 -> 0|1],[2; 1; 2; 1; 1],0,,TRUE,0.46,TRUE,0.441,0,1.733,0,0,,,,,,,
butterfly,5,NOOP,0.4,0.5,DELETE_CREATE,,,[0|1 -> 0 -> 0|1],[0|1 -> 0 -> 0|1],[1; 1; 1; 1; 1],0,,TRUE,0.009,FALSE,0.01,8,0.032,4,0,,,,,,,
butterfly,5,NOOP,0.4,0.8,DELETE_CREATE,,,[0|1 -> 0 -> 0|1],[0|1 -> 0 -> 0|1],[1; 2; 2; 1; 1],0,,TRUE,0.066,FALSE,0.01,12,0.269,6,0,,,,,,,
butterfly,5,NOOP,0.4,0.2,NOOP,,,[0|1 -> 0 -> 0|1],[0|1 -> 0 -> 0|1],[3; 3],0,,TRUE,5.486,TRUE,5.224,0,21.02,0,0,,,,,,,
butterfly,5,NOOP,0.4,0.5,NOOP,,,[0|1 -> 0 -> 0|1],[0|1 -> 0 -> 0|1],[4; 2],0,,TRUE,80.421,TRUE,73.864,0,570.828,0,0,,,,,,,
butterfly,5,NOOP,0.4,0.8,NOOP,,,[0|1 -> 0 -> 0|1],[0|1 -> 0 -> 0|1],[2; 1],0,,TRUE,0.015,FALSE,0.009,6,0.043,3,0,,,,,,,
butterfly,5,NOOP,0.4,0.2,UPDATE,,,[0|1 -> 0 -> 0|1],[0|1 -> 0 -> 0|1],[1; 1; 1; 1; 2],0,,TRUE,0.01,FALSE,0.009,4,0.032,2,0,,,,,,,
butterfly,5,NOOP,0.4,0.5,UPDATE,,,[0|1 -> 0 -> 0|1],[0|1 -> 0 -> 0|1],[3; 2; 2],0,,TRUE,8.44,TRUE,8.014,0,59.526,0,0,,,,,,,
butterfly,5,NOOP,0.4,0.8,UPDATE,,,[0|1 -> 0 -> 0|1],[0|1 -> 0 -> 0|1],[2; 2; 1; 1],0,,TRUE,0.282,FALSE,0.01,6,1.344,3,0,,,,,,,
butterfly,5,NOOP,0.7,0.2,CREATE_DELETE,,,[0|1 -> 0 -> 0|1],[0|1 -> 0 -> 0|1],[1; 1; 1; 1; 1; 1],0,,TRUE,0.011,TRUE,0.011,0,0.034,0,0,,,,,,,
butterfly,5,NOOP,0.7,0.5,CREATE_DELETE,,,[0|1 -> 0 -> 0|1],[0|1 -> 0 -> 0|1],[1; 1; 1; 1; 1; 1],0,,TRUE,0.011,TRUE,0.011,0,0.034,0,0,,,,,,,
butterfly,5,NOOP,0.7,0.8,CREATE_DELETE,,,[0|1 -> 0 -> 0|1],[0|1 -> 0 -> 0|1],[1; 1; 2; 1],0,,TRUE,0.021,TRUE,0.02,0,0.069,0,0,,,,,,,
butterfly,5,NOOP,0.7,0.2,DELETE_CREATE,,,[0|1 -> 0 -> 0|1],[0|1 -> 0 -> 0|1],[1; 1; 1; 1; 2],0,,TRUE,0.011,FALSE,0.009,8,0.037,4,0,,,,,,,
butterfly,5,NOOP,0.7,0.5,DELETE_CREATE,,,[0|1 -> 0 -> 0|1],[0|1 -> 0 -> 0|1],[1; 1; 1; 1; 1; 1],0,,TRUE,0.011,TRUE,0.011,0,0.034,0,0,,,,,,,
butterfly,5,NOOP,0.7,0.8,DELETE_CREATE,,,[0|1 -> 0 -> 0|1],[0|1 -> 0 -> 0|1],[2; 1; 2; 1],0,,TRUE,0.098,FALSE,0.01,2,0.427,1,0,,,,,,,
butterfly,5,NOOP,0.7,0.2,NOOP,,,[0|1 -> 0 -> 0|1],[0|1 -> 0 -> 0|1],[2; 1],0,,TRUE,0.017,TRUE,0.017,0,0.041,0,0,,,,,,,
butterfly,5,NOOP,0.7,0.5,NOOP,,,[0|1 -> 0 -> 0|1],[0|1 -> 0 -> 0|1],[2; 2],0,,TRUE,0.032,TRUE,0.031,0,0.084,0,0,,,,,,,
butterfly,5,NOOP,0.7,0.8,NOOP,,,[0|1 -> 0 -> 0|1],[0|1 -> 0 -> 0|1],[2; 1],0,,TRUE,0.014,TRUE,0.014,0,0.022,0,0,,,,,,,
butterfly,5,NOOP,0.7,0.2,UPDATE,,,[0|1 -> 0 -> 0|1],[0|1 -> 0 -> 0|1],[2; 1; 2; 1; 1],0,,TRUE,0.321,TRUE,0.309,0,1.819,0,0,,,,,,,
butterfly,5,NOOP,0.7,0.5,UPDATE,,,[0|1 -> 0 -> 0|1],[0|1 -> 0 -> 0|1],[1; 1; 1; 1; 1],0,,TRUE,0.01,TRUE,0.01,0,0.026,0,0,,,,,,,
butterfly,5,NOOP,0.7,0.8,UPDATE,,,[0|1 -> 0 -> 0|1],[0|1 -> 0 -> 0|1],[1; 1; 1; 1],0,,TRUE,0.01,TRUE,0.009,0,0.018,0,0,,,,,,,
butterfly,5,DELETE_CREATE,0.4,0.2,CREATE_DELETE,,,[0|1 -> 0 -> 0|1],[0|1 -> 0 -> 0|1],[2; 1; 2; 1; 1; 1],0,,TRUE,0.737,TRUE,0.725,0,4.201,0,0,,,,,,,
butterfly,5,DELETE_CREATE,0.4,0.5,CREATE_DELETE,,,[0|1 -> 0 -> 0|1],[0|1 -> 0 -> 0|1],[3; 1; 2; 1; 1; 1],0,,TRUE,7.607,TRUE,8.07,0,58.68,0,0,,,,,,,
butterfly,5,DELETE_CREATE,0.4,0.8,CREATE_DELETE,,,[0|1 -> 0 -> 0|1],[0|1 -> 0 -> 0|1],[3; 1; 2; 2],0,,TRUE,12.844,TRUE,12.757,0,94.384,0,0,,,,,,,
butterfly,5,DELETE_CREATE,0.4,0.2,DELETE_CREATE,,,[0|1 -> 0 -> 0|1],[0|1 -> 0 -> 0|1],[1; 1; 2; 1; 1; 1],0,,TRUE,0.042,TRUE,0.041,0,0.202,0,0,,,,,,,
butterfly,5,DELETE_CREATE,0.4,0.5,DELETE_CREATE,,,[0|1 -> 0 -> 0|1],[0|1 -> 0 -> 0|1],[1; 1; 2; 1; 1],0,,TRUE,0.031,TRUE,0.031,0,0.101,0,0,,,,,,,
butterfly,5,DELETE_CREATE,0.4,0.8,DELETE_CREATE,,,[0|1 -> 0 -> 0|1],[0|1 -> 0 -> 0|1],[3; 1; 2; 1],0,,TRUE,2.975,FALSE,0.01,2,18.018,1,0,,,,,,,
butterfly,5,DELETE_CREATE,0.4,0.2,NOOP,,,[0|1 -> 0 -> 0|1],[0|1 -> 0 -> 0|1],[3; 2],0,,TRUE,0.686,TRUE,0.673,0,2.519,0,0,,,,,,,
butterfly,5,DELETE_CREATE,0.4,0.5,NOOP,,,[0|1 -> 0 -> 0|1],[0|1 -> 0 -> 0|1],[3; 1],0.004,,TRUE,0.12,TRUE,0.121,0,0.221,0,0,,,,,,,
butterfly,5,DELETE_CREATE,0.4,0.8,NOOP,,,[0|1 -> 0 -> 0|1],[0|1 -> 0 -> 0|1],[3; 1; 2],0,,TRUE,1.908,TRUE,1.947,0,9.036,0,0,,,,,,,
butterfly,5,DELETE_CREATE,0.4,0.2,UPDATE,,,[0|1 -> 0 -> 0|1],[0|1 -> 0 -> 0|1],[1; 1; 2; 2; 1],0,,TRUE,0.067,TRUE,0.069,0,0.27,0,0,,,,,,,
butterfly,5,DELETE_CREATE,0.4,0.5,UPDATE,,,[0|1 -> 0 -> 0|1],[0|1 -> 0 -> 0|1],[1; 1; 1],0,,TRUE,0.009,TRUE,0.009,0,0.017,0,0,,,,,,,
butterfly,5,DELETE_CREATE,0.4,0.8,UPDATE,,,[0|1 -> 0 -> 0|1],[0|1 -> 0 -> 0|1],[1; 2; 2; 1; 1],0,,TRUE,0.053,FALSE,0.01,8,0.212,4,0,,,,,,,
butterfly,5,DELETE_CREATE,0.7,0.2,CREATE_DELETE,,,[0|1 -> 0 -> 0|1],[0|1 -> 0 -> 0|1],[2; 1; 3; 1],0.004,,TRUE,2.43,TRUE,2.289,0,14.619,0,0,,,,,,,
butterfly,5,DELETE_CREATE,0.7,0.5,CREATE_DELETE,,,[0|1 -> 0 -> 0|1],[0|1 -> 0 -> 0|1],[3; 1; 2; 1; 1; 1],0.004,,TRUE,7.865,TRUE,7.634,0,54.559,0,0,,,,,,,
butterfly,5,DELETE_CREATE,0.7,0.8,CREATE_DELETE,,,[0|1 -> 0 -> 0|1],[0|1 -> 0 -> 0|1],[3; 1; 2; 2],0,,TRUE,14.446,TRUE,12.825,0,95.132,0,0,,,,,,,
butterfly,5,DELETE_CREATE,0.7,0.2,DELETE_CREATE,,,[0|1 -> 0 -> 0|1],[0|1 -> 0 -> 0|1],[3; 1; 2; 2],0,,TRUE,6.62,TRUE,6.593,0,47.741,0,0,,,,,,,
butterfly,5,DELETE_CREATE,0.7,0.5,DELETE_CREATE,,,[0|1 -> 0 -> 0|1],[0|1 -> 0 -> 0|1],[2; 1; 2; 2; 1; 2],0,,TRUE,0.563,TRUE,0.564,0,7.576,0,0,,,,,,,
butterfly,5,DELETE_CREATE,0.7,0.8,DELETE_CREATE,,,[0|1 -> 0 -> 0|1],[0|1 -> 0 -> 0|1],[2; 1; 1; 1; 1; 1],0.004,,TRUE,0.033,FALSE,0.01,4,0.207,2,0,,,,,,,
butterfly,5,DELETE_CREATE,0.7,0.2,NOOP,,,[0|1 -> 0 -> 0|1],[0|1 -> 0 -> 0|1],[2; 3; 1],0,,TRUE,0.749,FALSE,0.01,2,1.827,1,0,,,,,,,
butterfly,5,DELETE_CREATE,0.7,0.5,NOOP,,,[0|1 -> 0 -> 0|1],[0|1 -> 0 -> 0|1],[1; 2; 1],0,,TRUE,0.014,FALSE,0.009,4,0.025,2,0,,,,,,,
butterfly,5,DELETE_CREATE,0.7,0.8,NOOP,,,[0|1 -> 0 -> 0|1],[0|1 -> 0 -> 0|1],[2; 1; 1],0,,TRUE,0.024,TRUE,0.024,0,0.059,0,0,,,,,,,
butterfly,5,DELETE_CREATE,0.7,0.2,UPDATE,,,[0|1 -> 0 -> 0|1],[0|1 -> 0 -> 0|1],[3; 1; 2],0.004,,TRUE,0.835,TRUE,0.828,0,3.188,0,0,,,,,,,
butterfly,5,DELETE_CREATE,0.7,0.5,UPDATE,,,[0|1 -> 0 -> 0|1],[0|1 -> 0 -> 0|1],[2; 2; 2; 1; 2],0,,TRUE,0.591,FALSE,0.01,4,4.229,2,0,,,,,,,
butterfly,5,DELETE_CREATE,0.7,0.8,UPDATE,,,[0|1 -> 0 -> 0|1],[0|1 -> 0 -> 0|1],[1; 2; 2; 1; 1],0,,TRUE,0.054,FALSE,0.01,8,0.221,4,0,,,,,,,
butterfly,5,CREATE_DELETE,0.4,0.2,CREATE_DELETE,,,[0|1 -> 0 -> 0|1],[0|1 -> 0 -> 0|1],[2; 1; 3; 1],0,,TRUE,2.302,TRUE,2.256,0,14.726,0,0,,,,,,,
butterfly,5,CREATE_DELETE,0.4,0.5,CREATE_DELETE,,,[0|1 -> 0 -> 0|1],[0|1 -> 0 -> 0|1],[1; 1; 1; 1; 1],0,,TRUE,0.01,TRUE,0.011,0,0.024,0,0,,,,,,,
butterfly,5,CREATE_DELETE,0.4,0.8,CREATE_DELETE,,,[0|1 -> 0 -> 0|1],[0|1 -> 0 -> 0|1],[1; 1; 1; 1; 1; 1],0,,TRUE,0.011,TRUE,0.011,0,0.062,0,0,,,,,,,
butterfly,5,CREATE_DELETE,0.4,0.2,DELETE_CREATE,,,[0|1 -> 0 -> 0|1],[0|1 -> 0 -> 0|1],[1; 1; 2; 2; 1],0,,TRUE,0.1,TRUE,0.094,0,0.312,0,0,,,,,,,
butterfly,5,CREATE_DELETE,0.4,0.5,DELETE_CREATE,,,[0|1 -> 0 -> 0|1],[0|1 -> 0 -> 0|1],[2; 1; 2; 1; 1],0.004,,TRUE,0.461,TRUE,0.436,0,1.729,0,0,,,,,,,
butterfly,5,CREATE_DELETE,0.4,0.8,DELETE_CREATE,,,[0|1 -> 0 -> 0|1],[0|1 -> 0 -> 0|1],[3; 1; 1],0,,TRUE,0.091,FALSE,0.01,4,0.346,2,0,,,,,,,
butterfly,5,CREATE_DELETE,0.4,0.2,NOOP,,,[0|1 -> 0 -> 0|1],[0|1 -> 0 -> 0|1],[3; 2; 1],0,,TRUE,2.424,TRUE,2.428,0,9.244,0,0,,,,,,,
butterfly,5,CREATE_DELETE,0.4,0.5,NOOP,,,[0|1 -> 0 -> 0|1],[0|1 -> 0 -> 0|1],[3; 2; 1],0.004,,TRUE,2.358,TRUE,2.399,0,7.365,0,0,,,,,,,
butterfly,5,CREATE_DELETE,0.4,0.8,NOOP,,,[0|1 -> 0 -> 0|1],[0|1 -> 0 -> 0|1],[3; 3],0,,TRUE,9.61,TRUE,9.57,0,54.163,0,0,,,,,,,
butterfly,5,CREATE_DELETE,0.4,0.2,UPDATE,,,[0|1 -> 0 -> 0|1],[0|1 -> 0 -> 0|1],[2; 1; 2; 1; 1],0,,TRUE,0.307,TRUE,0.31,0,1.481,0,0,,,,,,,
butterfly,5,CREATE_DELETE,0.4,0.5,UPDATE,,,[0|1 -> 0 -> 0|1],[0|1 -> 0 -> 0|1],[2; 3; 2],0,,TRUE,26.486,TRUE,23.474,0,201.628,0,0,,,,,,,
butterfly,5,CREATE_DELETE,0.4,0.8,UPDATE,,,[0|1 -> 0 -> 0|1],[0|1 -> 0 -> 0|1],[2; 1; 1; 1; 1],0,,TRUE,0.021,TRUE,0.021,0,0.117,0,0,,,,,,,
butterfly,5,CREATE_DELETE,0.7,0.2,CREATE_DELETE,,,[0|1 -> 0 -> 0|1],[0|1 -> 0 -> 0|1],[1; 1; 2; 2; 1],0,,TRUE,0.097,TRUE,0.093,0,0.314,0,0,,,,,,,
butterfly,5,CREATE_DELETE,0.7,0.5,CREATE_DELETE,,,[0|1 -> 0 -> 0|1],[0|1 -> 0 -> 0|1],[3; 1; 2; 1; 1; 1],0,,TRUE,7.537,TRUE,7.253,0,54.963,0,0,,,,,,,
butterfly,5,CREATE_DELETE,0.7,0.8,CREATE_DELETE,,,[0|1 -> 0 -> 0|1],[0|1 -> 0 -> 0|1],[2; 1; 1; 1; 1; 1],0,,TRUE,0.031,TRUE,0.03,0,0.147,0,0,,,,,,,
butterfly,5,CREATE_DELETE,0.7,0.2,DELETE_CREATE,,,[0|1 -> 0 -> 0|1],[0|1 -> 0 -> 0|1],[1; 1; 2; 2; 1; 1],0,,TRUE,0.119,TRUE,0.114,0,0.534,0,0,,,,,,,
butterfly,5,CREATE_DELETE,0.7,0.5,DELETE_CREATE,,,[0|1 -> 0 -> 0|1],[0|1 -> 0 -> 0|1],[2; 1; 2; 2; 1; 1],0,,TRUE,0.659,TRUE,0.658,0,4.094,0,0,,,,,,,
butterfly,5,CREATE_DELETE,0.7,0.8,DELETE_CREATE,,,[0|1 -> 0 -> 0|1],[0|1 -> 0 -> 0|1],[2; 1; 1; 1; 1; 1],0.004,,TRUE,0.028,TRUE,0.027,0,0.145,0,0,,,,,,,
butterfly,5,CREATE_DELETE,0.7,0.2,NOOP,,,[0|1 -> 0 -> 0|1],[0|1 -> 0 -> 0|1],[3; 2],0,,TRUE,1.784,TRUE,1.766,0,2.267,0,0,,,,,,,
butterfly,5,CREATE_DELETE,0.7,0.5,NOOP,,,[0|1 -> 0 -> 0|1],[0|1 -> 0 -> 0|1],[4; 2; 2],0,,TRUE,620.065,TRUE,603.238,,,0,0,,,,,,,
butterfly,5,CREATE_DELETE,0.7,0.8,NOOP,,,[0|1 -> 0 -> 0|1],[0|1 -> 0 -> 0|1],[3; 1; 2],0,,TRUE,1.91,TRUE,1.874,0,9.231,0,0,,,,,,,
butterfly,5,CREATE_DELETE,0.7,0.2,UPDATE,,,[0|1 -> 0 -> 0|1],[0|1 -> 0 -> 0|1],[2; 1; 2; 1; 1],0.004,,TRUE,0.328,TRUE,0.31,0,1.477,0,0,,,,,,,
butterfly,5,CREATE_DELETE,0.7,0.5,UPDATE,,,[0|1 -> 0 -> 0|1],[0|1 -> 0 -> 0|1],[2; 1; 2; 2; 2],0,,TRUE,0.996,TRUE,0.954,0,6.819,0,0,,,,,,,
butterfly,5,CREATE_DELETE,0.7,0.8,UPDATE,,,[0|1 -> 0 -> 0|1],[0|1 -> 0 -> 0|1],[2; 1; 1; 1; 2],0,,TRUE,0.038,TRUE,0.035,0,0.403,0,0,,,,,,,
butterfly,10,UPDATE,0.4,0.2,CREATE_DELETE,,,[0|1|2|3|4 -> 0 -> 0|1|2|3|4],[0|1|2|3|4 -> 0 -> 0|1|2|3|4],[3; 1; 5; 3; 1; 1],0.016,,,,,,,,0,0,,,,,,,
butterfly,10,UPDATE,0.4,0.5,CREATE_DELETE,,,[0|1|2|3|4 -> 0 -> 0|1|2|3|4],[0|1|2|3|4 -> 0 -> 0|1|2|3|4],[7; 1; 5; 1; 1],0.016,,,,,,,,0,0,,,,,,,
butterfly,10,UPDATE,0.4,0.8,CREATE_DELETE,,,[0|1|2|3|4 -> 0 -> 0|1|2|3|4],[0|1|2|3|4 -> 0 -> 0|1|2|3|4],[6; 1; 3; 3],0.016,,,,,,,,0,0,,,,,,,
butterfly,10,UPDATE,0.4,0.2,DELETE_CREATE,,,[0|1|2|3|4 -> 0 -> 0|1|2|3|4],[0|1|2|3|4 -> 0 -> 0|1|2|3|4],[3; 1; 5; 1; 1; 1],0.016,,,,,,,,0,0,,,,,,,
butterfly,10,UPDATE,0.4,0.5,DELETE_CREATE,,,[0|1|2|3|4 -> 0 -> 0|1|2|3|4],[0|1|2|3|4 -> 0 -> 0|1|2|3|4],[3; 1; 4; 1; 1; 3],0.016,,,,,,,,0,0,,,,,,,
butterfly,10,UPDATE,0.4,0.8,DELETE_CREATE,,,[0|1|2|3|4 -> 0 -> 0|1|2|3|4],[0|1|2|3|4 -> 0 -> 0|1|2|3|4],[6; 1; 2; 1; 1; 2],0.016,,,,,,,,0,0,,,,,,,
butterfly,10,UPDATE,0.4,0.2,NOOP,,,[0|1|2|3|4 -> 0 -> 0|1|2|3|4],[0|1|2|3|4 -> 0 -> 0|1|2|3|4],[6; 2],0.016,,,,,,,,0,0,,,,,,,
butterfly,10,UPDATE,0.4,0.5,NOOP,,,[0|1|2|3|4 -> 0 -> 0|1|2|3|4],[0|1|2|3|4 -> 0 -> 0|1|2|3|4],[5; 2; 1],0.016,,,,,,,,0,0,,,,,,,
butterfly,10,UPDATE,0.4,0.8,NOOP,,,[0|1|2|3|4 -> 0 -> 0|1|2|3|4],[0|1|2|3|4 -> 0 -> 0|1|2|3|4],[7; 1],0.016,,,,,,,,0,0,,,,,,,
butterfly,10,UPDATE,0.4,0.2,UPDATE,,,[0|1|2|3|4 -> 0 -> 0|1|2|3|4],[0|1|2|3|4 -> 0 -> 0|1|2|3|4],[2; 1; 5; 2; 1],0.016,,,,,,,,0,0,,,,,,,
butterfly,10,UPDATE,0.4,0.5,UPDATE,,,[0|1|2|3|4 -> 0 -> 0|1|2|3|4],[0|1|2|3|4 -> 0 -> 0|1|2|3|4],[4; 1; 4; 1; 3],0.016,,,,,,,,0,0,,,,,,,
butterfly,10,UPDATE,0.4,0.8,UPDATE,,,[0|1|2|3|4 -> 0 -> 0|1|2|3|4],[0|1|2|3|4 -> 0 -> 0|1|2|3|4],[5; 1; 2; 1; 3],0.016,,,,,,,,0,0,,,,,,,
butterfly,10,UPDATE,0.7,0.2,CREATE_DELETE,,,[0|1|2|3|4 -> 0 -> 0|1|2|3|4],[0|1|2|3|4 -> 0 -> 0|1|2|3|4],[4; 1; 6],0.016,,,,,,,,0,0,,,,,,,
butterfly,10,UPDATE,0.7,0.5,CREATE_DELETE,,,[0|1|2|3|4 -> 0 -> 0|1|2|3|4],[0|1|2|3|4 -> 0 -> 0|1|2|3|4],[4; 1; 6; 1],0.016,,,,,,,,0,0,,,,,,,
butterfly,10,UPDATE,0.7,0.8,CREATE_DELETE,,,[0|1|2|3|4 -> 0 -> 0|1|2|3|4],[0|1|2|3|4 -> 0 -> 0|1|2|3|4],[5; 1; 3; 1],0.016,,,,,,,,0,0,,,,,,,
butterfly,10,UPDATE,0.7,0.2,DELETE_CREATE,,,[0|1|2|3|4 -> 0 -> 0|1|2|3|4],[0|1|2|3|4 -> 0 -> 0|1|2|3|4],[2; 1; 5; 1; 1],0.016,,,,,,,,0,0,,,,,,,
butterfly,10,UPDATE,0.7,0.5,DELETE_CREATE,,,[0|1|2|3|4 -> 0 -> 0|1|2|3|4],[0|1|2|3|4 -> 0 -> 0|1|2|3|4],[3; 1; 1; 1; 1; 4],0.012,,,,FALSE,0.088,,,8,0,,,,,,,
butterfly,10,UPDATE,0.7,0.8,DELETE_CREATE,,,[0|1|2|3|4 -> 0 -> 0|1|2|3|4],[0|1|2|3|4 -> 0 -> 0|1|2|3|4],[6; 2; 2],0.016,,,,FALSE,0.175,,,5,0,,,,,,,
butterfly,10,UPDATE,0.7,0.2,NOOP,,,[0|1|2|3|4 -> 0 -> 0|1|2|3|4],[0|1|2|3|4 -> 0 -> 0|1|2|3|4],[7; 1; 1],0.016,,,,,,,,0,0,,,,,,,
butterfly,10,UPDATE,0.7,0.5,NOOP,,,[0|1|2|3|4 -> 0 -> 0|1|2|3|4],[0|1|2|3|4 -> 0 -> 0|1|2|3|4],[10; 5],0.016,,,,,,,,0,0,,,,,,,
butterfly,10,UPDATE,0.7,0.8,NOOP,,,[0|1|2|3|4 -> 0 -> 0|1|2|3|4],[0|1|2|3|4 -> 0 -> 0|1|2|3|4],[7; 1],0.016,,,,,,,,0,0,,,,,,,
butterfly,10,UPDATE,0.7,0.2,UPDATE,,,[0|1|2|3|4 -> 0 -> 0|1|2|3|4],[0|1|2|3|4 -> 0 -> 0|1|2|3|4],[3; 1; 5; 1],0.016,,,,,,,,0,0,,,,,,,
butterfly,10,UPDATE,0.7,0.5,UPDATE,,,[0|1|2|3|4 -> 0 -> 0|1|2|3|4],[0|1|2|3|4 -> 0 -> 0|1|2|3|4],[3; 3; 3],0.012,,,,,,,,0,0,,,,,,,
butterfly,10,UPDATE,0.7,0.8,UPDATE,,,[0|1|2|3|4 -> 0 -> 0|1|2|3|4],[0|1|2|3|4 -> 0 -> 0|1|2|3|4],[3; 3; 3; 1; 2],0.016,,,,FALSE,0.106,,,15,0,,,,,,,
butterfly,10,NOOP,0.4,0.2,CREATE_DELETE,,,[0|1|2|3|4 -> 0 -> 0|1|2|3|4],[0|1|2|3|4 -> 0 -> 0|1|2|3|4],[3; 1; 5; 1],0.016,,,,,,,,0,0,,,,,,,
butterfly,10,NOOP,0.4,0.5,CREATE_DELETE,,,[0|1|2|3|4 -> 0 -> 0|1|2|3|4],[0|1|2|3|4 -> 0 -> 0|1|2|3|4],[3; 1; 3; 1; 1],0.016,,,,,,,,0,0,,,,,,,
butterfly,10,NOOP,0.4,0.8,CREATE_DELETE,,,[0|1|2|3|4 -> 0 -> 0|1|2|3|4],[0|1|2|3|4 -> 0 -> 0|1|2|3|4],[1; 1; 2],0.016,,TRUE,0.239,TRUE,0.225,0,0.4,0,0,,,,,,,
butterfly,10,NOOP,0.4,0.2,DELETE_CREATE,,,[0|1|2|3|4 -> 0 -> 0|1|2|3|4],[0|1|2|3|4 -> 0 -> 0|1|2|3|4],[2; 2; 5],0.016,,,,FALSE,0.055,,,5,0,,,,,,,
butterfly,10,NOOP,0.4,0.5,DELETE_CREATE,,,[0|1|2|3|4 -> 0 -> 0|1|2|3|4],[0|1|2|3|4 -> 0 -> 0|1|2|3|4],[2; 1; 3; 3; 1; 1],0.016,,,,,,,,0,0,,,,,,,
butterfly,10,NOOP,0.4,0.8,DELETE_CREATE,,,[0|1|2|3|4 -> 0 -> 0|1|2|3|4],[0|1|2|3|4 -> 0 -> 0|1|2|3|4],[6; 1; 2; 1; 1; 4],0.016,,,,,,,,0,0,,,,,,,
butterfly,10,NOOP,0.4,0.2,NOOP,,,[0|1|2|3|4 -> 0 -> 0|1|2|3|4],[0|1|2|3|4 -> 0 -> 0|1|2|3|4],[5; 5; 1],0.016,,,,FALSE,0.086,,,2,0,,,,,,,
butterfly,10,NOOP,0.4,0.5,NOOP,,,[0|1|2|3|4 -> 0 -> 0|1|2|3|4],[0|1|2|3|4 -> 0 -> 0|1|2|3|4],[6; 3; 3],0.016,,,,,,,,0,0,,,,,,,
butterfly,10,NOOP,0.4,0.8,NOOP,,,[0|1|2|3|4 -> 0 -> 0|1|2|3|4],[0|1|2|3|4 -> 0 -> 0|1|2|3|4],[7; 4],0.016,,,,FALSE,0.125,,,12,0,,,,,,,
butterfly,10,NOOP,0.4,0.2,UPDATE,,,[0|1|2|3|4 -> 0 -> 0|1|2|3|4],[0|1|2|3|4 -> 0 -> 0|1|2|3|4],[4; 1; 4; 1; 1],0.016,,,,,,,,0,0,,,,,,,
butterfly,10,NOOP,0.4,0.5,UPDATE,,,[0|1|2|3|4 -> 0 -> 0|1|2|3|4],[0|1|2|3|4 -> 0 -> 0|1|2|3|4],[2; 1; 2; 1; 1],0.016,,TRUE,4.989,TRUE,5.028,0,11.81,0,0,,,,,,,
butterfly,10,NOOP,0.4,0.8,UPDATE,,,[0|1|2|3|4 -> 0 -> 0|1|2|3|4],[0|1|2|3|4 -> 0 -> 0|1|2|3|4],[5; 1; 2; 1; 1],0.016,,,,,,,,0,0,,,,,,,
butterfly,10,NOOP,0.7,0.2,CREATE_DELETE,,,[0|1|2|3|4 -> 0 -> 0|1|2|3|4],[0|1|2|3|4 -> 0 -> 0|1|2|3|4],[1; 1; 3; 2; 1; 1],0.016,,TRUE,176.035,TRUE,175.348,0,512.372,0,0,,,,,,,
butterfly,10,NOOP,0.7,0.5,CREATE_DELETE,,,[0|1|2|3|4 -> 0 -> 0|1|2|3|4],[0|1|2|3|4 -> 0 -> 0|1|2|3|4],[1; 1; 2; 1; 1],0.016,,TRUE,1.147,TRUE,1.219,0,1.883,0,0,,,,,,,
butterfly,10,NOOP,0.7,0.8,CREATE_DELETE,,,[0|1|2|3|4 -> 0 -> 0|1|2|3|4],[0|1|2|3|4 -> 0 -> 0|1|2|3|4],[3; 1; 2; 1],0.016,,TRUE,59.711,TRUE,59.773,0,185.889,0,0,,,,,,,
butterfly,10,NOOP,0.7,0.2,DELETE_CREATE,,,[0|1|2|3|4 -> 0 -> 0|1|2|3|4],[0|1|2|3|4 -> 0 -> 0|1|2|3|4],[3; 1; 4; 1; 1; 1],0.016,,,,,,,,0,0,,,,,,,
butterfly,10,NOOP,0.7,0.5,DELETE_CREATE,,,[0|1|2|3|4 -> 0 -> 0|1|2|3|4],[0|1|2|3|4 -> 0 -> 0|1|2|3|4],[1; 1; 1; 1; 1; 1],0.016,,TRUE,0.071,FALSE,0.045,16,0.229,8,0,,,,,,,
butterfly,10,NOOP,0.7,0.8,DELETE_CREATE,,,[0|1|2|3|4 -> 0 -> 0|1|2|3|4],[0|1|2|3|4 -> 0 -> 0|1|2|3|4],[3; 1; 2; 1],0.016,,TRUE,196.004,FALSE,0.087,8,290.099,4,0,,,,,,,
butterfly,10,NOOP,0.7,0.2,NOOP,,,[0|1|2|3|4 -> 0 -> 0|1|2|3|4],[0|1|2|3|4 -> 0 -> 0|1|2|3|4],[2; 2],0.016,,TRUE,1.66,TRUE,1.536,0,1.113,0,0,,,,,,,
butterfly,10,NOOP,0.7,0.5,NOOP,,,[0|1|2|3|4 -> 0 -> 0|1|2|3|4],[0|1|2|3|4 -> 0 -> 0|1|2|3|4],[2; 1],0.016,,TRUE,0.549,TRUE,0.554,0,0.567,0,0,,,,,,,
butterfly,10,NOOP,0.7,0.8,NOOP,,,[0|1|2|3|4 -> 0 -> 0|1|2|3|4],[0|1|2|3|4 -> 0 -> 0|1|2|3|4],[3; 1; 2],0.016,,TRUE,115.048,TRUE,115.593,0,161.845,0,0,,,,,,,
butterfly,10,NOOP,0.7,0.2,UPDATE,,,[0|1|2|3|4 -> 0 -> 0|1|2|3|4],[0|1|2|3|4 -> 0 -> 0|1|2|3|4],[2; 1; 2; 1; 1],0.016,,TRUE,18.143,TRUE,18.051,0,23.697,0,0,,,,,,,
butterfly,10,NOOP,0.7,0.5,UPDATE,,,[0|1|2|3|4 -> 0 -> 0|1|2|3|4],[0|1|2|3|4 -> 0 -> 0|1|2|3|4],[1; 1; 1; 1; 1],0.016,,TRUE,0.121,TRUE,0.112,0,0.212,0,0,,,,,,,
butterfly,10,NOOP,0.7,0.8,UPDATE,,,[0|1|2|3|4 -> 0 -> 0|1|2|3|4],[0|1|2|3|4 -> 0 -> 0|1|2|3|4],[2; 1; 1; 1],0.016,,TRUE,1.074,FALSE,0.061,12,1.401,6,0,,,,,,,
butterfly,10,DELETE_CREATE,0.4,0.2,CREATE_DELETE,,,[0|1|2|3|4 -> 0 -> 0|1|2|3|4],[0|1|2|3|4 -> 0 -> 0|1|2|3|4],[4; 1; 5; 2; 1; 2],0.016,,,,,,,,0,0,,,,,,,
butterfly,10,DELETE_CREATE,0.4,0.5,CREATE_DELETE,,,[0|1|2|3|4 -> 0 -> 0|1|2|3|4],[0|1|2|3|4 -> 0 -> 0|1|2|3|4],[5; 1; 4; 1; 1; 3],0.016,,,,,,,,0,0,,,,,,,
butterfly,10,DELETE_CREATE,0.4,0.8,CREATE_DELETE,,,[0|1|2|3|4 -> 0 -> 0|1|2|3|4],[0|1|2|3|4 -> 0 -> 0|1|2|3|4],[4; 1; 2; 3],0.016,,,,,,,,0,0,,,,,,,
butterfly,10,DELETE_CREATE,0.4,0.2,DELETE_CREATE,,,[0|1|2|3|4 -> 0 -> 0|1|2|3|4],[0|1|2|3|4 -> 0 -> 0|1|2|3|4],[2; 1; 5; 4; 1; 1],0.016,,,,,,,,0,0,,,,,,,
butterfly,10,DELETE_CREATE,0.4,0.5,DELETE_CREATE,,,[0|1|2|3|4 -> 0 -> 0|1|2|3|4],[0|1|2|3|4 -> 0 -> 0|1|2|3|4],[6; 1; 4; 1; 1; 3],0.016,,,,,,,,0,0,,,,,,,
butterfly,10,DELETE_CREATE,0.4,0.8,DELETE_CREATE,,,[0|1|2|3|4 -> 0 -> 0|1|2|3|4],[0|1|2|3|4 -> 0 -> 0|1|2|3|4],[4; 1; 4; 3; 1; 2],0.016,,,,FALSE,0.086,,,12,0,,,,,,,
butterfly,10,DELETE_CREATE,0.4,0.2,NOOP,,,[0|1|2|3|4 -> 0 -> 0|1|2|3|4],[0|1|2|3|4 -> 0 -> 0|1|2|3|4],[6; 4; 1],0.016,,,,,,,,0,0,,,,,,,
butterfly,10,DELETE_CREATE,0.4,0.5,NOOP,,,[0|1|2|3|4 -> 0 -> 0|1|2|3|4],[0|1|2|3|4 -> 0 -> 0|1|2|3|4],[9; 3; 4],0.016,,,,,,,,0,0,,,,,,,
butterfly,10,DELETE_CREATE,0.4,0.8,NOOP,,,[0|1|2|3|4 -> 0 -> 0|1|2|3|4],[0|1|2|3|4 -> 0 -> 0|1|2|3|4],[7; 2; 2],0.016,,,,,,,,0,0,,,,,,,
butterfly,10,DELETE_CREATE,0.4,0.2,UPDATE,,,[0|1|2|3|4 -> 0 -> 0|1|2|3|4],[0|1|2|3|4 -> 0 -> 0|1|2|3|4],[4; 1; 1; 1; 5],0.016,,,,FALSE,0.066,,,2,0,,,,,,,
butterfly,10,DELETE_CREATE,0.4,0.5,UPDATE,,,[0|1|2|3|4 -> 0 -> 0|1|2|3|4],[0|1|2|3|4 -> 0 -> 0|1|2|3|4],[5; 1; 4; 1; 2],0.016,,,,,,,,0,0,,,,,,,
butterfly,10,DELETE_CREATE,0.4,0.8,UPDATE,,,[0|1|2|3|4 -> 0 -> 0|1|2|3|4],[0|1|2|3|4 -> 0 -> 0|1|2|3|4],[4; 3; 2; 1; 2],0.016,,,,FALSE,0.103,,,10,0,,,,,,,
butterfly,10,DELETE_CREATE,0.7,0.2,CREATE_DELETE,,,[0|1|2|3|4 -> 0 -> 0|1|2|3|4],[0|1|2|3|4 -> 0 -> 0|1|2|3|4],[6; 1; 6; 1],0.016,,,,,,,,0,0,,,,,,,
butterfly,10,DELETE_CREATE,0.7,0.5,CREATE_DELETE,,,[0|1|2|3|4 -> 0 -> 0|1|2|3|4],[0|1|2|3|4 -> 0 -> 0|1|2|3|4],[9; 1; 6; 3],0.02,,,,,,,,0,0,,,,,,,
butterfly,10,DELETE_CREATE,0.7,0.8,CREATE_DELETE,,,[0|1|2|3|4 -> 0 -> 0|1|2|3|4],[0|1|2|3|4 -> 0 -> 0|1|2|3|4],[6; 1; 3; 4],0.016,,,,,,,,0,0,,,,,,,
butterfly,10,DELETE_CREATE,0.7,0.2,DELETE_CREATE,,,[0|1|2|3|4 -> 0 -> 0|1|2|3|4],[0|1|2|3|4 -> 0 -> 0|1|2|3|4],[5; 1; 1; 5],0.016,,,,FALSE,0.088,,,1,0,,,,,,,
butterfly,10,DELETE_CREATE,0.7,0.5,DELETE_CREATE,,,[0|1|2|3|4 -> 0 -> 0|1|2|3|4],[0|1|2|3|4 -> 0 -> 0|1|2|3|4],[6; 1; 4; 1; 1; 3],0.016,,,,,,,,0,0,,,,,,,
butterfly,10,DELETE_CREATE,0.7,0.8,DELETE_CREATE,,,[0|1|2|3|4 -> 0 -> 0|1|2|3|4],[0|1|2|3|4 -> 0 -> 0|1|2|3|4],[6; 1; 2; 1; 1; 3],0.016,,,,,,,,0,0,,,,,,,
butterfly,10,DELETE_CREATE,0.7,0.2,NOOP,,,[0|1|2|3|4 -> 0 -> 0|1|2|3|4],[0|1|2|3|4 -> 0 -> 0|1|2|3|4],[5; 6; 1],0.016,,,,FALSE,0.104,,,1,0,,,,,,,
butterfly,10,DELETE_CREATE,0.7,0.5,NOOP,,,[0|1|2|3|4 -> 0 -> 0|1|2|3|4],[0|1|2|3|4 -> 0 -> 0|1|2|3|4],[6; 8; 3],0.016,,,,FALSE,0.131,,,3,0,,,,,,,
butterfly,10,DELETE_CREATE,0.7,0.8,NOOP,,,[0|1|2|3|4 -> 0 -> 0|1|2|3|4],[0|1|2|3|4 -> 0 -> 0|1|2|3|4],[3; 6; 4],0.016,,,,FALSE,0.099,,,20,0,,,,,,,
butterfly,10,DELETE_CREATE,0.7,0.2,UPDATE,,,[0|1|2|3|4 -> 0 -> 0|1|2|3|4],[0|1|2|3|4 -> 0 -> 0|1|2|3|4],[4; 1; 5; 2; 1],0.016,,,,,,,,0,0,,,,,,,
butterfly,10,DELETE_CREATE,0.7,0.5,UPDATE,,,[0|1|2|3|4 -> 0 -> 0|1|2|3|4],[0|1|2|3|4 -> 0 -> 0|1|2|3|4],[6; 4; 4; 1; 5],0.016,,,,FALSE,0.117,,,4,0,,,,,,,
butterfly,10,DELETE_CREATE,0.7,0.8,UPDATE,,,[0|1|2|3|4 -> 0 -> 0|1|2|3|4],[0|1|2|3|4 -> 0 -> 0|1|2|3|4],[4; 3; 3; 1; 2],0.016,,,,FALSE,0.095,,,12,0,,,,,,,
butterfly,10,CREATE_DELETE,0.4,0.2,CREATE_DELETE,,,[0|1|2|3|4 -> 0 -> 0|1|2|3|4],[0|1|2|3|4 -> 0 -> 0|1|2|3|4],[2; 1; 5; 3; 1; 1],0.016,,,,,,,,0,0,,,,,,,
butterfly,10,CREATE_DELETE,0.4,0.5,CREATE_DELETE,,,[0|1|2|3|4 -> 0 -> 0|1|2|3|4],[0|1|2|3|4 -> 0 -> 0|1|2|3|4],[4; 1; 5; 5; 1; 4],0.016,,,,,,,,0,0,,,,,,,
butterfly,10,CREATE_DELETE,0.4,0.8,CREATE_DELETE,,,[0|1|2|3|4 -> 0 -> 0|1|2|3|4],[0|1|2|3|4 -> 0 -> 0|1|2|3|4],[5; 1; 2; 2; 1; 5],0.016,,,,,,,,0,0,,,,,,,
butterfly,10,CREATE_DELETE,0.4,0.2,DELETE_CREATE,,,[0|1|2|3|4 -> 0 -> 0|1|2|3|4],[0|1|2|3|4 -> 0 -> 0|1|2|3|4],[2; 1; 5; 3; 1; 1],0.016,,,,,,,,0,0,,,,,,,
butterfly,10,CREATE_DELETE,0.4,0.5,DELETE_CREATE,,,[0|1|2|3|4 -> 0 -> 0|1|2|3|4],[0|1|2|3|4 -> 0 -> 0|1|2|3|4],[3; 1; 3; 2; 1; 2],0.016,,,,,,,,0,0,,,,,,,
butterfly,10,CREATE_DELETE,0.4,0.8,DELETE_CREATE,,,[0|1|2|3|4 -> 0 -> 0|1|2|3|4],[0|1|2|3|4 -> 0 -> 0|1|2|3|4],[6; 1; 2; 1; 1; 5],0.016,,,,,,,,0,0,,,,,,,
butterfly,10,CREATE_DELETE,0.4,0.2,NOOP,,,[0|1|2|3|4 -> 0 -> 0|1|2|3|4],[0|1|2|3|4 -> 0 -> 0|1|2|3|4],[6; 5; 1],0.016,,,,,,,,0,0,,,,,,,
butterfly,10,CREATE_DELETE,0.4,0.5,NOOP,,,[0|1|2|3|4 -> 0 -> 0|1|2|3|4],[0|1|2|3|4 -> 0 -> 0|1|2|3|4],[8; 3; 2],0.016,,,,,,,,0,0,,,,,,,
butterfly,10,CREATE_DELETE,0.4,0.8,NOOP,,,[0|1|2|3|4 -> 0 -> 0|1|2|3|4],[0|1|2|3|4 -> 0 -> 0|1|2|3|4],[7; 2; 3],0.016,,,,,,,,0,0,,,,,,,
butterfly,10,CREATE_DELETE,0.4,0.2,UPDATE,,,[0|1|2|3|4 -> 0 -> 0|1|2|3|4],[0|1|2|3|4 -> 0 -> 0|1|2|3|4],[4; 2; 5],0.016,,,,,,,,0,0,,,,,,,
butterfly,10,CREATE_DELETE,0.4,0.5,UPDATE,,,[0|1|2|3|4 -> 0 -> 0|1|2|3|4],[0|1|2|3|4 -> 0 -> 0|1|2|3|4],[4; 1; 5; 4; 4],0.016,,,,,,,,0,0,,,,,,,
butterfly,10,CREATE_DELETE,0.4,0.8,UPDATE,,,[0|1|2|3|4 -> 0 -> 0|1|2|3|4],[0|1|2|3|4 -> 0 -> 0|1|2|3|4],[5; 3; 1; 2],0.016,,,,FALSE,0.113,,,6,0,,,,,,,
butterfly,10,CREATE_DELETE,0.7,0.2,CREATE_DELETE,,,[0|1|2|3|4 -> 0 -> 0|1|2|3|4],[0|1|2|3|4 -> 0 -> 0|1|2|3|4],[3; 1; 5; 3; 1; 1],0.016,,,,,,,,0,0,,,,,,,
butterfly,10,CREATE_DELETE,0.7,0.5,CREATE_DELETE,,,[0|1|2|3|4 -> 0 -> 0|1|2|3|4],[0|1|2|3|4 -> 0 -> 0|1|2|3|4],[4; 1; 4; 3; 1; 2],0.016,,,,,,,,0,0,,,,,,,
butterfly,10,CREATE_DELETE,0.7,0.8,CREATE_DELETE,,,[0|1|2|3|4 -> 0 -> 0|1|2|3|4],[0|1|2|3|4 -> 0 -> 0|1|2|3|4],[5; 1; 2; 2; 1; 5],0.02,,,,,,,,0,0,,,,,,,
butterfly,10,CREATE_DELETE,0.7,0.2,DELETE_CREATE,,,[0|1|2|3|4 -> 0 -> 0|1|2|3|4],[0|1|2|3|4 -> 0 -> 0|1|2|3|4],[2; 1; 5; 4; 1; 2],0.016,,,,,,,,0,0,,,,,,,
butterfly,10,CREATE_DELETE,0.7,0.5,DELETE_CREATE,,,[0|1|2|3|4 -> 0 -> 0|1|2|3|4],[0|1|2|3|4 -> 0 -> 0|1|2|3|4],[4; 1; 5; 4; 1; 3],0.016,,,,,,,,0,0,,,,,,,
butterfly,10,CREATE_DELETE,0.7,0.8,DELETE_CREATE,,,[0|1|2|3|4 -> 0 -> 0|1|2|3|4],[0|1|2|3|4 -> 0 -> 0|1|2|3|4],[5; 1; 4; 1; 1; 2],0.02,,,,FALSE,0.126,,,8,0,,,,,,,
butterfly,10,CREATE_DELETE,0.7,0.2,NOOP,,,[0|1|2|3|4 -> 0 -> 0|1|2|3|4],[0|1|2|3|4 -> 0 -> 0|1|2|3|4],[6; 4; 1],0.016,,,,,,,,0,0,,,,,,,
butterfly,10,CREATE_DELETE,0.7,0.5,NOOP,,,[0|1|2|3|4 -> 0 -> 0|1|2|3|4],[0|1|2|3|4 -> 0 -> 0|1|2|3|4],[9; 5; 3],0.016,,,,,,,,0,0,,,,,,,
butterfly,10,CREATE_DELETE,0.7,0.8,NOOP,,,[0|1|2|3|4 -> 0 -> 0|1|2|3|4],[0|1|2|3|4 -> 0 -> 0|1|2|3|4],[7; 2; 5],0.016,,,,,,,,0,0,,,,,,,
butterfly,10,CREATE_DELETE,0.7,0.2,UPDATE,,,[0|1|2|3|4 -> 0 -> 0|1|2|3|4],[0|1|2|3|4 -> 0 -> 0|1|2|3|4],[3; 1; 5; 4; 2],0.016,,,,,,,,0,0,,,,,,,
butterfly,10,CREATE_DELETE,0.7,0.5,UPDATE,,,[0|1|2|3|4 -> 0 -> 0|1|2|3|4],[0|1|2|3|4 -> 0 -> 0|1|2|3|4],[4; 1; 5; 4; 4],0.016,,,,,,,,0,0,,,,,,,
butterfly,10,CREATE_DELETE,0.7,0.8,UPDATE,,,[0|1|2|3|4 -> 0 -> 0|1|2|3|4],[0|1|2|3|4 -> 0 -> 0|1|2|3|4],[5; 1; 2; 2; 5],0.016,,,,,,,,0,0,,,,,,,
butterfly,15,UPDATE,0.4,0.2,CREATE_DELETE,,,[0|1|2|3|4|5|6 -> 0 -> 0|1|2|3|4|5|6],[0|1|2|3|4|5|6 -> 0 -> 0|1|2|3|4|5|6],[4; 1; 7; 1; 1; 2],0.072,,,,,,,,0,0,,,,,,,
butterfly,15,UPDATE,0.4,0.5,CREATE_DELETE,,,[0|1|2|3|4|5|6 -> 0 -> 0|1|2|3|4|5|6],[0|1|2|3|4|5|6 -> 0 -> 0|1|2|3|4|5|6],[7; 1; 7; 4; 1; 2],0.064,,,,,,,,0,0,,,,,,,
butterfly,15,UPDATE,0.4,0.8,CREATE_DELETE,,,[0|1|2|3|4|5|6 -> 0 -> 0|1|2|3|4|5|6],[0|1|2|3|4|5|6 -> 0 -> 0|1|2|3|4|5|6],[7; 1; 3; 2; 1; 6],0.072,,,,,,,,0,0,,,,,,,
butterfly,15,UPDATE,0.4,0.2,DELETE_CREATE,,,[0|1|2|3|4|5|6 -> 0 -> 0|1|2|3|4|5|6],[0|1|2|3|4|5|6 -> 0 -> 0|1|2|3|4|5|6],[3; 1; 7; 2; 1; 1],0.068,,,,,,,,0,0,,,,,,,
butterfly,15,UPDATE,0.4,0.5,DELETE_CREATE,,,[0|1|2|3|4|5|6 -> 0 -> 0|1|2|3|4|5|6],[0|1|2|3|4|5|6 -> 0 -> 0|1|2|3|4|5|6],[8; 1; 6; 3; 1; 4],0.072,,,,,,,,0,0,,,,,,,
butterfly,15,UPDATE,0.4,0.8,DELETE_CREATE,,,[0|1|2|3|4|5|6 -> 0 -> 0|1|2|3|4|5|6],[0|1|2|3|4|5|6 -> 0 -> 0|1|2|3|4|5|6],[6; 1; 4; 2; 1; 2],0.072,,,,FALSE,1.267,,,18,0,,,,,,,
butterfly,15,UPDATE,0.4,0.2,NOOP,,,[0|1|2|3|4|5|6 -> 0 -> 0|1|2|3|4|5|6],[0|1|2|3|4|5|6 -> 0 -> 0|1|2|3|4|5|6],[9; 4],0.068,,,,,,,,0,0,,,,,,,
butterfly,15,UPDATE,0.4,0.5,NOOP,,,[0|1|2|3|4|5|6 -> 0 -> 0|1|2|3|4|5|6],[0|1|2|3|4|5|6 -> 0 -> 0|1|2|3|4|5|6],[10; 4; 1],0.068,,,,,,,,0,0,,,,,,,
butterfly,15,UPDATE,0.4,0.8,NOOP,,,[0|1|2|3|4|5|6 -> 0 -> 0|1|2|3|4|5|6],[0|1|2|3|4|5|6 -> 0 -> 0|1|2|3|4|5|6],[10; 2; 4],0.068,,,,,,,,0,0,,,,,,,
butterfly,15,UPDATE,0.4,0.2,UPDATE,,,[0|1|2|3|4|5|6 -> 0 -> 0|1|2|3|4|5|6],[0|1|2|3|4|5|6 -> 0 -> 0|1|2|3|4|5|6],[3; 1; 7; 1; 1],0.068,,,,,,,,0,0,,,,,,,
butterfly,15,UPDATE,0.4,0.5,UPDATE,,,[0|1|2|3|4|5|6 -> 0 -> 0|1|2|3|4|5|6],[0|1|2|3|4|5|6 -> 0 -> 0|1|2|3|4|5|6],[5; 1; 6],0.068,,,,,,,,0,0,,,,,,,
butterfly,15,UPDATE,0.4,0.8,UPDATE,,,[0|1|2|3|4|5|6 -> 0 -> 0|1|2|3|4|5|6],[0|1|2|3|4|5|6 -> 0 -> 0|1|2|3|4|5|6],[7; 3; 1; 2],0.064,,,,FALSE,1.08,,,8,0,,,,,,,
butterfly,15,UPDATE,0.7,0.2,CREATE_DELETE,,,[0|1|2|3|4|5|6 -> 0 -> 0|1|2|3|4|5|6],[0|1|2|3|4|5|6 -> 0 -> 0|1|2|3|4|5|6],[2; 1; 8],0.064,,,,,,,,0,0,,,,,,,
butterfly,15,UPDATE,0.7,0.5,CREATE_DELETE,,,[0|1|2|3|4|5|6 -> 0 -> 0|1|2|3|4|5|6],[0|1|2|3|4|5|6 -> 0 -> 0|1|2|3|4|5|6],[7; 1; 7; 2; 1; 1],0.068,,,,,,,,0,0,,,,,,,
butterfly,15,UPDATE,0.7,0.8,CREATE_DELETE,,,[0|1|2|3|4|5|6 -> 0 -> 0|1|2|3|4|5|6],[0|1|2|3|4|5|6 -> 0 -> 0|1|2|3|4|5|6],[8; 1; 4],0.064,,,,,,,,0,0,,,,,,,
butterfly,15,UPDATE,0.7,0.2,DELETE_CREATE,,,[0|1|2|3|4|5|6 -> 0 -> 0|1|2|3|4|5|6],[0|1|2|3|4|5|6 -> 0 -> 0|1|2|3|4|5|6],[3; 1; 7; 2; 1; 1],0.068,,,,,,,,0,0,,,,,,,
butterfly,15,UPDATE,0.7,0.5,DELETE_CREATE,,,[0|1|2|3|4|5|6 -> 0 -> 0|1|2|3|4|5|6],[0|1|2|3|4|5|6 -> 0 -> 0|1|2|3|4|5|6],[6; 1; 2; 2; 1; 7],0.072,,,,FALSE,0.631,,,15,0,,,,,,,
butterfly,15,UPDATE,0.7,0.8,DELETE_CREATE,,,[0|1|2|3|4|5|6 -> 0 -> 0|1|2|3|4|5|6],[0|1|2|3|4|5|6 -> 0 -> 0|1|2|3|4|5|6],[4; 5; 4; 1; 3],0.064,,,,FALSE,0.47,,,35,0,,,,,,,
butterfly,15,UPDATE,0.7,0.2,NOOP,,,[0|1|2|3|4|5|6 -> 0 -> 0|1|2|3|4|5|6],[0|1|2|3|4|5|6 -> 0 -> 0|1|2|3|4|5|6],[9; 3; 1],0.068,,,,,,,,0,0,,,,,,,
butterfly,15,UPDATE,0.7,0.5,NOOP,,,[0|1|2|3|4|5|6 -> 0 -> 0|1|2|3|4|5|6],[0|1|2|3|4|5|6 -> 0 -> 0|1|2|3|4|5|6],[8; 2; 1],0.064,,,,FALSE,0.584,,,7,0,,,,,,,
butterfly,15,UPDATE,0.7,0.8,NOOP,,,[0|1|2|3|4|5|6 -> 0 -> 0|1|2|3|4|5|6],[0|1|2|3|4|5|6 -> 0 -> 0|1|2|3|4|5|6],[8; 4; 2],0.068,,,,FALSE,0.819,,,14,0,,,,,,,
butterfly,15,UPDATE,0.7,0.2,UPDATE,,,[0|1|2|3|4|5|6 -> 0 -> 0|1|2|3|4|5|6],[0|1|2|3|4|5|6 -> 0 -> 0|1|2|3|4|5|6],[3; 1; 7; 2; 1],0.068,,,,,,,,0,0,,,,,,,
butterfly,15,UPDATE,0.7,0.5,UPDATE,,,[0|1|2|3|4|5|6 -> 0 -> 0|1|2|3|4|5|6],[0|1|2|3|4|5|6 -> 0 -> 0|1|2|3|4|5|6],[7; 3; 7],0.068,,,,,,,,0,0,,,,,,,
butterfly,15,UPDATE,0.7,0.8,UPDATE,,,[0|1|2|3|4|5|6 -> 0 -> 0|1|2|3|4|5|6],[0|1|2|3|4|5|6 -> 0 -> 0|1|2|3|4|5|6],[7; 1; 3; 1],0.064,,,,,,,,0,0,,,,,,,
butterfly,15,NOOP,0.4,0.2,CREATE_DELETE,,,[0|1|2|3|4|5|6 -> 0 -> 0|1|2|3|4|5|6],[0|1|2|3|4|5|6 -> 0 -> 0|1|2|3|4|5|6],[3; 1; 7; 4; 1; 1],0.072,,,,,,,,0,0,,,,,,,
butterfly,15,NOOP,0.4,0.5,CREATE_DELETE,,,[0|1|2|3|4|5|6 -> 0 -> 0|1|2|3|4|5|6],[0|1|2|3|4|5|6 -> 0 -> 0|1|2|3|4|5|6],[5; 1; 5; 2; 1; 2],0.072,,,,,,,,0,0,,,,,,,
butterfly,15,NOOP,0.4,0.8,CREATE_DELETE,,,[0|1|2|3|4|5|6 -> 0 -> 0|1|2|3|4|5|6],[0|1|2|3|4|5|6 -> 0 -> 0|1|2|3|4|5|6],[6; 1; 2; 1; 1; 4],0.068,,,,,,,,0,0,,,,,,,
butterfly,15,NOOP,0.4,0.2,DELETE_CREATE,,,[0|1|2|3|4|5|6 -> 0 -> 0|1|2|3|4|5|6],[0|1|2|3|4|5|6 -> 0 -> 0|1|2|3|4|5|6],[3; 1; 7; 3; 1],0.068,,,,,,,,0,0,,,,,,,
butterfly,15,NOOP,0.4,0.5,DELETE_CREATE,,,[0|1|2|3|4|5|6 -> 0 -> 0|1|2|3|4|5|6],[0|1|2|3|4|5|6 -> 0 -> 0|1|2|3|4|5|6],[6; 1; 4; 1; 1; 2],0.072,,,,,,,,0,0,,,,,,,
butterfly,15,NOOP,0.4,0.8,DELETE_CREATE,,,[0|1|2|3|4|5|6 -> 0 -> 0|1|2|3|4|5|6],[0|1|2|3|4|5|6 -> 0 -> 0|1|2|3|4|5|6],[6; 1; 2; 1; 1; 6],0.068,,,,,,,,0,0,,,,,,,
butterfly,15,NOOP,0.4,0.2,NOOP,,,[0|1|2|3|4|5|6 -> 0 -> 0|1|2|3|4|5|6],[0|1|2|3|4|5|6 -> 0 -> 0|1|2|3|4|5|6],[9; 6],0.068,,,,,,,,0,0,,,,,,,
butterfly,15,NOOP,0.4,0.5,NOOP,,,[0|1|2|3|4|5|6 -> 0 -> 0|1|2|3|4|5|6],[0|1|2|3|4|5|6 -> 0 -> 0|1|2|3|4|5|6],[5; 2; 1],0.068,,,,FALSE,0.471,,,7,0,,,,,,,
butterfly,15,NOOP,0.4,0.8,NOOP,,,[0|1|2|3|4|5|6 -> 0 -> 0|1|2|3|4|5|6],[0|1|2|3|4|5|6 -> 0 -> 0|1|2|3|4|5|6],[6; 1; 2],0.064,,,,,,,,0,0,,,,,,,
butterfly,15,NOOP,0.4,0.2,UPDATE,,,[0|1|2|3|4|5|6 -> 0 -> 0|1|2|3|4|5|6],[0|1|2|3|4|5|6 -> 0 -> 0|1|2|3|4|5|6],[4; 1; 7; 3; 1],0.068,,,,,,,,0,0,,,,,,,
butterfly,15,NOOP,0.4,0.5,UPDATE,,,[0|1|2|3|4|5|6 -> 0 -> 0|1|2|3|4|5|6],[0|1|2|3|4|5|6 -> 0 -> 0|1|2|3|4|5|6],[4; 1; 3; 1; 2],0.064,,,,,,,,0,0,,,,,,,
butterfly,15,NOOP,0.4,0.8,UPDATE,,,[0|1|2|3|4|5|6 -> 0 -> 0|1|2|3|4|5|6],[0|1|2|3|4|5|6 -> 0 -> 0|1|2|3|4|5|6],[5; 1; 2; 1; 1],0.068,,,,,,,,0,0,,,,,,,
butterfly,15,NOOP,0.7,0.2,CREATE_DELETE,,,[0|1|2|3|4|5|6 -> 0 -> 0|1|2|3|4|5|6],[0|1|2|3|4|5|6 -> 0 -> 0|1|2|3|4|5|6],[3; 1; 4; 1; 1; 1],0.072,,,,,,,,0,0,,,,,,,
butterfly,15,NOOP,0.7,0.5,CREATE_DELETE,,,[0|1|2|3|4|5|6 -> 0 -> 0|1|2|3|4|5|6],[0|1|2|3|4|5|6 -> 0 -> 0|1|2|3|4|5|6],[2; 1; 2; 1],0.068,,TRUE,40.877,TRUE,41.262,0,47.442,0,0,,,,,,,
butterfly,15,NOOP,0.7,0.8,CREATE_DELETE,,,[0|1|2|3|4|5|6 -> 0 -> 0|1|2|3|4|5|6],[0|1|2|3|4|5|6 -> 0 -> 0|1|2|3|4|5|6],[5; 1; 3; 2],0.068,,,,,,,,0,0,,,,,,,
butterfly,15,NOOP,0.7,0.2,DELETE_CREATE,,,[0|1|2|3|4|5|6 -> 0 -> 0|1|2|3|4|5|6],[0|1|2|3|4|5|6 -> 0 -> 0|1|2|3|4|5|6],[1; 1; 1; 1; 1],0.068,,TRUE,0.757,TRUE,0.599,0,1.054,0,0,,,,,,,
butterfly,15,NOOP,0.7,0.5,DELETE_CREATE,,,[0|1|2|3|4|5|6 -> 0 -> 0|1|2|3|4|5|6],[0|1|2|3|4|5|6 -> 0 -> 0|1|2|3|4|5|6],[2; 1; 1],0.068,,TRUE,1.631,FALSE,0.246,14,1.825,7,0,,,,,,,
butterfly,15,NOOP,0.7,0.8,DELETE_CREATE,,,[0|1|2|3|4|5|6 -> 0 -> 0|1|2|3|4|5|6],[0|1|2|3|4|5|6 -> 0 -> 0|1|2|3|4|5|6],[3; 1; 1; 1; 1; 3],0.068,,,,,,,,0,0,,,,,,,
butterfly,15,NOOP,0.7,0.2,NOOP,,,[0|1|2|3|4|5|6 -> 0 -> 0|1|2|3|4|5|6],[0|1|2|3|4|5|6 -> 0 -> 0|1|2|3|4|5|6],[2; 2],0.064,,TRUE,8.331,TRUE,8.322,0,5.4,0,0,,,,,,,
butterfly,15,NOOP,0.7,0.5,NOOP,,,[0|1|2|3|4|5|6 -> 0 -> 0|1|2|3|4|5|6],[0|1|2|3|4|5|6 -> 0 -> 0|1|2|3|4|5|6],[4; 2],0.068,,,,,,,,0,0,,,,,,,
butterfly,15,NOOP,0.7,0.8,NOOP,,,[0|1|2|3|4|5|6 -> 0 -> 0|1|2|3|4|5|6],[0|1|2|3|4|5|6 -> 0 -> 0|1|2|3|4|5|6],[2; 1],0.064,,TRUE,2.745,TRUE,2.989,0,2.99,0,0,,,,,,,
butterfly,15,NOOP,0.7,0.2,UPDATE,,,[0|1|2|3|4|5|6 -> 0 -> 0|1|2|3|4|5|6],[0|1|2|3|4|5|6 -> 0 -> 0|1|2|3|4|5|6],[1; 1; 3; 1],0.068,,TRUE,49.007,TRUE,48.553,0,78.933,0,0,,,,,,,
butterfly,15,NOOP,0.7,0.5,UPDATE,,,[0|1|2|3|4|5|6 -> 0 -> 0|1|2|3|4|5|6],[0|1|2|3|4|5|6 -> 0 -> 0|1|2|3|4|5|6],[5; 2; 3],0.064,,,,,,,,0,0,,,,,,,
butterfly,15,NOOP,0.7,0.8,UPDATE,,,[0|1|2|3|4|5|6 -> 0 -> 0|1|2|3|4|5|6],[0|1|2|3|4|5|6 -> 0 -> 0|1|2|3|4|5|6],[3; 3; 1; 1; 1],0.068,,,,FALSE,0.467,,,7,0,,,,,,,
butterfly,15,DELETE_CREATE,0.4,0.2,CREATE_DELETE,,,[0|1|2|3|4|5|6 -> 0 -> 0|1|2|3|4|5|6],[0|1|2|3|4|5|6 -> 0 -> 0|1|2|3|4|5|6],[4; 1; 7; 4; 1],0.064,,,,,,,,0,0,,,,,,,
butterfly,15,DELETE_CREATE,0.4,0.5,CREATE_DELETE,,,[0|1|2|3|4|5|6 -> 0 -> 0|1|2|3|4|5|6],[0|1|2|3|4|5|6 -> 0 -> 0|1|2|3|4|5|6],[6; 1; 5; 1],0.068,,,,,,,,0,0,,,,,,,
butterfly,15,DELETE_CREATE,0.4,0.8,CREATE_DELETE,,,[0|1|2|3|4|5|6 -> 0 -> 0|1|2|3|4|5|6],[0|1|2|3|4|5|6 -> 0 -> 0|1|2|3|4|5|6],[7; 1; 2; 1; 1; 6],0.068,,,,,,,,0,0,,,,,,,
butterfly,15,DELETE_CREATE,0.4,0.2,DELETE_CREATE,,,[0|1|2|3|4|5|6 -> 0 -> 0|1|2|3|4|5|6],[0|1|2|3|4|5|6 -> 0 -> 0|1|2|3|4|5|6],[6; 1; 7; 2; 1; 1],0.068,,,,,,,,0,0,,,,,,,
butterfly,15,DELETE_CREATE,0.4,0.5,DELETE_CREATE,,,[0|1|2|3|4|5|6 -> 0 -> 0|1|2|3|4|5|6],[0|1|2|3|4|5|6 -> 0 -> 0|1|2|3|4|5|6],[8; 1; 7; 4; 1; 4],0.068,,,,,,,,0,0,,,,,,,
butterfly,15,DELETE_CREATE,0.4,0.8,DELETE_CREATE,,,[0|1|2|3|4|5|6 -> 0 -> 0|1|2|3|4|5|6],[0|1|2|3|4|5|6 -> 0 -> 0|1|2|3|4|5|6],[8; 1; 3; 1; 1; 7],0.072,,,,,,,,0,0,,,,,,,
butterfly,15,DELETE_CREATE,0.4,0.2,NOOP,,,[0|1|2|3|4|5|6 -> 0 -> 0|1|2|3|4|5|6],[0|1|2|3|4|5|6 -> 0 -> 0|1|2|3|4|5|6],[8; 7; 1],0.068,,,,FALSE,0.677,,,3,0,,,,,,,
butterfly,15,DELETE_CREATE,0.4,0.5,NOOP,,,[0|1|2|3|4|5|6 -> 0 -> 0|1|2|3|4|5|6],[0|1|2|3|4|5|6 -> 0 -> 0|1|2|3|4|5|6],[13; 7; 5],0.068,,,,,,,,0,0,,,,,,,
butterfly,15,DELETE_CREATE,0.4,0.8,NOOP,,,[0|1|2|3|4|5|6 -> 0 -> 0|1|2|3|4|5|6],[0|1|2|3|4|5|6 -> 0 -> 0|1|2|3|4|5|6],[10; 3; 5],0.068,,,,,,,,0,0,,,,,,,
butterfly,15,DELETE_CREATE,0.4,0.2,UPDATE,,,[0|1|2|3|4|5|6 -> 0 -> 0|1|2|3|4|5|6],[0|1|2|3|4|5|6 -> 0 -> 0|1|2|3|4|5|6],[5; 2; 2; 1; 7],0.068,,,,FALSE,0.398,,,6,0,,,,,,,
butterfly,15,DELETE_CREATE,0.4,0.5,UPDATE,,,[0|1|2|3|4|5|6 -> 0 -> 0|1|2|3|4|5|6],[0|1|2|3|4|5|6 -> 0 -> 0|1|2|3|4|5|6],[6; 1; 6; 4; 2],0.072,,,,,,,,0,0,,,,,,,
butterfly,15,DELETE_CREATE,0.4,0.8,UPDATE,,,[0|1|2|3|4|5|6 -> 0 -> 0|1|2|3|4|5|6],[0|1|2|3|4|5|6 -> 0 -> 0|1|2|3|4|5|6],[4; 5; 5; 1; 3],0.068,,,,FALSE,0.539,,,30,0,,,,,,,
butterfly,15,DELETE_CREATE,0.7,0.2,CREATE_DELETE,,,[0|1|2|3|4|5|6 -> 0 -> 0|1|2|3|4|5|6],[0|1|2|3|4|5|6 -> 0 -> 0|1|2|3|4|5|6],[9; 1; 8; 2],0.072,,,,,,,,0,0,,,,,,,
butterfly,15,DELETE_CREATE,0.7,0.5,CREATE_DELETE,,,[0|1|2|3|4|5|6 -> 0 -> 0|1|2|3|4|5|6],[0|1|2|3|4|5|6 -> 0 -> 0|1|2|3|4|5|6],[13; 1; 8; 7],0.072,,,,,,,,0,0,,,,,,,
butterfly,15,DELETE_CREATE,0.7,0.8,CREATE_DELETE,,,[0|1|2|3|4|5|6 -> 0 -> 0|1|2|3|4|5|6],[0|1|2|3|4|5|6 -> 0 -> 0|1|2|3|4|5|6],[9; 1; 4; 6],0.068,,,,,,,,0,0,,,,,,,
butterfly,15,DELETE_CREATE,0.7,0.2,DELETE_CREATE,,,[0|1|2|3|4|5|6 -> 0 -> 0|1|2|3|4|5|6],[0|1|2|3|4|5|6 -> 0 -> 0|1|2|3|4|5|6],[8; 1; 7; 1; 1; 2],0.072,,,,,,,,0,0,,,,,,,
butterfly,15,DELETE_CREATE,0.7,0.5,DELETE_CREATE,,,[0|1|2|3|4|5|6 -> 0 -> 0|1|2|3|4|5|6],[0|1|2|3|4|5|6 -> 0 -> 0|1|2|3|4|5|6],[11; 1; 7; 1; 1; 4],0.072,,,,,,,,0,0,,,,,,,
butterfly,15,DELETE_CREATE,0.7,0.8,DELETE_CREATE,,,[0|1|2|3|4|5|6 -> 0 -> 0|1|2|3|4|5|6],[0|1|2|3|4|5|6 -> 0 -> 0|1|2|3|4|5|6],[3; 1; 7; 7; 1; 3],0.072,,,,FALSE,0.332,,,32,0,,,,,,,
butterfly,15,DELETE_CREATE,0.7,0.2,NOOP,,,[0|1|2|3|4|5|6 -> 0 -> 0|1|2|3|4|5|6],[0|1|2|3|4|5|6 -> 0 -> 0|1|2|3|4|5|6],[9; 7; 2],0.068,,,,,,,,0,0,,,,,,,
butterfly,15,DELETE_CREATE,0.7,0.5,NOOP,,,[0|1|2|3|4|5|6 -> 0 -> 0|1|2|3|4|5|6],[0|1|2|3|4|5|6 -> 0 -> 0|1|2|3|4|5|6],[14; 5; 6],0.068,,,,,,,,0,0,,,,,,,
butterfly,15,DELETE_CREATE,0.7,0.8,NOOP,,,[0|1|2|3|4|5|6 -> 0 -> 0|1|2|3|4|5|6],[0|1|2|3|4|5|6 -> 0 -> 0|1|2|3|4|5|6],[4; 10; 6],0.072,,,,FALSE,0.797,,,30,0,,,,,,,
butterfly,15,DELETE_CREATE,0.7,0.2,UPDATE,,,[0|1|2|3|4|5|6 -> 0 -> 0|1|2|3|4|5|6],[0|1|2|3|4|5|6 -> 0 -> 0|1|2|3|4|5|6],[6; 1; 7; 3; 2],0.068,,,,,,,,0,0,,,,,,,
butterfly,15,DELETE_CREATE,0.7,0.5,UPDATE,,,[0|1|2|3|4|5|6 -> 0 -> 0|1|2|3|4|5|6],[0|1|2|3|4|5|6 -> 0 -> 0|1|2|3|4|5|6],[9; 1; 6; 2; 5],0.068,,,,,,,,0,0,,,,,,,
butterfly,15,DELETE_CREATE,0.7,0.8,UPDATE,,,[0|1|2|3|4|5|6 -> 0 -> 0|1|2|3|4|5|6],[0|1|2|3|4|5|6 -> 0 -> 0|1|2|3|4|5|6],[4; 5; 4; 1; 3],0.068,,,,FALSE,0.632,,,28,0,,,,,,,
butterfly,15,CREATE_DELETE,0.4,0.2,CREATE_DELETE,,,[0|1|2|3|4|5|6 -> 0 -> 0|1|2|3|4|5|6],[0|1|2|3|4|5|6 -> 0 -> 0|1|2|3|4|5|6],[3; 1; 7; 3; 1; 1],0.068,,,,,,,,0,0,,,,,,,
butterfly,15,CREATE_DELETE,0.4,0.5,CREATE_DELETE,,,[0|1|2|3|4|5|6 -> 0 -> 0|1|2|3|4|5|6],[0|1|2|3|4|5|6 -> 0 -> 0|1|2|3|4|5|6],[6; 1; 6; 3; 1; 5],0.072,,,,,,,,0,0,,,,,,,
butterfly,15,CREATE_DELETE,0.4,0.8,CREATE_DELETE,,,[0|1|2|3|4|5|6 -> 0 -> 0|1|2|3|4|5|6],[0|1|2|3|4|5|6 -> 0 -> 0|1|2|3|4|5|6],[8; 1; 3; 1; 1; 7],0.068,,,,,,,,0,0,,,,,,,
butterfly,15,CREATE_DELETE,0.4,0.2,DELETE_CREATE,,,[0|1|2|3|4|5|6 -> 0 -> 0|1|2|3|4|5|6],[0|1|2|3|4|5|6 -> 0 -> 0|1|2|3|4|5|6],[4; 1; 7; 3; 1; 2],0.068,,,,,,,,0,0,,,,,,,
butterfly,15,CREATE_DELETE,0.4,0.5,DELETE_CREATE,,,[0|1|2|3|4|5|6 -> 0 -> 0|1|2|3|4|5|6],[0|1|2|3|4|5|6 -> 0 -> 0|1|2|3|4|5|6],[9; 1; 6; 2; 1; 4],0.068,,,,,,,,0,0,,,,,,,
butterfly,15,CREATE_DELETE,0.4,0.8,DELETE_CREATE,,,[0|1|2|3|4|5|6 -> 0 -> 0|1|2|3|4|5|6],[0|1|2|3|4|5|6 -> 0 -> 0|1|2|3|4|5|6],[7; 1; 3; 3; 1; 5],0.068,,,,,,,,0,0,,,,,,,
butterfly,15,CREATE_DELETE,0.4,0.2,NOOP,,,[0|1|2|3|4|5|6 -> 0 -> 0|1|2|3|4|5|6],[0|1|2|3|4|5|6 -> 0 -> 0|1|2|3|4|5|6],[9; 5; 2],0.068,,,,,,,,0,0,,,,,,,
butterfly,15,CREATE_DELETE,0.4,0.5,NOOP,,,[0|1|2|3|4|5|6 -> 0 -> 0|1|2|3|4|5|6],[0|1|2|3|4|5|6 -> 0 -> 0|1|2|3|4|5|6],[13; 3; 4],0.068,,,,,,,,0,0,,,,,,,
butterfly,15,CREATE_DELETE,0.4,0.8,NOOP,,,[0|1|2|3|4|5|6 -> 0 -> 0|1|2|3|4|5|6],[0|1|2|3|4|5|6 -> 0 -> 0|1|2|3|4|5|6],[10; 1; 5],0.072,,,,,,,,0,0,,,,,,,
butterfly,15,CREATE_DELETE,0.4,0.2,UPDATE,,,[0|1|2|3|4|5|6 -> 0 -> 0|1|2|3|4|5|6],[0|1|2|3|4|5|6 -> 0 -> 0|1|2|3|4|5|6],[3; 1; 7; 5; 1],0.068,,,,,,,,0,0,,,,,,,
butterfly,15,CREATE_DELETE,0.4,0.5,UPDATE,,,[0|1|2|3|4|5|6 -> 0 -> 0|1|2|3|4|5|6],[0|1|2|3|4|5|6 -> 0 -> 0|1|2|3|4|5|6],[5; 1; 5; 1; 2],0.072,,,,,,,,0,0,,,,,,,
butterfly,15,CREATE_DELETE,0.4,0.8,UPDATE,,,[0|1|2|3|4|5|6 -> 0 -> 0|1|2|3|4|5|6],[0|1|2|3|4|5|6 -> 0 -> 0|1|2|3|4|5|6],[7; 1; 3; 2; 6],0.068,,,,,,,,0,0,,,,,,,
butterfly,15,CREATE_DELETE,0.7,0.2,CREATE_DELETE,,,[0|1|2|3|4|5|6 -> 0 -> 0|1|2|3|4|5|6],[0|1|2|3|4|5|6 -> 0 -> 0|1|2|3|4|5|6],[3; 1; 7; 6; 1; 1],0.072,,,,,,,,0,0,,,,,,,
butterfly,15,CREATE_DELETE,0.7,0.5,CREATE_DELETE,,,[0|1|2|3|4|5|6 -> 0 -> 0|1|2|3|4|5|6],[0|1|2|3|4|5|6 -> 0 -> 0|1|2|3|4|5|6],[7; 1; 7; 6; 1; 6],0.072,,,,,,,,0,0,,,,,,,
butterfly,15,CREATE_DELETE,0.7,0.8,CREATE_DELETE,,,[0|1|2|3|4|5|6 -> 0 -> 0|1|2|3|4|5|6],[0|1|2|3|4|5|6 -> 0 -> 0|1|2|3|4|5|6],[7; 1; 3; 3; 1; 7],0.072,,,,,,,,0,0,,,,,,,
butterfly,15,CREATE_DELETE,0.7,0.2,DELETE_CREATE,,,[0|1|2|3|4|5|6 -> 0 -> 0|1|2|3|4|5|6],[0|1|2|3|4|5|6 -> 0 -> 0|1|2|3|4|5|6],[3; 1; 7; 6; 1; 2],0.072,,,,,,,,0,0,,,,,,,
butterfly,15,CREATE_DELETE,0.7,0.5,DELETE_CREATE,,,[0|1|2|3|4|5|6 -> 0 -> 0|1|2|3|4|5|6],[0|1|2|3|4|5|6 -> 0 -> 0|1|2|3|4|5|6],[6; 1; 7; 6; 1; 6],0.072,,,,,,,,0,0,,,,,,,
butterfly,15,CREATE_DELETE,0.7,0.8,DELETE_CREATE,,,[0|1|2|3|4|5|6 -> 0 -> 0|1|2|3|4|5|6],[0|1|2|3|4|5|6 -> 0 -> 0|1|2|3|4|5|6],[7; 1; 3; 3; 1; 6],0.068,,,,,,,,0,0,,,,,,,
butterfly,15,CREATE_DELETE,0.7,0.2,NOOP,,,[0|1|2|3|4|5|6 -> 0 -> 0|1|2|3|4|5|6],[0|1|2|3|4|5|6 -> 0 -> 0|1|2|3|4|5|6],[9; 7; 2],0.068,,,,,,,,0,0,,,,,,,
butterfly,15,CREATE_DELETE,0.7,0.5,NOOP,,,[0|1|2|3|4|5|6 -> 0 -> 0|1|2|3|4|5|6],[0|1|2|3|4|5|6 -> 0 -> 0|1|2|3|4|5|6],[13; 4; 6],0.072,,,,,,,,0,0,,,,,,,
butterfly,15,CREATE_DELETE,0.7,0.8,NOOP,,,[0|1|2|3|4|5|6 -> 0 -> 0|1|2|3|4|5|6],[0|1|2|3|4|5|6 -> 0 -> 0|1|2|3|4|5|6],[10; 3; 7],0.072,,,,,,,,0,0,,,,,,,
butterfly,15,CREATE_DELETE,0.7,0.2,UPDATE,,,[0|1|2|3|4|5|6 -> 0 -> 0|1|2|3|4|5|6],[0|1|2|3|4|5|6 -> 0 -> 0|1|2|3|4|5|6],[2; 1; 7; 7; 1],0.064,,,,,,,,0,0,,,,,,,
butterfly,15,CREATE_DELETE,0.7,0.5,UPDATE,,,[0|1|2|3|4|5|6 -> 0 -> 0|1|2|3|4|5|6],[0|1|2|3|4|5|6 -> 0 -> 0|1|2|3|4|5|6],[7; 1; 7; 7; 3],0.072,,,,,,,,0,0,,,,,,,
butterfly,15,CREATE_DELETE,0.7,0.8,UPDATE,,,[0|1|2|3|4|5|6 -> 0 -> 0|1|2|3|4|5|6],[0|1|2|3|4|5|6 -> 0 -> 0|1|2|3|4|5|6],[7; 1; 3; 3; 5],0.068,,,,,,,,0,0,,,,,,,
butterfly,20,UPDATE,0.4,0.2,CREATE_DELETE,,,[0|1|2|3|4|5|6|7|8|9 -> 0 -> 0|1|2|3|4|5|6|7|8|9],[0|1|2|3|4|5|6|7|8|9 -> 0 -> 0|1|2|3|4|5|6|7|8|9],[8; 1; 10; 2; 1; 1],0.368,,,,,,,,0,0,,,,,,,
butterfly,20,UPDATE,0.4,0.5,CREATE_DELETE,,,[0|1|2|3|4|5|6|7|8|9 -> 0 -> 0|1|2|3|4|5|6|7|8|9],[0|1|2|3|4|5|6|7|8|9 -> 0 -> 0|1|2|3|4|5|6|7|8|9],[11; 1; 8; 2; 1; 3],0.38,,,,,,,,0,0,,,,,,,
butterfly,20,UPDATE,0.4,0.8,CREATE_DELETE,,,[0|1|2|3|4|5|6|7|8|9 -> 0 -> 0|1|2|3|4|5|6|7|8|9],[0|1|2|3|4|5|6|7|8|9 -> 0 -> 0|1|2|3|4|5|6|7|8|9],[10; 1; 3; 1; 1; 4],0.368,,,,,,,,0,0,,,,,,,
butterfly,20,UPDATE,0.4,0.2,DELETE_CREATE,,,[0|1|2|3|4|5|6|7|8|9 -> 0 -> 0|1|2|3|4|5|6|7|8|9],[0|1|2|3|4|5|6|7|8|9 -> 0 -> 0|1|2|3|4|5|6|7|8|9],[6; 1; 10; 2; 1; 3],0.38,,,,,,,,0,0,,,,,,,
butterfly,20,UPDATE,0.4,0.5,DELETE_CREATE,,,[0|1|2|3|4|5|6|7|8|9 -> 0 -> 0|1|2|3|4|5|6|7|8|9],[0|1|2|3|4|5|6|7|8|9 -> 0 -> 0|1|2|3|4|5|6|7|8|9],[12; 1; 4; 1; 1; 9],0.38,,,,FALSE,5.91,,,10,0,,,,,,,
butterfly,20,UPDATE,0.4,0.8,DELETE_CREATE,,,[0|1|2|3|4|5|6|7|8|9 -> 0 -> 0|1|2|3|4|5|6|7|8|9],[0|1|2|3|4|5|6|7|8|9 -> 0 -> 0|1|2|3|4|5|6|7|8|9],[10; 1; 3; 2; 1; 9],0.388,,,,,,,,0,0,,,,,,,
butterfly,20,UPDATE,0.4,0.2,NOOP,,,[0|1|2|3|4|5|6|7|8|9 -> 0 -> 0|1|2|3|4|5|6|7|8|9],[0|1|2|3|4|5|6|7|8|9 -> 0 -> 0|1|2|3|4|5|6|7|8|9],[13; 7; 2],0.368,,,,,,,,0,0,,,,,,,
butterfly,20,UPDATE,0.4,0.5,NOOP,,,[0|1|2|3|4|5|6|7|8|9 -> 0 -> 0|1|2|3|4|5|6|7|8|9],[0|1|2|3|4|5|6|7|8|9 -> 0 -> 0|1|2|3|4|5|6|7|8|9],[15; 5; 2],0.38,,,,,,,,0,0,,,,,,,
butterfly,20,UPDATE,0.4,0.8,NOOP,,,[0|1|2|3|4|5|6|7|8|9 -> 0 -> 0|1|2|3|4|5|6|7|8|9],[0|1|2|3|4|5|6|7|8|9 -> 0 -> 0|1|2|3|4|5|6|7|8|9],[13; 3; 8],0.376,,,,,,,,0,0,,,,,,,
butterfly,20,UPDATE,0.4,0.2,UPDATE,,,[0|1|2|3|4|5|6|7|8|9 -> 0 -> 0|1|2|3|4|5|6|7|8|9],[0|1|2|3|4|5|6|7|8|9 -> 0 -> 0|1|2|3|4|5|6|7|8|9],[3; 1; 10; 2; 1],0.372,,,,,,,,0,0,,,,,,,
butterfly,20,UPDATE,0.4,0.5,UPDATE,,,[0|1|2|3|4|5|6|7|8|9 -> 0 -> 0|1|2|3|4|5|6|7|8|9],[0|1|2|3|4|5|6|7|8|9 -> 0 -> 0|1|2|3|4|5|6|7|8|9],[9; 1; 9; 2; 5],0.364,,,,,,,,0,0,,,,,,,
butterfly,20,UPDATE,0.4,0.8,UPDATE,,,[0|1|2|3|4|5|6|7|8|9 -> 0 -> 0|1|2|3|4|5|6|7|8|9],[0|1|2|3|4|5|6|7|8|9 -> 0 -> 0|1|2|3|4|5|6|7|8|9],[11; 5; 1; 1; 4],0.384,,,,FALSE,7.327,,,9,0,,,,,,,
butterfly,20,UPDATE,0.7,0.2,CREATE_DELETE,,,[0|1|2|3|4|5|6|7|8|9 -> 0 -> 0|1|2|3|4|5|6|7|8|9],[0|1|2|3|4|5|6|7|8|9 -> 0 -> 0|1|2|3|4|5|6|7|8|9],[4; 1; 10; 2; 1],0.364,,,,,,,,0,0,,,,,,,
butterfly,20,UPDATE,0.7,0.5,CREATE_DELETE,,,[0|1|2|3|4|5|6|7|8|9 -> 0 -> 0|1|2|3|4|5|6|7|8|9],[0|1|2|3|4|5|6|7|8|9 -> 0 -> 0|1|2|3|4|5|6|7|8|9],[9; 1; 8; 2; 1; 1],0.368,,,,,,,,0,0,,,,,,,
butterfly,20,UPDATE,0.7,0.8,CREATE_DELETE,,,[0|1|2|3|4|5|6|7|8|9 -> 0 -> 0|1|2|3|4|5|6|7|8|9],[0|1|2|3|4|5|6|7|8|9 -> 0 -> 0|1|2|3|4|5|6|7|8|9],[11; 1; 4; 1; 1; 1],0.364,,,,,,,,0,0,,,,,,,
butterfly,20,UPDATE,0.7,0.2,DELETE_CREATE,,,[0|1|2|3|4|5|6|7|8|9 -> 0 -> 0|1|2|3|4|5|6|7|8|9],[0|1|2|3|4|5|6|7|8|9 -> 0 -> 0|1|2|3|4|5|6|7|8|9],[5; 1; 10; 2; 1; 2],0.372,,,,,,,,0,0,,,,,,,
butterfly,20,UPDATE,0.7,0.5,DELETE_CREATE,,,[0|1|2|3|4|5|6|7|8|9 -> 0 -> 0|1|2|3|4|5|6|7|8|9],[0|1|2|3|4|5|6|7|8|9 -> 0 -> 0|1|2|3|4|5|6|7|8|9],[11; 1; 1; 1; 1; 9],0.38,,,,FALSE,5.55,,,12,0,,,,,,,
butterfly,20,UPDATE,0.7,0.8,DELETE_CREATE,,,[0|1|2|3|4|5|6|7|8|9 -> 0 -> 0|1|2|3|4|5|6|7|8|9],[0|1|2|3|4|5|6|7|8|9 -> 0 -> 0|1|2|3|4|5|6|7|8|9],[9; 1; 2; 2; 1; 4],0.38,,,,FALSE,5.161,,,27,0.001,,,,,,,
butterfly,20,UPDATE,0.7,0.2,NOOP,,,[0|1|2|3|4|5|6|7|8|9 -> 0 -> 0|1|2|3|4|5|6|7|8|9],[0|1|2|3|4|5|6|7|8|9 -> 0 -> 0|1|2|3|4|5|6|7|8|9],[14; 5],0.376,,,,,,,,0,0,,,,,,,
butterfly,20,UPDATE,0.7,0.5,NOOP,,,[0|1|2|3|4|5|6|7|8|9 -> 0 -> 0|1|2|3|4|5|6|7|8|9],[0|1|2|3|4|5|6|7|8|9 -> 0 -> 0|1|2|3|4|5|6|7|8|9],[18; 3; 3],0.376,,,,,,,,0,0,,,,,,,
butterfly,20,UPDATE,0.7,0.8,NOOP,,,[0|1|2|3|4|5|6|7|8|9 -> 0 -> 0|1|2|3|4|5|6|7|8|9],[0|1|2|3|4|5|6|7|8|9 -> 0 -> 0|1|2|3|4|5|6|7|8|9],[14; 4],0.368,,,,,,,,0,0,,,,,,,
butterfly,20,UPDATE,0.7,0.2,UPDATE,,,[0|1|2|3|4|5|6|7|8|9 -> 0 -> 0|1|2|3|4|5|6|7|8|9],[0|1|2|3|4|5|6|7|8|9 -> 0 -> 0|1|2|3|4|5|6|7|8|9],[4; 1; 10; 2; 1],0.364,,,,,,,,0,0,,,,,,,
butterfly,20,UPDATE,0.7,0.5,UPDATE,,,[0|1|2|3|4|5|6|7|8|9 -> 0 -> 0|1|2|3|4|5|6|7|8|9],[0|1|2|3|4|5|6|7|8|9 -> 0 -> 0|1|2|3|4|5|6|7|8|9],[9; 1; 9; 1; 1],0.372,,,,,,,,0,0,,,,,,,
butterfly,20,UPDATE,0.7,0.8,UPDATE,,,[0|1|2|3|4|5|6|7|8|9 -> 0 -> 0|1|2|3|4|5|6|7|8|9],[0|1|2|3|4|5|6|7|8|9 -> 0 -> 0|1|2|3|4|5|6|7|8|9],[10; 1; 1; 4],0.372,,,,FALSE,5.299,,,11,0,,,,,,,
butterfly,20,NOOP,0.4,0.2,CREATE_DELETE,,,[0|1|2|3|4|5|6|7|8|9 -> 0 -> 0|1|2|3|4|5|6|7|8|9],[0|1|2|3|4|5|6|7|8|9 -> 0 -> 0|1|2|3|4|5|6|7|8|9],[5; 1; 10; 3; 1; 2],0.368,,,,,,,,0,0,,,,,,,
butterfly,20,NOOP,0.4,0.5,CREATE_DELETE,,,[0|1|2|3|4|5|6|7|8|9 -> 0 -> 0|1|2|3|4|5|6|7|8|9],[0|1|2|3|4|5|6|7|8|9 -> 0 -> 0|1|2|3|4|5|6|7|8|9],[10; 1; 8; 5],0.372,,,,,,,,0,0,,,,,,,
butterfly,20,NOOP,0.4,0.8,CREATE_DELETE,,,[0|1|2|3|4|5|6|7|8|9 -> 0 -> 0|1|2|3|4|5|6|7|8|9],[0|1|2|3|4|5|6|7|8|9 -> 0 -> 0|1|2|3|4|5|6|7|8|9],[11; 1; 3; 1; 1; 7],0.372,,,,,,,,0,0,,,,,,,
butterfly,20,NOOP,0.4,0.2,DELETE_CREATE,,,[0|1|2|3|4|5|6|7|8|9 -> 0 -> 0|1|2|3|4|5|6|7|8|9],[0|1|2|3|4|5|6|7|8|9 -> 0 -> 0|1|2|3|4|5|6|7|8|9],[5; 1; 10; 2; 1],0.38,,,,,,,,0,0,,,,,,,
butterfly,20,NOOP,0.4,0.5,DELETE_CREATE,,,[0|1|2|3|4|5|6|7|8|9 -> 0 -> 0|1|2|3|4|5|6|7|8|9],[0|1|2|3|4|5|6|7|8|9 -> 0 -> 0|1|2|3|4|5|6|7|8|9],[6; 1; 6; 2; 1; 5],0.364,,,,,,,,0,0,,,,,,,
butterfly,20,NOOP,0.4,0.8,DELETE_CREATE,,,[0|1|2|3|4|5|6|7|8|9 -> 0 -> 0|1|2|3|4|5|6|7|8|9],[0|1|2|3|4|5|6|7|8|9 -> 0 -> 0|1|2|3|4|5|6|7|8|9],[10; 1; 4; 3; 1; 5],0.384,,,,,,,,0,0.001,,,,,,,
butterfly,20,NOOP,0.4,0.2,NOOP,,,[0|1|2|3|4|5|6|7|8|9 -> 0 -> 0|1|2|3|4|5|6|7|8|9],[0|1|2|3|4|5|6|7|8|9 -> 0 -> 0|1|2|3|4|5|6|7|8|9],[13; 8; 1],0.376,,,,,,,,0,0,,,,,,,
butterfly,20,NOOP,0.4,0.5,NOOP,,,[0|1|2|3|4|5|6|7|8|9 -> 0 -> 0|1|2|3|4|5|6|7|8|9],[0|1|2|3|4|5|6|7|8|9 -> 0 -> 0|1|2|3|4|5|6|7|8|9],[13; 4; 6],0.384,,,,,,,,0,0,,,,,,,
butterfly,20,NOOP,0.4,0.8,NOOP,,,[0|1|2|3|4|5|6|7|8|9 -> 0 -> 0|1|2|3|4|5|6|7|8|9],[0|1|2|3|4|5|6|7|8|9 -> 0 -> 0|1|2|3|4|5|6|7|8|9],[9; 9; 3],0.368,,,,FALSE,6.193,,,27,0,,,,,,,
butterfly,20,NOOP,0.4,0.2,UPDATE,,,[0|1|2|3|4|5|6|7|8|9 -> 0 -> 0|1|2|3|4|5|6|7|8|9],[0|1|2|3|4|5|6|7|8|9 -> 0 -> 0|1|2|3|4|5|6|7|8|9],[6; 1; 10; 2; 2],0.38,,,,,,,,0,0,,,,,,,
butterfly,20,NOOP,0.4,0.5,UPDATE,,,[0|1|2|3|4|5|6|7|8|9 -> 0 -> 0|1|2|3|4|5|6|7|8|9],[0|1|2|3|4|5|6|7|8|9 -> 0 -> 0|1|2|3|4|5|6|7|8|9],[10; 1; 7; 2; 4],0.368,,,,,,,,0,0,,,,,,,
butterfly,20,NOOP,0.4,0.8,UPDATE,,,[0|1|2|3|4|5|6|7|8|9 -> 0 -> 0|1|2|3|4|5|6|7|8|9],[0|1|2|3|4|5|6|7|8|9 -> 0 -> 0|1|2|3|4|5|6|7|8|9],[9; 1; 3; 2; 7],0.372,,,,,,,,0,0,,,,,,,
butterfly,20,NOOP,0.7,0.2,CREATE_DELETE,,,[0|1|2|3|4|5|6|7|8|9 -> 0 -> 0|1|2|3|4|5|6|7|8|9],[0|1|2|3|4|5|6|7|8|9 -> 0 -> 0|1|2|3|4|5|6|7|8|9],[4; 1; 5; 1; 1],0.364,,,,,,,,0,0,,,,,,,
butterfly,20,NOOP,0.7,0.5,CREATE_DELETE,,,[0|1|2|3|4|5|6|7|8|9 -> 0 -> 0|1|2|3|4|5|6|7|8|9],[0|1|2|3|4|5|6|7|8|9 -> 0 -> 0|1|2|3|4|5|6|7|8|9],[4; 1; 4; 1; 1],0.364,,,,,,,,0,0,,,,,,,
butterfly,20,NOOP,0.7,0.8,CREATE_DELETE,,,[0|1|2|3|4|5|6|7|8|9 -> 0 -> 0|1|2|3|4|5|6|7|8|9],[0|1|2|3|4|5|6|7|8|9 -> 0 -> 0|1|2|3|4|5|6|7|8|9],[5; 1; 3; 3],0.368,,,,,,,,0,0,,,,,,,
butterfly,20,NOOP,0.7,0.2,DELETE_CREATE,,,[0|1|2|3|4|5|6|7|8|9 -> 0 -> 0|1|2|3|4|5|6|7|8|9],[0|1|2|3|4|5|6|7|8|9 -> 0 -> 0|1|2|3|4|5|6|7|8|9],[3; 1; 5; 2; 1; 1],0.368,,,,,,,,0,0.001,,,,,,,
butterfly,20,NOOP,0.7,0.5,DELETE_CREATE,,,[0|1|2|3|4|5|6|7|8|9 -> 0 -> 0|1|2|3|4|5|6|7|8|9],[0|1|2|3|4|5|6|7|8|9 -> 0 -> 0|1|2|3|4|5|6|7|8|9],[3; 1; 2; 1; 1; 3],0.368,,,,FALSE,2.1,,,18,0.001,,,,,,,
butterfly,20,NOOP,0.7,0.8,DELETE_CREATE,,,[0|1|2|3|4|5|6|7|8|9 -> 0 -> 0|1|2|3|4|5|6|7|8|9],[0|1|2|3|4|5|6|7|8|9 -> 0 -> 0|1|2|3|4|5|6|7|8|9],[8; 1; 2; 1; 1; 4],0.38,,,,,,,,0,0,,,,,,,
butterfly,20,NOOP,0.7,0.2,NOOP,,,[0|1|2|3|4|5|6|7|8|9 -> 0 -> 0|1|2|3|4|5|6|7|8|9],[0|1|2|3|4|5|6|7|8|9 -> 0 -> 0|1|2|3|4|5|6|7|8|9],[9; 4; 1],0.376,,,,,,,,0,0,,,,,,,
butterfly,20,NOOP,0.7,0.5,NOOP,,,[0|1|2|3|4|5|6|7|8|9 -> 0 -> 0|1|2|3|4|5|6|7|8|9],[0|1|2|3|4|5|6|7|8|9 -> 0 -> 0|1|2|3|4|5|6|7|8|9],[5; 1; 1],0.376,,,,,,,,0,0,,,,,,,
butterfly,20,NOOP,0.7,0.8,NOOP,,,[0|1|2|3|4|5|6|7|8|9 -> 0 -> 0|1|2|3|4|5|6|7|8|9],[0|1|2|3|4|5|6|7|8|9 -> 0 -> 0|1|2|3|4|5|6|7|8|9],[4; 1; 2],0.376,,,,,,,,0,0,,,,,,,
butterfly,20,NOOP,0.7,0.2,UPDATE,,,[0|1|2|3|4|5|6|7|8|9 -> 0 -> 0|1|2|3|4|5|6|7|8|9],[0|1|2|3|4|5|6|7|8|9 -> 0 -> 0|1|2|3|4|5|6|7|8|9],[2; 1; 5; 2; 1],0.38,,,,,,,,0,0,,,,,,,
butterfly,20,NOOP,0.7,0.5,UPDATE,,,[0|1|2|3|4|5|6|7|8|9 -> 0 -> 0|1|2|3|4|5|6|7|8|9],[0|1|2|3|4|5|6|7|8|9 -> 0 -> 0|1|2|3|4|5|6|7|8|9],[3; 1; 1; 1; 4],0.372,,,,FALSE,2.078,,,10,0,,,,,,,
butterfly,20,NOOP,0.7,0.8,UPDATE,,,[0|1|2|3|4|5|6|7|8|9 -> 0 -> 0|1|2|3|4|5|6|7|8|9],[0|1|2|3|4|5|6|7|8|9 -> 0 -> 0|1|2|3|4|5|6|7|8|9],[7; 1; 1; 1; 2],0.368,,,,FALSE,3.876,,,9,0,,,,,,,
butterfly,20,DELETE_CREATE,0.4,0.2,CREATE_DELETE,,,[0|1|2|3|4|5|6|7|8|9 -> 0 -> 0|1|2|3|4|5|6|7|8|9],[0|1|2|3|4|5|6|7|8|9 -> 0 -> 0|1|2|3|4|5|6|7|8|9],[7; 1; 10; 4; 1; 3],0.372,,,,,,,,0,0,,,,,,,
butterfly,20,DELETE_CREATE,0.4,0.5,CREATE_DELETE,,,[0|1|2|3|4|5|6|7|8|9 -> 0 -> 0|1|2|3|4|5|6|7|8|9],[0|1|2|3|4|5|6|7|8|9 -> 0 -> 0|1|2|3|4|5|6|7|8|9],[12; 1; 8; 3; 1; 8],0.396,,,,,,,,0,0,,,,,,,
butterfly,20,DELETE_CREATE,0.4,0.8,CREATE_DELETE,,,[0|1|2|3|4|5|6|7|8|9 -> 0 -> 0|1|2|3|4|5|6|7|8|9],[0|1|2|3|4|5|6|7|8|9 -> 0 -> 0|1|2|3|4|5|6|7|8|9],[10; 1; 3; 3; 1; 7],0.38,,,,,,,,0,0,,,,,,,
butterfly,20,DELETE_CREATE,0.4,0.2,DELETE_CREATE,,,[0|1|2|3|4|5|6|7|8|9 -> 0 -> 0|1|2|3|4|5|6|7|8|9],[0|1|2|3|4|5|6|7|8|9 -> 0 -> 0|1|2|3|4|5|6|7|8|9],[9; 1; 10; 2; 1; 3],0.38,,,,,,,,0,0,,,,,,,
butterfly,20,DELETE_CREATE,0.4,0.5,DELETE_CREATE,,,[0|1|2|3|4|5|6|7|8|9 -> 0 -> 0|1|2|3|4|5|6|7|8|9],[0|1|2|3|4|5|6|7|8|9 -> 0 -> 0|1|2|3|4|5|6|7|8|9],[9; 1; 8; 2; 1; 3],0.384,,,,,,,,0,0,,,,,,,
butterfly,20,DELETE_CREATE,0.4,0.8,DELETE_CREATE,,,[0|1|2|3|4|5|6|7|8|9 -> 0 -> 0|1|2|3|4|5|6|7|8|9],[0|1|2|3|4|5|6|7|8|9 -> 0 -> 0|1|2|3|4|5|6|7|8|9],[7; 1; 8; 6; 1; 4],0.388,,,,FALSE,3.968,,,49,0.001,,,,,,,
butterfly,20,DELETE_CREATE,0.4,0.2,NOOP,,,[0|1|2|3|4|5|6|7|8|9 -> 0 -> 0|1|2|3|4|5|6|7|8|9],[0|1|2|3|4|5|6|7|8|9 -> 0 -> 0|1|2|3|4|5|6|7|8|9],[13; 8; 3],0.368,,,,,,,,0,0,,,,,,,
butterfly,20,DELETE_CREATE,0.4,0.5,NOOP,,,[0|1|2|3|4|5|6|7|8|9 -> 0 -> 0|1|2|3|4|5|6|7|8|9],[0|1|2|3|4|5|6|7|8|9 -> 0 -> 0|1|2|3|4|5|6|7|8|9],[17; 4; 8],0.38,,,,,,,,0,0,,,,,,,
butterfly,20,DELETE_CREATE,0.4,0.8,NOOP,,,[0|1|2|3|4|5|6|7|8|9 -> 0 -> 0|1|2|3|4|5|6|7|8|9],[0|1|2|3|4|5|6|7|8|9 -> 0 -> 0|1|2|3|4|5|6|7|8|9],[14; 4; 6],0.368,,,,,,,,0,0,,,,,,,
butterfly,20,DELETE_CREATE,0.4,0.2,UPDATE,,,[0|1|2|3|4|5|6|7|8|9 -> 0 -> 0|1|2|3|4|5|6|7|8|9],[0|1|2|3|4|5|6|7|8|9 -> 0 -> 0|1|2|3|4|5|6|7|8|9],[7; 1; 10; 3; 2],0.372,,,,,,,,0,0,,,,,,,
butterfly,20,DELETE_CREATE,0.4,0.5,UPDATE,,,[0|1|2|3|4|5|6|7|8|9 -> 0 -> 0|1|2|3|4|5|6|7|8|9],[0|1|2|3|4|5|6|7|8|9 -> 0 -> 0|1|2|3|4|5|6|7|8|9],[9; 1; 8; 4; 5],0.372,,,,,,,,0,0,,,,,,,
butterfly,20,DELETE_CREATE,0.4,0.8,UPDATE,,,[0|1|2|3|4|5|6|7|8|9 -> 0 -> 0|1|2|3|4|5|6|7|8|9],[0|1|2|3|4|5|6|7|8|9 -> 0 -> 0|1|2|3|4|5|6|7|8|9],[12; 1; 4; 1; 5],0.38,,,,,,,,0,0,,,,,,,
butterfly,20,DELETE_CREATE,0.7,0.2,CREATE_DELETE,,,[0|1|2|3|4|5|6|7|8|9 -> 0 -> 0|1|2|3|4|5|6|7|8|9],[0|1|2|3|4|5|6|7|8|9 -> 0 -> 0|1|2|3|4|5|6|7|8|9],[10; 1; 11; 3],0.376,,,,,,,,0,0,,,,,,,
butterfly,20,DELETE_CREATE,0.7,0.5,CREATE_DELETE,,,[0|1|2|3|4|5|6|7|8|9 -> 0 -> 0|1|2|3|4|5|6|7|8|9],[0|1|2|3|4|5|6|7|8|9 -> 0 -> 0|1|2|3|4|5|6|7|8|9],[13; 1; 8; 1; 1; 7],0.384,,,,,,,,0,0,,,,,,,
butterfly,20,DELETE_CREATE,0.7,0.8,CREATE_DELETE,,,[0|1|2|3|4|5|6|7|8|9 -> 0 -> 0|1|2|3|4|5|6|7|8|9],[0|1|2|3|4|5|6|7|8|9 -> 0 -> 0|1|2|3|4|5|6|7|8|9],[13; 1; 4; 1; 1; 7],0.368,,,,,,,,0,0,,,,,,,
butterfly,20,DELETE_CREATE,0.7,0.2,DELETE_CREATE,,,[0|1|2|3|4|5|6|7|8|9 -> 0 -> 0|1|2|3|4|5|6|7|8|9],[0|1|2|3|4|5|6|7|8|9 -> 0 -> 0|1|2|3|4|5|6|7|8|9],[9; 1; 3; 3; 1; 10],0.384,,,,FALSE,3.328,,,4,0,,,,,,,
butterfly,20,DELETE_CREATE,0.7,0.5,DELETE_CREATE,,,[0|1|2|3|4|5|6|7|8|9 -> 0 -> 0|1|2|3|4|5|6|7|8|9],[0|1|2|3|4|5|6|7|8|9 -> 0 -> 0|1|2|3|4|5|6|7|8|9],[11; 1; 7; 1; 1; 7],0.38,,,,,,,,0,0,,,,,,,
butterfly,20,DELETE_CREATE,0.7,0.8,DELETE_CREATE,,,[0|1|2|3|4|5|6|7|8|9 -> 0 -> 0|1|2|3|4|5|6|7|8|9],[0|1|2|3|4|5|6|7|8|9 -> 0 -> 0|1|2|3|4|5|6|7|8|9],[5; 1; 10; 9; 1; 4],0.372,,,,FALSE,2.656,,,60,0.001,,,,,,,
butterfly,20,DELETE_CREATE,0.7,0.2,NOOP,,,[0|1|2|3|4|5|6|7|8|9 -> 0 -> 0|1|2|3|4|5|6|7|8|9],[0|1|2|3|4|5|6|7|8|9 -> 0 -> 0|1|2|3|4|5|6|7|8|9],[13; 10; 2],0.372,,,,,,,,0,0,,,,,,,
butterfly,20,DELETE_CREATE,0.7,0.5,NOOP,,,[0|1|2|3|4|5|6|7|8|9 -> 0 -> 0|1|2|3|4|5|6|7|8|9],[0|1|2|3|4|5|6|7|8|9 -> 0 -> 0|1|2|3|4|5|6|7|8|9],[18; 8; 7],0.384,,,,,,,,0,0,,,,,,,
butterfly,20,DELETE_CREATE,0.7,0.8,NOOP,,,[0|1|2|3|4|5|6|7|8|9 -> 0 -> 0|1|2|3|4|5|6|7|8|9],[0|1|2|3|4|5|6|7|8|9 -> 0 -> 0|1|2|3|4|5|6|7|8|9],[7; 13; 7],0.368,,,,FALSE,5.662,,,49,0,,,,,,,
butterfly,20,DELETE_CREATE,0.7,0.2,UPDATE,,,[0|1|2|3|4|5|6|7|8|9 -> 0 -> 0|1|2|3|4|5|6|7|8|9],[0|1|2|3|4|5|6|7|8|9 -> 0 -> 0|1|2|3|4|5|6|7|8|9],[10; 1; 10; 2; 3],0.384,,,,,,,,0,0,,,,,,,
butterfly,20,DELETE_CREATE,0.7,0.5,UPDATE,,,[0|1|2|3|4|5|6|7|8|9 -> 0 -> 0|1|2|3|4|5|6|7|8|9],[0|1|2|3|4|5|6|7|8|9 -> 0 -> 0|1|2|3|4|5|6|7|8|9],[17; 1; 10; 2; 9],0.388,,,,,,,,0,0,,,,,,,
butterfly,20,DELETE_CREATE,0.7,0.8,UPDATE,,,[0|1|2|3|4|5|6|7|8|9 -> 0 -> 0|1|2|3|4|5|6|7|8|9],[0|1|2|3|4|5|6|7|8|9 -> 0 -> 0|1|2|3|4|5|6|7|8|9],[4; 10; 9; 1; 4],0.384,,,,FALSE,3.399,,,72,0.001,,,,,,,
butterfly,20,CREATE_DELETE,0.4,0.2,CREATE_DELETE,,,[0|1|2|3|4|5|6|7|8|9 -> 0 -> 0|1|2|3|4|5|6|7|8|9],[0|1|2|3|4|5|6|7|8|9 -> 0 -> 0|1|2|3|4|5|6|7|8|9],[5; 1; 10; 6; 1; 2],0.368,,,,,,,,0,0,,,,,,,
butterfly,20,CREATE_DELETE,0.4,0.5,CREATE_DELETE,,,[0|1|2|3|4|5|6|7|8|9 -> 0 -> 0|1|2|3|4|5|6|7|8|9],[0|1|2|3|4|5|6|7|8|9 -> 0 -> 0|1|2|3|4|5|6|7|8|9],[10; 1; 9; 6; 1; 6],0.384,,,,,,,,0,0,,,,,,,
butterfly,20,CREATE_DELETE,0.4,0.8,CREATE_DELETE,,,[0|1|2|3|4|5|6|7|8|9 -> 0 -> 0|1|2|3|4|5|6|7|8|9],[0|1|2|3|4|5|6|7|8|9 -> 0 -> 0|1|2|3|4|5|6|7|8|9],[12; 1; 4; 1; 1; 9],0.368,,,,,,,,0,0,,,,,,,
butterfly,20,CREATE_DELETE,0.4,0.2,DELETE_CREATE,,,[0|1|2|3|4|5|6|7|8|9 -> 0 -> 0|1|2|3|4|5|6|7|8|9],[0|1|2|3|4|5|6|7|8|9 -> 0 -> 0|1|2|3|4|5|6|7|8|9],[6; 1; 10; 5; 1; 2],0.38,,,,,,,,0,0,,,,,,,
butterfly,20,CREATE_DELETE,0.4,0.5,DELETE_CREATE,,,[0|1|2|3|4|5|6|7|8|9 -> 0 -> 0|1|2|3|4|5|6|7|8|9],[0|1|2|3|4|5|6|7|8|9 -> 0 -> 0|1|2|3|4|5|6|7|8|9],[8; 1; 9; 7; 1; 6],0.38,,,,,,,,0,0,,,,,,,
butterfly,20,CREATE_DELETE,0.4,0.8,DELETE_CREATE,,,[0|1|2|3|4|5|6|7|8|9 -> 0 -> 0|1|2|3|4|5|6|7|8|9],[0|1|2|3|4|5|6|7|8|9 -> 0 -> 0|1|2|3|4|5|6|7|8|9],[7; 1; 2; 2; 1; 4],0.38,,,,,,,,0,0,,,,,,,
butterfly,20,CREATE_DELETE,0.4,0.2,NOOP,,,[0|1|2|3|4|5|6|7|8|9 -> 0 -> 0|1|2|3|4|5|6|7|8|9],[0|1|2|3|4|5|6|7|8|9 -> 0 -> 0|1|2|3|4|5|6|7|8|9],[13; 7; 3],0.372,,,,,,,,0,0,,,,,,,
butterfly,20,CREATE_DELETE,0.4,0.5,NOOP,,,[0|1|2|3|4|5|6|7|8|9 -> 0 -> 0|1|2|3|4|5|6|7|8|9],[0|1|2|3|4|5|6|7|8|9 -> 0 -> 0|1|2|3|4|5|6|7|8|9],[15; 4; 6],0.392,,,,,,,,0,0,,,,,,,
butterfly,20,CREATE_DELETE,0.4,0.8,NOOP,,,[0|1|2|3|4|5|6|7|8|9 -> 0 -> 0|1|2|3|4|5|6|7|8|9],[0|1|2|3|4|5|6|7|8|9 -> 0 -> 0|1|2|3|4|5|6|7|8|9],[13; 3; 6],0.372,,,,,,,,0,0,,,,,,,
butterfly,20,CREATE_DELETE,0.4,0.2,UPDATE,,,[0|1|2|3|4|5|6|7|8|9 -> 0 -> 0|1|2|3|4|5|6|7|8|9],[0|1|2|3|4|5|6|7|8|9 -> 0 -> 0|1|2|3|4|5|6|7|8|9],[6; 1; 10; 4; 2],0.384,,,,,,,,0,0,,,,,,,
butterfly,20,CREATE_DELETE,0.4,0.5,UPDATE,,,[0|1|2|3|4|5|6|7|8|9 -> 0 -> 0|1|2|3|4|5|6|7|8|9],[0|1|2|3|4|5|6|7|8|9 -> 0 -> 0|1|2|3|4|5|6|7|8|9],[12; 1; 9; 4; 8],0.38,,,,,,,,0,0,,,,,,,
butterfly,20,CREATE_DELETE,0.4,0.8,UPDATE,,,[0|1|2|3|4|5|6|7|8|9 -> 0 -> 0|1|2|3|4|5|6|7|8|9],[0|1|2|3|4|5|6|7|8|9 -> 0 -> 0|1|2|3|4|5|6|7|8|9],[11; 1; 4; 2; 6],0.372,,,,,,,,0,0,,,,,,,
butterfly,20,CREATE_DELETE,0.7,0.2,CREATE_DELETE,,,[0|1|2|3|4|5|6|7|8|9 -> 0 -> 0|1|2|3|4|5|6|7|8|9],[0|1|2|3|4|5|6|7|8|9 -> 0 -> 0|1|2|3|4|5|6|7|8|9],[4; 1; 10; 8; 1; 3],0.368,,,,,,,,0,0,,,,,,,
butterfly,20,CREATE_DELETE,0.7,0.5,CREATE_DELETE,,,[0|1|2|3|4|5|6|7|8|9 -> 0 -> 0|1|2|3|4|5|6|7|8|9],[0|1|2|3|4|5|6|7|8|9 -> 0 -> 0|1|2|3|4|5|6|7|8|9],[11; 1; 10; 8; 1; 9],0.404,,,,,,,,0,0.001,,,,,,,
butterfly,20,CREATE_DELETE,0.7,0.8,CREATE_DELETE,,,[0|1|2|3|4|5|6|7|8|9 -> 0 -> 0|1|2|3|4|5|6|7|8|9],[0|1|2|3|4|5|6|7|8|9 -> 0 -> 0|1|2|3|4|5|6|7|8|9],[11; 1; 4; 3; 1; 10],0.392,,,,,,,,0,0,,,,,,,
butterfly,20,CREATE_DELETE,0.7,0.2,DELETE_CREATE,,,[0|1|2|3|4|5|6|7|8|9 -> 0 -> 0|1|2|3|4|5|6|7|8|9],[0|1|2|3|4|5|6|7|8|9 -> 0 -> 0|1|2|3|4|5|6|7|8|9],[4; 1; 10; 8; 1; 3],0.392,,,,,,,,0,0,,,,,,,
butterfly,20,CREATE_DELETE,0.7,0.5,DELETE_CREATE,,,[0|1|2|3|4|5|6|7|8|9 -> 0 -> 0|1|2|3|4|5|6|7|8|9],[0|1|2|3|4|5|6|7|8|9 -> 0 -> 0|1|2|3|4|5|6|7|8|9],[9; 1; 8; 6; 1; 7],0.372,,,,,,,,0,0,,,,,,,
butterfly,20,CREATE_DELETE,0.7,0.8,DELETE_CREATE,,,[0|1|2|3|4|5|6|7|8|9 -> 0 -> 0|1|2|3|4|5|6|7|8|9],[0|1|2|3|4|5|6|7|8|9 -> 0 -> 0|1|2|3|4|5|6|7|8|9],[10; 1; 4; 4; 1; 7],0.38,,,,,,,,0,0,,,,,,,
butterfly,20,CREATE_DELETE,0.7,0.2,NOOP,,,[0|1|2|3|4|5|6|7|8|9 -> 0 -> 0|1|2|3|4|5|6|7|8|9],[0|1|2|3|4|5|6|7|8|9 -> 0 -> 0|1|2|3|4|5|6|7|8|9],[13; 8; 3],0.368,,,,,,,,0,0,,,,,,,
butterfly,20,CREATE_DELETE,0.7,0.5,NOOP,,,[0|1|2|3|4|5|6|7|8|9 -> 0 -> 0|1|2|3|4|5|6|7|8|9],[0|1|2|3|4|5|6|7|8|9 -> 0 -> 0|1|2|3|4|5|6|7|8|9],[19; 6; 8],0.376,,,,,,,,0,0,,,,,,,
butterfly,20,CREATE_DELETE,0.7,0.8,NOOP,,,[0|1|2|3|4|5|6|7|8|9 -> 0 -> 0|1|2|3|4|5|6|7|8|9],[0|1|2|3|4|5|6|7|8|9 -> 0 -> 0|1|2|3|4|5|6|7|8|9],[14; 4; 9],0.368,,,,,,,,0,0,,,,,,,
butterfly,20,CREATE_DELETE,0.7,0.2,UPDATE,,,[0|1|2|3|4|5|6|7|8|9 -> 0 -> 0|1|2|3|4|5|6|7|8|9],[0|1|2|3|4|5|6|7|8|9 -> 0 -> 0|1|2|3|4|5|6|7|8|9],[7; 1; 10; 6; 3],0.392,,,,,,,,0,0,,,,,,,
butterfly,20,CREATE_DELETE,0.7,0.5,UPDATE,,,[0|1|2|3|4|5|6|7|8|9 -> 0 -> 0|1|2|3|4|5|6|7|8|9],[0|1|2|3|4|5|6|7|8|9 -> 0 -> 0|1|2|3|4|5|6|7|8|9],[9; 1; 9; 8; 7],0.368,,,,,,,,0,0,,,,,,,
butterfly,20,CREATE_DELETE,0.7,0.8,UPDATE,,,[0|1|2|3|4|5|6|7|8|9 -> 0 -> 0|1|2|3|4|5|6|7|8|9],[0|1|2|3|4|5|6|7|8|9 -> 0 -> 0|1|2|3|4|5|6|7|8|9],[11; 1; 4; 3; 7],0.388,,,,,,,,0,0,,,,,,,
butterfly,25,UPDATE,0.4,0.2,CREATE_DELETE,,,[0|1|0|1|2|3|4|5|6|7|8|9 -> 0 -> 0|1|0|1|2|3|4|5|6|7|8|9],[0|1|0|1|2|3|4|5|6|7|8|9 -> 0 -> 0|1|0|1|2|3|4|5|6|7|8|9],[5; 1; 12; 2; 1; 2],1.004,,,,,,,,0,0.001,,,,,,,
butterfly,25,UPDATE,0.4,0.5,CREATE_DELETE,,,[0|1|0|1|2|3|4|5|6|7|8|9 -> 0 -> 0|1|0|1|2|3|4|5|6|7|8|9],[0|1|0|1|2|3|4|5|6|7|8|9 -> 0 -> 0|1|0|1|2|3|4|5|6|7|8|9],[14; 1; 10; 2; 1; 5],0.98,,,,,,,,0,0.001,,,,,,,
butterfly,25,UPDATE,0.4,0.8,CREATE_DELETE,,,[0|1|0|1|2|3|4|5|6|7|8|9 -> 0 -> 0|1|0|1|2|3|4|5|6|7|8|9],[0|1|0|1|2|3|4|5|6|7|8|9 -> 0 -> 0|1|0|1|2|3|4|5|6|7|8|9],[13; 1; 5; 2; 1; 7],0.972,,,,,,,,0,0.001,,,,,,,
butterfly,25,UPDATE,0.4,0.2,DELETE_CREATE,,,[0|1|0|1|2|3|4|5|6|7|8|9 -> 0 -> 0|1|0|1|2|3|4|5|6|7|8|9],[0|1|0|1|2|3|4|5|6|7|8|9 -> 0 -> 0|1|0|1|2|3|4|5|6|7|8|9],[6; 1; 12; 5; 1; 3],1.012,,,,,,,,0,0.001,,,,,,,
butterfly,25,UPDATE,0.4,0.5,DELETE_CREATE,,,[0|1|0|1|2|3|4|5|6|7|8|9 -> 0 -> 0|1|0|1|2|3|4|5|6|7|8|9],[0|1|0|1|2|3|4|5|6|7|8|9 -> 0 -> 0|1|0|1|2|3|4|5|6|7|8|9],[13; 1; 9; 2; 1; 3],1.024,,,,,,,,0,0,,,,,,,
butterfly,25,UPDATE,0.4,0.8,DELETE_CREATE,,,[0|1|0|1|2|3|4|5|6|7|8|9 -> 0 -> 0|1|0|1|2|3|4|5|6|7|8|9],[0|1|0|1|2|3|4|5|6|7|8|9 -> 0 -> 0|1|0|1|2|3|4|5|6|7|8|9],[14; 1; 4; 1; 1; 5],0.98,,,,,,,,0,0.001,,,,,,,
butterfly,25,UPDATE,0.4,0.2,NOOP,,,[0|1|0|1|2|3|4|5|6|7|8|9 -> 0 -> 0|1|0|1|2|3|4|5|6|7|8|9],[0|1|0|1|2|3|4|5|6|7|8|9 -> 0 -> 0|1|0|1|2|3|4|5|6|7|8|9],[16; 7; 3],1.012,,,,,,,,0,0,,,,,,,
butterfly,25,UPDATE,0.4,0.5,NOOP,,,[0|1|0|1|2|3|4|5|6|7|8|9 -> 0 -> 0|1|0|1|2|3|4|5|6|7|8|9],[0|1|0|1|2|3|4|5|6|7|8|9 -> 0 -> 0|1|0|1|2|3|4|5|6|7|8|9],[21; 7; 6],0.964,,,,,,,,0,0.001,,,,,,,
butterfly,25,UPDATE,0.4,0.8,NOOP,,,[0|1|0|1|2|3|4|5|6|7|8|9 -> 0 -> 0|1|0|1|2|3|4|5|6|7|8|9],[0|1|0|1|2|3|4|5|6|7|8|9 -> 0 -> 0|1|0|1|2|3|4|5|6|7|8|9],[17; 5; 5],0.972,,,,,,,,0,0,,,,,,,
butterfly,25,UPDATE,0.4,0.2,UPDATE,,,[0|1|0|1|2|3|4|5|6|7|8|9 -> 0 -> 0|1|0|1|2|3|4|5|6|7|8|9],[0|1|0|1|2|3|4|5|6|7|8|9 -> 0 -> 0|1|0|1|2|3|4|5|6|7|8|9],[5; 1; 12; 3; 2],1.028,,,,,,,,0,0,,,,,,,
butterfly,25,UPDATE,0.4,0.5,UPDATE,,,[0|1|0|1|2|3|4|5|6|7|8|9 -> 0 -> 0|1|0|1|2|3|4|5|6|7|8|9],[0|1|0|1|2|3|4|5|6|7|8|9 -> 0 -> 0|1|0|1|2|3|4|5|6|7|8|9],[12; 1; 11; 2; 3],1.004,,,,,,,,0,0,,,,,,,
butterfly,25,UPDATE,0.4,0.8,UPDATE,,,[0|1|0|1|2|3|4|5|6|7|8|9 -> 0 -> 0|1|0|1|2|3|4|5|6|7|8|9],[0|1|0|1|2|3|4|5|6|7|8|9 -> 0 -> 0|1|0|1|2|3|4|5|6|7|8|9],[13; 4; 1; 1; 4],0.964,,,,FALSE,20.029,,,11,0.001,,,,,,,
butterfly,25,UPDATE,0.7,0.2,CREATE_DELETE,,,[0|1|0|1|2|3|4|5|6|7|8|9 -> 0 -> 0|1|0|1|2|3|4|5|6|7|8|9],[0|1|0|1|2|3|4|5|6|7|8|9 -> 0 -> 0|1|0|1|2|3|4|5|6|7|8|9],[4; 1; 12; 1; 1; 2],0.968,,,,,,,,0,0.001,,,,,,,
butterfly,25,UPDATE,0.7,0.5,CREATE_DELETE,,,[0|1|0|1|2|3|4|5|6|7|8|9 -> 0 -> 0|1|0|1|2|3|4|5|6|7|8|9],[0|1|0|1|2|3|4|5|6|7|8|9 -> 0 -> 0|1|0|1|2|3|4|5|6|7|8|9],[11; 1; 11; 1; 1; 1],0.944,,,,,,,,0,0.001,,,,,,,
butterfly,25,UPDATE,0.7,0.8,CREATE_DELETE,,,[0|1|0|1|2|3|4|5|6|7|8|9 -> 0 -> 0|1|0|1|2|3|4|5|6|7|8|9],[0|1|0|1|2|3|4|5|6|7|8|9 -> 0 -> 0|1|0|1|2|3|4|5|6|7|8|9],[12; 1; 6],0.992,,,,,,,,0,0,,,,,,,
butterfly,25,UPDATE,0.7,0.2,DELETE_CREATE,,,[0|1|0|1|2|3|4|5|6|7|8|9 -> 0 -> 0|1|0|1|2|3|4|5|6|7|8|9],[0|1|0|1|2|3|4|5|6|7|8|9 -> 0 -> 0|1|0|1|2|3|4|5|6|7|8|9],[7; 1; 12; 1; 1],0.996,,,,,,,,0,0,,,,,,,
butterfly,25,UPDATE,0.7,0.5,DELETE_CREATE,,,[0|1|0|1|2|3|4|5|6|7|8|9 -> 0 -> 0|1|0|1|2|3|4|5|6|7|8|9],[0|1|0|1|2|3|4|5|6|7|8|9 -> 0 -> 0|1|0|1|2|3|4|5|6|7|8|9],[13; 1; 11; 2; 1; 1],0.952,,,,,,,,0,0,,,,,,,
butterfly,25,UPDATE,0.7,0.8,DELETE_CREATE,,,[0|1|0|1|2|3|4|5|6|7|8|9 -> 0 -> 0|1|0|1|2|3|4|5|6|7|8|9],[0|1|0|1|2|3|4|5|6|7|8|9 -> 0 -> 0|1|0|1|2|3|4|5|6|7|8|9],[13; 1; 4; 1; 1; 5],0.972,,,,FALSE,18.552,,,20,0.001,,,,,,,
butterfly,25,UPDATE,0.7,0.2,NOOP,,,[0|1|0|1|2|3|4|5|6|7|8|9 -> 0 -> 0|1|0|1|2|3|4|5|6|7|8|9],[0|1|0|1|2|3|4|5|6|7|8|9 -> 0 -> 0|1|0|1|2|3|4|5|6|7|8|9],[16; 4],1,,,,,,,,0,0,,,,,,,
butterfly,25,UPDATE,0.7,0.5,NOOP,,,[0|1|0|1|2|3|4|5|6|7|8|9 -> 0 -> 0|1|0|1|2|3|4|5|6|7|8|9],[0|1|0|1|2|3|4|5|6|7|8|9 -> 0 -> 0|1|0|1|2|3|4|5|6|7|8|9],[21; 2; 2],0.968,,,,,,,,0,0,,,,,,,
butterfly,25,UPDATE,0.7,0.8,NOOP,,,[0|1|0|1|2|3|4|5|6|7|8|9 -> 0 -> 0|1|0|1|2|3|4|5|6|7|8|9],[0|1|0|1|2|3|4|5|6|7|8|9 -> 0 -> 0|1|0|1|2|3|4|5|6|7|8|9],[16; 3],0.964,,,,,,,,0,0,,,,,,,
butterfly,25,UPDATE,0.7,0.2,UPDATE,,,[0|1|0|1|2|3|4|5|6|7|8|9 -> 0 -> 0|1|0|1|2|3|4|5|6|7|8|9],[0|1|0|1|2|3|4|5|6|7|8|9 -> 0 -> 0|1|0|1|2|3|4|5|6|7|8|9],[5; 1; 12; 2; 2],1.004,,,,,,,,0,0.001,,,,,,,
butterfly,25,UPDATE,0.7,0.5,UPDATE,,,[0|1|0|1|2|3|4|5|6|7|8|9 -> 0 -> 0|1|0|1|2|3|4|5|6|7|8|9],[0|1|0|1|2|3|4|5|6|7|8|9 -> 0 -> 0|1|0|1|2|3|4|5|6|7|8|9],[11; 1; 11; 2; 3],0.988,,,,,,,,0,0,,,,,,,
butterfly,25,UPDATE,0.7,0.8,UPDATE,,,[0|1|0|1|2|3|4|5|6|7|8|9 -> 0 -> 0|1|0|1|2|3|4|5|6|7|8|9],[0|1|0|1|2|3|4|5|6|7|8|9 -> 0 -> 0|1|0|1|2|3|4|5|6|7|8|9],[10; 3; 3; 1; 5],1,,,,FALSE,15.917,,,36,0.001,,,,,,,
butterfly,25,NOOP,0.4,0.2,CREATE_DELETE,,,[0|1|0|1|2|3|4|5|6|7|8|9 -> 0 -> 0|1|0|1|2|3|4|5|6|7|8|9],[0|1|0|1|2|3|4|5|6|7|8|9 -> 0 -> 0|1|0|1|2|3|4|5|6|7|8|9],[4; 1; 9; 2; 1; 2],1.008,,,,,,,,0,0.001,,,,,,,
butterfly,25,NOOP,0.4,0.5,CREATE_DELETE,,,[0|1|0|1|2|3|4|5|6|7|8|9 -> 0 -> 0|1|0|1|2|3|4|5|6|7|8|9],[0|1|0|1|2|3|4|5|6|7|8|9 -> 0 -> 0|1|0|1|2|3|4|5|6|7|8|9],[7; 1; 6; 1; 1; 3],0.972,,,,,,,,0,0,,,,,,,
butterfly,25,NOOP,0.4,0.8,CREATE_DELETE,,,[0|1|0|1|2|3|4|5|6|7|8|9 -> 0 -> 0|1|0|1|2|3|4|5|6|7|8|9],[0|1|0|1|2|3|4|5|6|7|8|9 -> 0 -> 0|1|0|1|2|3|4|5|6|7|8|9],[14; 1; 4; 1; 1; 10],0.992,,,,,,,,0,0,,,,,,,
butterfly,25,NOOP,0.4,0.2,DELETE_CREATE,,,[0|1|0|1|2|3|4|5|6|7|8|9 -> 0 -> 0|1|0|1|2|3|4|5|6|7|8|9],[0|1|0|1|2|3|4|5|6|7|8|9 -> 0 -> 0|1|0|1|2|3|4|5|6|7|8|9],[6; 1; 12; 2; 1],0.956,,,,,,,,0,0.001,,,,,,,
butterfly,25,NOOP,0.4,0.5,DELETE_CREATE,,,[0|1|0|1|2|3|4|5|6|7|8|9 -> 0 -> 0|1|0|1|2|3|4|5|6|7|8|9],[0|1|0|1|2|3|4|5|6|7|8|9 -> 0 -> 0|1|0|1|2|3|4|5|6|7|8|9],[13; 1; 9; 2; 1; 6],1.008,,,,,,,,0,0,,,,,,,
butterfly,25,NOOP,0.4,0.8,DELETE_CREATE,,,[0|1|0|1|2|3|4|5|6|7|8|9 -> 0 -> 0|1|0|1|2|3|4|5|6|7|8|9],[0|1|0|1|2|3|4|5|6|7|8|9 -> 0 -> 0|1|0|1|2|3|4|5|6|7|8|9],[9; 1; 8; 5; 1; 4],1.016,,,,FALSE,13.019,,,60,0.001,,,,,,,
butterfly,25,NOOP,0.4,0.2,NOOP,,,[0|1|0|1|2|3|4|5|6|7|8|9 -> 0 -> 0|1|0|1|2|3|4|5|6|7|8|9],[0|1|0|1|2|3|4|5|6|7|8|9 -> 0 -> 0|1|0|1|2|3|4|5|6|7|8|9],[13; 6; 1],0.996,,,,,,,,0,0.001,,,,,,,
butterfly,25,NOOP,0.4,0.5,NOOP,,,[0|1|0|1|2|3|4|5|6|7|8|9 -> 0 -> 0|1|0|1|2|3|4|5|6|7|8|9],[0|1|0|1|2|3|4|5|6|7|8|9 -> 0 -> 0|1|0|1|2|3|4|5|6|7|8|9],[15; 6; 1],1,,,,,,,,0,0,,,,,,,
butterfly,25,NOOP,0.4,0.8,NOOP,,,[0|1|0|1|2|3|4|5|6|7|8|9 -> 0 -> 0|1|0|1|2|3|4|5|6|7|8|9],[0|1|0|1|2|3|4|5|6|7|8|9 -> 0 -> 0|1|0|1|2|3|4|5|6|7|8|9],[16; 2; 7],1.012,,,,,,,,0,0,,,,,,,
butterfly,25,NOOP,0.4,0.2,UPDATE,,,[0|1|0|1|2|3|4|5|6|7|8|9 -> 0 -> 0|1|0|1|2|3|4|5|6|7|8|9],[0|1|0|1|2|3|4|5|6|7|8|9 -> 0 -> 0|1|0|1|2|3|4|5|6|7|8|9],[8; 1; 1; 1; 12],0.976,,,,FALSE,9.308,,,7,0,,,,,,,
butterfly,25,NOOP,0.4,0.5,UPDATE,,,[0|1|0|1|2|3|4|5|6|7|8|9 -> 0 -> 0|1|0|1|2|3|4|5|6|7|8|9],[0|1|0|1|2|3|4|5|6|7|8|9 -> 0 -> 0|1|0|1|2|3|4|5|6|7|8|9],[11; 1; 9; 2; 8],0.968,,,,,,,,0,0,,,,,,,
butterfly,25,NOOP,0.4,0.8,UPDATE,,,[0|1|0|1|2|3|4|5|6|7|8|9 -> 0 -> 0|1|0|1|2|3|4|5|6|7|8|9],[0|1|0|1|2|3|4|5|6|7|8|9 -> 0 -> 0|1|0|1|2|3|4|5|6|7|8|9],[13; 1; 4; 1; 10],0.968,,,,,,,,0,0,,,,,,,
butterfly,25,NOOP,0.7,0.2,CREATE_DELETE,,,[0|1|0|1|2|3|4|5|6|7|8|9 -> 0 -> 0|1|0|1|2|3|4|5|6|7|8|9],[0|1|0|1|2|3|4|5|6|7|8|9 -> 0 -> 0|1|0|1|2|3|4|5|6|7|8|9],[8; 1; 9; 2; 1; 2],0.992,,,,,,,,0,0,,,,,,,
butterfly,25,NOOP,0.7,0.5,CREATE_DELETE,,,[0|1|0|1|2|3|4|5|6|7|8|9 -> 0 -> 0|1|0|1|2|3|4|5|6|7|8|9],[0|1|0|1|2|3|4|5|6|7|8|9 -> 0 -> 0|1|0|1|2|3|4|5|6|7|8|9],[7; 1; 6; 1; 1; 4],1.004,,,,,,,,0,0.001,,,,,,,
butterfly,25,NOOP,0.7,0.8,CREATE_DELETE,,,[0|1|0|1|2|3|4|5|6|7|8|9 -> 0 -> 0|1|0|1|2|3|4|5|6|7|8|9],[0|1|0|1|2|3|4|5|6|7|8|9 -> 0 -> 0|1|0|1|2|3|4|5|6|7|8|9],[10; 1; 3; 1; 1; 6],0.976,,,,,,,,0,0.001,,,,,,,
butterfly,25,NOOP,0.7,0.2,DELETE_CREATE,,,[0|1|0|1|2|3|4|5|6|7|8|9 -> 0 -> 0|1|0|1|2|3|4|5|6|7|8|9],[0|1|0|1|2|3|4|5|6|7|8|9 -> 0 -> 0|1|0|1|2|3|4|5|6|7|8|9],[4; 1; 9; 3; 1],0.996,,,,,,,,0,0.001,,,,,,,
butterfly,25,NOOP,0.7,0.5,DELETE_CREATE,,,[0|1|0|1|2|3|4|5|6|7|8|9 -> 0 -> 0|1|0|1|2|3|4|5|6|7|8|9],[0|1|0|1|2|3|4|5|6|7|8|9 -> 0 -> 0|1|0|1|2|3|4|5|6|7|8|9],[7; 1; 7; 3; 1; 4],0.992,,,,,,,,0,0.001,,,,,,,
butterfly,25,NOOP,0.7,0.8,DELETE_CREATE,,,[0|1|0|1|2|3|4|5|6|7|8|9 -> 0 -> 0|1|0|1|2|3|4|5|6|7|8|9],[0|1|0|1|2|3|4|5|6|7|8|9 -> 0 -> 0|1|0|1|2|3|4|5|6|7|8|9],[6; 1; 2; 1; 1; 5],0.992,,,,,,,,0,0,,,,,,,
butterfly,25,NOOP,0.7,0.2,NOOP,,,[0|1|0|1|2|3|4|5|6|7|8|9 -> 0 -> 0|1|0|1|2|3|4|5|6|7|8|9],[0|1|0|1|2|3|4|5|6|7|8|9 -> 0 -> 0|1|0|1|2|3|4|5|6|7|8|9],[10; 6; 2],0.956,,,,,,,,0,0,,,,,,,
butterfly,25,NOOP,0.7,0.5,NOOP,,,[0|1|0|1|2|3|4|5|6|7|8|9 -> 0 -> 0|1|0|1|2|3|4|5|6|7|8|9],[0|1|0|1|2|3|4|5|6|7|8|9 -> 0 -> 0|1|0|1|2|3|4|5|6|7|8|9],[8; 3; 4],1,,,,,,,,0,0,,,,,,,
butterfly,25,NOOP,0.7,0.8,NOOP,,,[0|1|0|1|2|3|4|5|6|7|8|9 -> 0 -> 0|1|0|1|2|3|4|5|6|7|8|9],[0|1|0|1|2|3|4|5|6|7|8|9 -> 0 -> 0|1|0|1|2|3|4|5|6|7|8|9],[8; 4],0.968,,,,,,,,0,0,,,,,,,
butterfly,25,NOOP,0.7,0.2,UPDATE,,,[0|1|0|1|2|3|4|5|6|7|8|9 -> 0 -> 0|1|0|1|2|3|4|5|6|7|8|9],[0|1|0|1|2|3|4|5|6|7|8|9 -> 0 -> 0|1|0|1|2|3|4|5|6|7|8|9],[6; 1; 8; 3; 2],0.996,,,,,,,,0,0,,,,,,,
butterfly,25,NOOP,0.7,0.5,UPDATE,,,[0|1|0|1|2|3|4|5|6|7|8|9 -> 0 -> 0|1|0|1|2|3|4|5|6|7|8|9],[0|1|0|1|2|3|4|5|6|7|8|9 -> 0 -> 0|1|0|1|2|3|4|5|6|7|8|9],[6; 1; 4; 1; 3],1,,,,,,,,0,0.001,,,,,,,
butterfly,25,NOOP,0.7,0.8,UPDATE,,,[0|1|0|1|2|3|4|5|6|7|8|9 -> 0 -> 0|1|0|1|2|3|4|5|6|7|8|9],[0|1|0|1|2|3|4|5|6|7|8|9 -> 0 -> 0|1|0|1|2|3|4|5|6|7|8|9],[5; 1; 2; 1; 2],1,,,,,,,,0,0,,,,,,,
butterfly,25,DELETE_CREATE,0.4,0.2,CREATE_DELETE,,,[0|1|0|1|2|3|4|5|6|7|8|9 -> 0 -> 0|1|0|1|2|3|4|5|6|7|8|9],[0|1|0|1|2|3|4|5|6|7|8|9 -> 0 -> 0|1|0|1|2|3|4|5|6|7|8|9],[10; 1; 12; 2; 1; 2],0.952,,,,,,,,0,0,,,,,,,
butterfly,25,DELETE_CREATE,0.4,0.5,CREATE_DELETE,,,[0|1|0|1|2|3|4|5|6|7|8|9 -> 0 -> 0|1|0|1|2|3|4|5|6|7|8|9],[0|1|0|1|2|3|4|5|6|7|8|9 -> 0 -> 0|1|0|1|2|3|4|5|6|7|8|9],[15; 1; 9; 6],1.004,,,,,,,,0,0,,,,,,,
butterfly,25,DELETE_CREATE,0.4,0.8,CREATE_DELETE,,,[0|1|0|1|2|3|4|5|6|7|8|9 -> 0 -> 0|1|0|1|2|3|4|5|6|7|8|9],[0|1|0|1|2|3|4|5|6|7|8|9 -> 0 -> 0|1|0|1|2|3|4|5|6|7|8|9],[13; 1; 4; 1; 1; 8],1.004,,,,,,,,0,0.001,,,,,,,
butterfly,25,DELETE_CREATE,0.4,0.2,DELETE_CREATE,,,[0|1|0|1|2|3|4|5|6|7|8|9 -> 0 -> 0|1|0|1|2|3|4|5|6|7|8|9],[0|1|0|1|2|3|4|5|6|7|8|9 -> 0 -> 0|1|0|1|2|3|4|5|6|7|8|9],[11; 1; 12; 3; 1; 4],0.992,,,,,,,,0,0,,,,,,,
butterfly,25,DELETE_CREATE,0.4,0.5,DELETE_CREATE,,,[0|1|0|1|2|3|4|5|6|7|8|9 -> 0 -> 0|1|0|1|2|3|4|5|6|7|8|9],[0|1|0|1|2|3|4|5|6|7|8|9 -> 0 -> 0|1|0|1|2|3|4|5|6|7|8|9],[18; 1; 10; 2; 1; 9],0.988,,,,,,,,0,0,,,,,,,
butterfly,25,DELETE_CREATE,0.4,0.8,DELETE_CREATE,,,[0|1|0|1|2|3|4|5|6|7|8|9 -> 0 -> 0|1|0|1|2|3|4|5|6|7|8|9],[0|1|0|1|2|3|4|5|6|7|8|9 -> 0 -> 0|1|0|1|2|3|4|5|6|7|8|9],[15; 1; 5; 2; 1; 9],1.02,,,,,,,,0,0.001,,,,,,,
butterfly,25,DELETE_CREATE,0.4,0.2,NOOP,,,[0|1|0|1|2|3|4|5|6|7|8|9 -> 0 -> 0|1|0|1|2|3|4|5|6|7|8|9],[0|1|0|1|2|3|4|5|6|7|8|9 -> 0 -> 0|1|0|1|2|3|4|5|6|7|8|9],[15; 9; 2],0.956,,,,,,,,0,0,,,,,,,
butterfly,25,DELETE_CREATE,0.4,0.5,NOOP,,,[0|1|0|1|2|3|4|5|6|7|8|9 -> 0 -> 0|1|0|1|2|3|4|5|6|7|8|9],[0|1|0|1|2|3|4|5|6|7|8|9 -> 0 -> 0|1|0|1|2|3|4|5|6|7|8|9],[23; 8; 11],0.968,,,,,,,,0,0,,,,,,,
butterfly,25,DELETE_CREATE,0.4,0.8,NOOP,,,[0|1|0|1|2|3|4|5|6|7|8|9 -> 0 -> 0|1|0|1|2|3|4|5|6|7|8|9],[0|1|0|1|2|3|4|5|6|7|8|9 -> 0 -> 0|1|0|1|2|3|4|5|6|7|8|9],[16; 3; 9],0.98,,,,,,,,0,0,,,,,,,
butterfly,25,DELETE_CREATE,0.4,0.2,UPDATE,,,[0|1|0|1|2|3|4|5|6|7|8|9 -> 0 -> 0|1|0|1|2|3|4|5|6|7|8|9],[0|1|0|1|2|3|4|5|6|7|8|9 -> 0 -> 0|1|0|1|2|3|4|5|6|7|8|9],[10; 1; 12; 2; 3],1,,,,,,,,0,0,,,,,,,
butterfly,25,DELETE_CREATE,0.4,0.5,UPDATE,,,[0|1|0|1|2|3|4|5|6|7|8|9 -> 0 -> 0|1|0|1|2|3|4|5|6|7|8|9],[0|1|0|1|2|3|4|5|6|7|8|9 -> 0 -> 0|1|0|1|2|3|4|5|6|7|8|9],[12; 1; 10; 4; 6],1.044,,,,,,,,0,0.001,,,,,,,
butterfly,25,DELETE_CREATE,0.4,0.8,UPDATE,,,[0|1|0|1|2|3|4|5|6|7|8|9 -> 0 -> 0|1|0|1|2|3|4|5|6|7|8|9],[0|1|0|1|2|3|4|5|6|7|8|9 -> 0 -> 0|1|0|1|2|3|4|5|6|7|8|9],[14; 1; 5; 1; 7],1.024,,,,,,,,0,0,,,,,,,
butterfly,25,DELETE_CREATE,0.7,0.2,CREATE_DELETE,,,[0|1|0|1|2|3|4|5|6|7|8|9 -> 0 -> 0|1|0|1|2|3|4|5|6|7|8|9],[0|1|0|1|2|3|4|5|6|7|8|9 -> 0 -> 0|1|0|1|2|3|4|5|6|7|8|9],[14; 1; 13; 3],0.968,,,,,,,,0,0,,,,,,,
butterfly,25,DELETE_CREATE,0.7,0.5,CREATE_DELETE,,,[0|1|0|1|2|3|4|5|6|7|8|9 -> 0 -> 0|1|0|1|2|3|4|5|6|7|8|9],[0|1|0|1|2|3|4|5|6|7|8|9 -> 0 -> 0|1|0|1|2|3|4|5|6|7|8|9],[19; 1; 11; 2; 1; 10],1.004,,,,,,,,0,0.001,,,,,,,
butterfly,25,DELETE_CREATE,0.7,0.8,CREATE_DELETE,,,[0|1|0|1|2|3|4|5|6|7|8|9 -> 0 -> 0|1|0|1|2|3|4|5|6|7|8|9],[0|1|0|1|2|3|4|5|6|7|8|9 -> 0 -> 0|1|0|1|2|3|4|5|6|7|8|9],[17; 1; 6; 10],0.996,,,,,,,,0,0,,,,,,,
butterfly,25,DELETE_CREATE,0.7,0.2,DELETE_CREATE,,,[0|1|0|1|2|3|4|5|6|7|8|9 -> 0 -> 0|1|0|1|2|3|4|5|6|7|8|9],[0|1|0|1|2|3|4|5|6|7|8|9 -> 0 -> 0|1|0|1|2|3|4|5|6|7|8|9],[14; 1; 12; 1; 1; 4],0.964,,,,,,,,0,0,,,,,,,
butterfly,25,DELETE_CREATE,0.7,0.5,DELETE_CREATE,,,[0|1|0|1|2|3|4|5|6|7|8|9 -> 0 -> 0|1|0|1|2|3|4|5|6|7|8|9],[0|1|0|1|2|3|4|5|6|7|8|9 -> 0 -> 0|1|0|1|2|3|4|5|6|7|8|9],[15; 1; 10; 8; 1; 12],1.04,,,,,,,,0,0,,,,,,,
butterfly,25,DELETE_CREATE,0.7,0.8,DELETE_CREATE,,,[0|1|0|1|2|3|4|5|6|7|8|9 -> 0 -> 0|1|0|1|2|3|4|5|6|7|8|9],[0|1|0|1|2|3|4|5|6|7|8|9 -> 0 -> 0|1|0|1|2|3|4|5|6|7|8|9],[15; 1; 5; 1; 1; 10],0.968,,,,,,,,0,0,,,,,,,
butterfly,25,DELETE_CREATE,0.7,0.2,NOOP,,,[0|1|0|1|2|3|4|5|6|7|8|9 -> 0 -> 0|1|0|1|2|3|4|5|6|7|8|9],[0|1|0|1|2|3|4|5|6|7|8|9 -> 0 -> 0|1|0|1|2|3|4|5|6|7|8|9],[16; 10; 4],0.98,,,,,,,,0,0,,,,,,,
butterfly,25,DELETE_CREATE,0.7,0.5,NOOP,,,[0|1|0|1|2|3|4|5|6|7|8|9 -> 0 -> 0|1|0|1|2|3|4|5|6|7|8|9],[0|1|0|1|2|3|4|5|6|7|8|9 -> 0 -> 0|1|0|1|2|3|4|5|6|7|8|9],[22; 10; 9],0.992,,,,,,,,0,0,,,,,,,
butterfly,25,DELETE_CREATE,0.7,0.8,NOOP,,,[0|1|0|1|2|3|4|5|6|7|8|9 -> 0 -> 0|1|0|1|2|3|4|5|6|7|8|9],[0|1|0|1|2|3|4|5|6|7|8|9 -> 0 -> 0|1|0|1|2|3|4|5|6|7|8|9],[8; 14; 9],0.964,,,,FALSE,14.301,,,81,0.001,,,,,,,
butterfly,25,DELETE_CREATE,0.7,0.2,UPDATE,,,[0|1|0|1|2|3|4|5|6|7|8|9 -> 0 -> 0|1|0|1|2|3|4|5|6|7|8|9],[0|1|0|1|2|3|4|5|6|7|8|9 -> 0 -> 0|1|0|1|2|3|4|5|6|7|8|9],[15; 1; 12; 1; 4],1.024,,,,,,,,0,0,,,,,,,
butterfly,25,DELETE_CREATE,0.7,0.5,UPDATE,,,[0|1|0|1|2|3|4|5|6|7|8|9 -> 0 -> 0|1|0|1|2|3|4|5|6|7|8|9],[0|1|0|1|2|3|4|5|6|7|8|9 -> 0 -> 0|1|0|1|2|3|4|5|6|7|8|9],[11; 11; 10; 1; 11],1.02,,,,FALSE,10.986,,,30,0.001,,,,,,,
butterfly,25,DELETE_CREATE,0.7,0.8,UPDATE,,,[0|1|0|1|2|3|4|5|6|7|8|9 -> 0 -> 0|1|0|1|2|3|4|5|6|7|8|9],[0|1|0|1|2|3|4|5|6|7|8|9 -> 0 -> 0|1|0|1|2|3|4|5|6|7|8|9],[14; 1; 4; 1; 9],0.976,,,,,,,,0,0,,,,,,,
butterfly,25,CREATE_DELETE,0.4,0.2,CREATE_DELETE,,,[0|1|0|1|2|3|4|5|6|7|8|9 -> 0 -> 0|1|0|1|2|3|4|5|6|7|8|9],[0|1|0|1|2|3|4|5|6|7|8|9 -> 0 -> 0|1|0|1|2|3|4|5|6|7|8|9],[7; 1; 12; 4; 1; 2],0.92,,,,,,,,0,0,,,,,,,
butterfly,25,CREATE_DELETE,0.4,0.5,CREATE_DELETE,,,[0|1|0|1|2|3|4|5|6|7|8|9 -> 0 -> 0|1|0|1|2|3|4|5|6|7|8|9],[0|1|0|1|2|3|4|5|6|7|8|9 -> 0 -> 0|1|0|1|2|3|4|5|6|7|8|9],[12; 1; 9; 3; 1; 8],0.952,,,,,,,,0,0,,,,,,,
butterfly,25,CREATE_DELETE,0.4,0.8,CREATE_DELETE,,,[0|1|0|1|2|3|4|5|6|7|8|9 -> 0 -> 0|1|0|1|2|3|4|5|6|7|8|9],[0|1|0|1|2|3|4|5|6|7|8|9 -> 0 -> 0|1|0|1|2|3|4|5|6|7|8|9],[15; 1; 5; 9],0.972,,,,,,,,0,0,,,,,,,
butterfly,25,CREATE_DELETE,0.4,0.2,DELETE_CREATE,,,[0|1|0|1|2|3|4|5|6|7|8|9 -> 0 -> 0|1|0|1|2|3|4|5|6|7|8|9],[0|1|0|1|2|3|4|5|6|7|8|9 -> 0 -> 0|1|0|1|2|3|4|5|6|7|8|9],[6; 1; 12; 7; 1; 3],0.984,,,,,,,,0,0.001,,,,,,,
butterfly,25,CREATE_DELETE,0.4,0.5,DELETE_CREATE,,,[0|1|0|1|2|3|4|5|6|7|8|9 -> 0 -> 0|1|0|1|2|3|4|5|6|7|8|9],[0|1|0|1|2|3|4|5|6|7|8|9 -> 0 -> 0|1|0|1|2|3|4|5|6|7|8|9],[8; 1; 9; 5; 1; 7],0.968,,,,,,,,0,0.001,,,,,,,
butterfly,25,CREATE_DELETE,0.4,0.8,DELETE_CREATE,,,[0|1|0|1|2|3|4|5|6|7|8|9 -> 0 -> 0|1|0|1|2|3|4|5|6|7|8|9],[0|1|0|1|2|3|4|5|6|7|8|9 -> 0 -> 0|1|0|1|2|3|4|5|6|7|8|9],[13; 1; 4; 2; 1; 6],0.976,,,,,,,,0,0.001,,,,,,,
butterfly,25,CREATE_DELETE,0.4,0.2,NOOP,,,[0|1|0|1|2|3|4|5|6|7|8|9 -> 0 -> 0|1|0|1|2|3|4|5|6|7|8|9],[0|1|0|1|2|3|4|5|6|7|8|9 -> 0 -> 0|1|0|1|2|3|4|5|6|7|8|9],[15; 10; 2],0.972,,,,,,,,0,0,,,,,,,
butterfly,25,CREATE_DELETE,0.4,0.5,NOOP,,,[0|1|0|1|2|3|4|5|6|7|8|9 -> 0 -> 0|1|0|1|2|3|4|5|6|7|8|9],[0|1|0|1|2|3|4|5|6|7|8|9 -> 0 -> 0|1|0|1|2|3|4|5|6|7|8|9],[20; 9; 8],0.96,,,,,,,,0,0,,,,,,,
butterfly,25,CREATE_DELETE,0.4,0.8,NOOP,,,[0|1|0|1|2|3|4|5|6|7|8|9 -> 0 -> 0|1|0|1|2|3|4|5|6|7|8|9],[0|1|0|1|2|3|4|5|6|7|8|9 -> 0 -> 0|1|0|1|2|3|4|5|6|7|8|9],[17; 5; 9],0.96,,,,,,,,0,0,,,,,,,
butterfly,25,CREATE_DELETE,0.4,0.2,UPDATE,,,[0|1|0|1|2|3|4|5|6|7|8|9 -> 0 -> 0|1|0|1|2|3|4|5|6|7|8|9],[0|1|0|1|2|3|4|5|6|7|8|9 -> 0 -> 0|1|0|1|2|3|4|5|6|7|8|9],[10; 1; 12; 4; 1],0.936,,,,,,,,0,0,,,,,,,
butterfly,25,CREATE_DELETE,0.4,0.5,UPDATE,,,[0|1|0|1|2|3|4|5|6|7|8|9 -> 0 -> 0|1|0|1|2|3|4|5|6|7|8|9],[0|1|0|1|2|3|4|5|6|7|8|9 -> 0 -> 0|1|0|1|2|3|4|5|6|7|8|9],[14; 1; 11; 4; 7],0.968,,,,,,,,0,0,,,,,,,
butterfly,25,CREATE_DELETE,0.4,0.8,UPDATE,,,[0|1|0|1|2|3|4|5|6|7|8|9 -> 0 -> 0|1|0|1|2|3|4|5|6|7|8|9],[0|1|0|1|2|3|4|5|6|7|8|9 -> 0 -> 0|1|0|1|2|3|4|5|6|7|8|9],[14; 1; 4; 1; 9],0.992,,,,,,,,0,0,,,,,,,
butterfly,25,CREATE_DELETE,0.7,0.2,CREATE_DELETE,,,[0|1|0|1|2|3|4|5|6|7|8|9 -> 0 -> 0|1|0|1|2|3|4|5|6|7|8|9],[0|1|0|1|2|3|4|5|6|7|8|9 -> 0 -> 0|1|0|1|2|3|4|5|6|7|8|9],[6; 1; 12; 9; 1; 4],1.028,,,,,,,,0,0.001,,,,,,,
butterfly,25,CREATE_DELETE,0.7,0.5,CREATE_DELETE,,,[0|1|0|1|2|3|4|5|6|7|8|9 -> 0 -> 0|1|0|1|2|3|4|5|6|7|8|9],[0|1|0|1|2|3|4|5|6|7|8|9 -> 0 -> 0|1|0|1|2|3|4|5|6|7|8|9],[10; 1; 9; 7; 1; 7],1,,,,,,,,0,0.001,,,,,,,
butterfly,25,CREATE_DELETE,0.7,0.8,CREATE_DELETE,,,[0|1|0|1|2|3|4|5|6|7|8|9 -> 0 -> 0|1|0|1|2|3|4|5|6|7|8|9],[0|1|0|1|2|3|4|5|6|7|8|9 -> 0 -> 0|1|0|1|2|3|4|5|6|7|8|9],[13; 1; 4; 3; 1; 10],0.984,,,,,,,,0,0.001,,,,,,,
butterfly,25,CREATE_DELETE,0.7,0.2,DELETE_CREATE,,,[0|1|0|1|2|3|4|5|6|7|8|9 -> 0 -> 0|1|0|1|2|3|4|5|6|7|8|9],[0|1|0|1|2|3|4|5|6|7|8|9 -> 0 -> 0|1|0|1|2|3|4|5|6|7|8|9],[7; 1; 12; 8; 1; 4],0.992,,,,,,,,0,0.001,,,,,,,
butterfly,25,CREATE_DELETE,0.7,0.5,DELETE_CREATE,,,[0|1|0|1|2|3|4|5|6|7|8|9 -> 0 -> 0|1|0|1|2|3|4|5|6|7|8|9],[0|1|0|1|2|3|4|5|6|7|8|9 -> 0 -> 0|1|0|1|2|3|4|5|6|7|8|9],[12; 1; 11; 10; 1; 9],1.016,,,,,,,,0,0.001,,,,,,,
butterfly,25,CREATE_DELETE,0.7,0.8,DELETE_CREATE,,,[0|1|0|1|2|3|4|5|6|7|8|9 -> 0 -> 0|1|0|1|2|3|4|5|6|7|8|9],[0|1|0|1|2|3|4|5|6|7|8|9 -> 0 -> 0|1|0|1|2|3|4|5|6|7|8|9],[12; 1; 4; 2; 1; 10],1.02,,,,,,,,0,0.001,,,,,,,
butterfly,25,CREATE_DELETE,0.7,0.2,NOOP,,,[0|1|0|1|2|3|4|5|6|7|8|9 -> 0 -> 0|1|0|1|2|3|4|5|6|7|8|9],[0|1|0|1|2|3|4|5|6|7|8|9 -> 0 -> 0|1|0|1|2|3|4|5|6|7|8|9],[15; 12; 2],1.004,,,,,,,,0,0,,,,,,,
butterfly,25,CREATE_DELETE,0.7,0.5,NOOP,,,[0|1|0|1|2|3|4|5|6|7|8|9 -> 0 -> 0|1|0|1|2|3|4|5|6|7|8|9],[0|1|0|1|2|3|4|5|6|7|8|9 -> 0 -> 0|1|0|1|2|3|4|5|6|7|8|9],[21; 9; 9],1.024,,,,,,,,0,0,,,,,,,
butterfly,25,CREATE_DELETE,0.7,0.8,NOOP,,,[0|1|0|1|2|3|4|5|6|7|8|9 -> 0 -> 0|1|0|1|2|3|4|5|6|7|8|9],[0|1|0|1|2|3|4|5|6|7|8|9 -> 0 -> 0|1|0|1|2|3|4|5|6|7|8|9],[17; 5; 10],1.004,,,,,,,,0,0,,,,,,,
butterfly,25,CREATE_DELETE,0.7,0.2,UPDATE,,,[0|1|0|1|2|3|4|5|6|7|8|9 -> 0 -> 0|1|0|1|2|3|4|5|6|7|8|9],[0|1|0|1|2|3|4|5|6|7|8|9 -> 0 -> 0|1|0|1|2|3|4|5|6|7|8|9],[7; 1; 12; 8; 4],0.996,,,,,,,,0,0.001,,,,,,,
butterfly,25,CREATE_DELETE,0.7,0.5,UPDATE,,,[0|1|0|1|2|3|4|5|6|7|8|9 -> 0 -> 0|1|0|1|2|3|4|5|6|7|8|9],[0|1|0|1|2|3|4|5|6|7|8|9 -> 0 -> 0|1|0|1|2|3|4|5|6|7|8|9],[13; 1; 12; 10; 11],1.036,,,,,,,,0,0.001,,,,,,,
butterfly,25,CREATE_DELETE,0.7,0.8,UPDATE,,,[0|1|0|1|2|3|4|5|6|7|8|9 -> 0 -> 0|1|0|1|2|3|4|5|6|7|8|9],[0|1|0|1|2|3|4|5|6|7|8|9 -> 0 -> 0|1|0|1|2|3|4|5|6|7|8|9],[12; 1; 5; 5; 11],0.968,,,,,,,,0,0.001,,,,,,,
butterfly,30,UPDATE,0.4,0.2,CREATE_DELETE,,,[0|1|0|1|2|3|4|2|3|4|5|6|7|8|9 -> 0 -> 0|1|0|1|2|3|4|2|3|4|5|6|7|8|9],[0|1|0|1|2|3|4|2|3|4|5|6|7|8|9 -> 0 -> 0|1|0|1|2|3|4|2|3|4|5|6|7|8|9],[7; 1; 15; 6; 1; 4],3.96,,,,,,,,0,0.001,,,,,,,
butterfly,30,UPDATE,0.4,0.5,CREATE_DELETE,,,[0|1|0|1|2|3|4|2|3|4|5|6|7|8|9 -> 0 -> 0|1|0|1|2|3|4|2|3|4|5|6|7|8|9],[0|1|0|1|2|3|4|2|3|4|5|6|7|8|9 -> 0 -> 0|1|0|1|2|3|4|2|3|4|5|6|7|8|9],[13; 1; 13; 5; 1; 5],3.984,,,,,,,,0,0.001,,,,,,,
butterfly,30,UPDATE,0.4,0.8,CREATE_DELETE,,,[0|1|0|1|2|3|4|2|3|4|5|6|7|8|9 -> 0 -> 0|1|0|1|2|3|4|2|3|4|5|6|7|8|9],[0|1|0|1|2|3|4|2|3|4|5|6|7|8|9 -> 0 -> 0|1|0|1|2|3|4|2|3|4|5|6|7|8|9],[16; 1; 5; 2; 1; 7],3.98,,,,,,,,0,0.002,,,,,,,
butterfly,30,UPDATE,0.4,0.2,DELETE_CREATE,,,[0|1|0|1|2|3|4|2|3|4|5|6|7|8|9 -> 0 -> 0|1|0|1|2|3|4|2|3|4|5|6|7|8|9],[0|1|0|1|2|3|4|2|3|4|5|6|7|8|9 -> 0 -> 0|1|0|1|2|3|4|2|3|4|5|6|7|8|9],[8; 1; 15; 4; 1; 3],4,,,,,,,,0,0.001,,,,,,,
butterfly,30,UPDATE,0.4,0.5,DELETE_CREATE,,,[0|1|0|1|2|3|4|2|3|4|5|6|7|8|9 -> 0 -> 0|1|0|1|2|3|4|2|3|4|5|6|7|8|9],[0|1|0|1|2|3|4|2|3|4|5|6|7|8|9 -> 0 -> 0|1|0|1|2|3|4|2|3|4|5|6|7|8|9],[12; 1; 11; 6; 1; 5],3.96,,,,,,,,0,0.001,,,,,,,
butterfly,30,UPDATE,0.4,0.8,DELETE_CREATE,,,[0|1|0|1|2|3|4|2|3|4|5|6|7|8|9 -> 0 -> 0|1|0|1|2|3|4|2|3|4|5|6|7|8|9],[0|1|0|1|2|3|4|2|3|4|5|6|7|8|9 -> 0 -> 0|1|0|1|2|3|4|2|3|4|5|6|7|8|9],[16; 1; 5; 2; 1; 5],4.02,,,,,,,,0,0.001,,,,,,,
butterfly,30,UPDATE,0.4,0.2,NOOP,,,[0|1|0|1|2|3|4|2|3|4|5|6|7|8|9 -> 0 -> 0|1|0|1|2|3|4|2|3|4|5|6|7|8|9],[0|1|0|1|2|3|4|2|3|4|5|6|7|8|9 -> 0 -> 0|1|0|1|2|3|4|2|3|4|5|6|7|8|9],[20; 9; 5],4.056,,,,,,,,0,0.001,,,,,,,
butterfly,30,UPDATE,0.4,0.5,NOOP,,,[0|1|0|1|2|3|4|2|3|4|5|6|7|8|9 -> 0 -> 0|1|0|1|2|3|4|2|3|4|5|6|7|8|9],[0|1|0|1|2|3|4|2|3|4|5|6|7|8|9 -> 0 -> 0|1|0|1|2|3|4|2|3|4|5|6|7|8|9],[24; 6; 8],4.016,,,,,,,,0,0.001,,,,,,,
butterfly,30,UPDATE,0.4,0.8,NOOP,,,[0|1|0|1|2|3|4|2|3|4|5|6|7|8|9 -> 0 -> 0|1|0|1|2|3|4|2|3|4|5|6|7|8|9],[0|1|0|1|2|3|4|2|3|4|5|6|7|8|9 -> 0 -> 0|1|0|1|2|3|4|2|3|4|5|6|7|8|9],[19; 3; 8],3.96,,,,,,,,0,0.001,,,,,,,
butterfly,30,UPDATE,0.4,0.2,UPDATE,,,[0|1|0|1|2|3|4|2|3|4|5|6|7|8|9 -> 0 -> 0|1|0|1|2|3|4|2|3|4|5|6|7|8|9],[0|1|0|1|2|3|4|2|3|4|5|6|7|8|9 -> 0 -> 0|1|0|1|2|3|4|2|3|4|5|6|7|8|9],[11; 1; 15; 6; 2],4.036,,,,,,,,0,0.001,,,,,,,
butterfly,30,UPDATE,0.4,0.5,UPDATE,,,[0|1|0|1|2|3|4|2|3|4|5|6|7|8|9 -> 0 -> 0|1|0|1|2|3|4|2|3|4|5|6|7|8|9],[0|1|0|1|2|3|4|2|3|4|5|6|7|8|9 -> 0 -> 0|1|0|1|2|3|4|2|3|4|5|6|7|8|9],[11; 6; 6; 1; 13],4.076,,,,FALSE,53.75,,,66,0.001,,,,,,,
butterfly,30,UPDATE,0.4,0.8,UPDATE,,,[0|1|0|1|2|3|4|2|3|4|5|6|7|8|9 -> 0 -> 0|1|0|1|2|3|4|2|3|4|5|6|7|8|9],[0|1|0|1|2|3|4|2|3|4|5|6|7|8|9 -> 0 -> 0|1|0|1|2|3|4|2|3|4|5|6|7|8|9],[17; 1; 5; 1; 8],3.98,,,,,,,,0,0.001,,,,,,,
butterfly,30,UPDATE,0.7,0.2,CREATE_DELETE,,,[0|1|0|1|2|3|4|2|3|4|5|6|7|8|9 -> 0 -> 0|1|0|1|2|3|4|2|3|4|5|6|7|8|9],[0|1|0|1|2|3|4|2|3|4|5|6|7|8|9 -> 0 -> 0|1|0|1|2|3|4|2|3|4|5|6|7|8|9],[8; 1; 16; 1],4.192,,,,,,,,0,0.001,,,,,,,
butterfly,30,UPDATE,0.7,0.5,CREATE_DELETE,,,[0|1|0|1|2|3|4|2|3|4|5|6|7|8|9 -> 0 -> 0|1|0|1|2|3|4|2|3|4|5|6|7|8|9],[0|1|0|1|2|3|4|2|3|4|5|6|7|8|9 -> 0 -> 0|1|0|1|2|3|4|2|3|4|5|6|7|8|9],[14; 1; 14; 4; 1; 2],4.336,,,,,,,,0,0.001,,,,,,,
butterfly,30,UPDATE,0.7,0.8,CREATE_DELETE,,,[0|1|0|1|2|3|4|2|3|4|5|6|7|8|9 -> 0 -> 0|1|0|1|2|3|4|2|3|4|5|6|7|8|9],[0|1|0|1|2|3|4|2|3|4|5|6|7|8|9 -> 0 -> 0|1|0|1|2|3|4|2|3|4|5|6|7|8|9],[15; 1; 5; 1; 1; 3],4.252,,,,,,,,0,0.002,,,,,,,
butterfly,30,UPDATE,0.7,0.2,DELETE_CREATE,,,[0|1|0|1|2|3|4|2|3|4|5|6|7|8|9 -> 0 -> 0|1|0|1|2|3|4|2|3|4|5|6|7|8|9],[0|1|0|1|2|3|4|2|3|4|5|6|7|8|9 -> 0 -> 0|1|0|1|2|3|4|2|3|4|5|6|7|8|9],[7; 1; 15; 3; 1],4.208,,,,,,,,0,0.001,,,,,,,
butterfly,30,UPDATE,0.7,0.5,DELETE_CREATE,,,[0|1|0|1|2|3|4|2|3|4|5|6|7|8|9 -> 0 -> 0|1|0|1|2|3|4|2|3|4|5|6|7|8|9],[0|1|0|1|2|3|4|2|3|4|5|6|7|8|9 -> 0 -> 0|1|0|1|2|3|4|2|3|4|5|6|7|8|9],[15; 1; 14; 2; 1; 6],4.288,,,,,,,,0,0.001,,,,,,,
butterfly,30,UPDATE,0.7,0.8,DELETE_CREATE,,,[0|1|0|1|2|3|4|2|3|4|5|6|7|8|9 -> 0 -> 0|1|0|1|2|3|4|2|3|4|5|6|7|8|9],[0|1|0|1|2|3|4|2|3|4|5|6|7|8|9 -> 0 -> 0|1|0|1|2|3|4|2|3|4|5|6|7|8|9],[15; 1; 6; 1; 1; 7],4.204,,,,,,,,0,0.002,,,,,,,
butterfly,30,UPDATE,0.7,0.2,NOOP,,,[0|1|0|1|2|3|4|2|3|4|5|6|7|8|9 -> 0 -> 0|1|0|1|2|3|4|2|3|4|5|6|7|8|9],[0|1|0|1|2|3|4|2|3|4|5|6|7|8|9 -> 0 -> 0|1|0|1|2|3|4|2|3|4|5|6|7|8|9],[21; 3; 1],4.356,,,,,,,,0,0.001,,,,,,,
butterfly,30,UPDATE,0.7,0.5,NOOP,,,[0|1|0|1|2|3|4|2|3|4|5|6|7|8|9 -> 0 -> 0|1|0|1|2|3|4|2|3|4|5|6|7|8|9],[0|1|0|1|2|3|4|2|3|4|5|6|7|8|9 -> 0 -> 0|1|0|1|2|3|4|2|3|4|5|6|7|8|9],[22; 3; 3],4.276,,,,,,,,0,0.001,,,,,,,
butterfly,30,UPDATE,0.7,0.8,NOOP,,,[0|1|0|1|2|3|4|2|3|4|5|6|7|8|9 -> 0 -> 0|1|0|1|2|3|4|2|3|4|5|6|7|8|9],[0|1|0|1|2|3|4|2|3|4|5|6|7|8|9 -> 0 -> 0|1|0|1|2|3|4|2|3|4|5|6|7|8|9],[19; 4; 1],4.244,,,,FALSE,73.074,,,15,0.001,,,,,,,
butterfly,30,UPDATE,0.7,0.2,UPDATE,,,[0|1|0|1|2|3|4|2|3|4|5|6|7|8|9 -> 0 -> 0|1|0|1|2|3|4|2|3|4|5|6|7|8|9],[0|1|0|1|2|3|4|2|3|4|5|6|7|8|9 -> 0 -> 0|1|0|1|2|3|4|2|3|4|5|6|7|8|9],[5; 1; 15; 5],4.256,,,,,,,,0,0.001,,,,,,,
butterfly,30,UPDATE,0.7,0.5,UPDATE,,,[0|1|0|1|2|3|4|2|3|4|5|6|7|8|9 -> 0 -> 0|1|0|1|2|3|4|2|3|4|5|6|7|8|9],[0|1|0|1|2|3|4|2|3|4|5|6|7|8|9 -> 0 -> 0|1|0|1|2|3|4|2|3|4|5|6|7|8|9],[16; 1; 14; 3; 2],4.376,,,,,,,,0,0.001,,,,,,,
butterfly,30,UPDATE,0.7,0.8,UPDATE,,,[0|1|0|1|2|3|4|2|3|4|5|6|7|8|9 -> 0 -> 0|1|0|1|2|3|4|2|3|4|5|6|7|8|9],[0|1|0|1|2|3|4|2|3|4|5|6|7|8|9 -> 0 -> 0|1|0|1|2|3|4|2|3|4|5|6|7|8|9],[15; 1; 1; 6],4.268,,,,FALSE,71.667,,,16,0.002,,,,,,,
butterfly,30,NOOP,0.4,0.2,CREATE_DELETE,,,[0|1|0|1|2|3|4|2|3|4|5|6|7|8|9 -> 0 -> 0|1|0|1|2|3|4|2|3|4|5|6|7|8|9],[0|1|0|1|2|3|4|2|3|4|5|6|7|8|9 -> 0 -> 0|1|0|1|2|3|4|2|3|4|5|6|7|8|9],[6; 1; 15; 7; 1; 2],3.804,,,,,,,,0,0.001,,,,,,,
butterfly,30,NOOP,0.4,0.5,CREATE_DELETE,,,[0|1|0|1|2|3|4|2|3|4|5|6|7|8|9 -> 0 -> 0|1|0|1|2|3|4|2|3|4|5|6|7|8|9],[0|1|0|1|2|3|4|2|3|4|5|6|7|8|9 -> 0 -> 0|1|0|1|2|3|4|2|3|4|5|6|7|8|9],[13; 1; 11; 5; 1; 5],3.832,,,,,,,,0,0.001,,,,,,,
butterfly,30,NOOP,0.4,0.8,CREATE_DELETE,,,[0|1|0|1|2|3|4|2|3|4|5|6|7|8|9 -> 0 -> 0|1|0|1|2|3|4|2|3|4|5|6|7|8|9],[0|1|0|1|2|3|4|2|3|4|5|6|7|8|9 -> 0 -> 0|1|0|1|2|3|4|2|3|4|5|6|7|8|9],[16; 1; 4; 1; 1; 13],3.876,,,,,,,,0,0.001,,,,,,,
butterfly,30,NOOP,0.4,0.2,DELETE_CREATE,,,[0|1|0|1|2|3|4|2|3|4|5|6|7|8|9 -> 0 -> 0|1|0|1|2|3|4|2|3|4|5|6|7|8|9],[0|1|0|1|2|3|4|2|3|4|5|6|7|8|9 -> 0 -> 0|1|0|1|2|3|4|2|3|4|5|6|7|8|9],[6; 1; 15; 5; 1; 3],3.76,,,,,,,,0,0.001,,,,,,,
butterfly,30,NOOP,0.4,0.5,DELETE_CREATE,,,[0|1|0|1|2|3|4|2|3|4|5|6|7|8|9 -> 0 -> 0|1|0|1|2|3|4|2|3|4|5|6|7|8|9],[0|1|0|1|2|3|4|2|3|4|5|6|7|8|9 -> 0 -> 0|1|0|1|2|3|4|2|3|4|5|6|7|8|9],[11; 1; 9; 3; 1; 5],3.76,,,,,,,,0,0.001,,,,,,,
butterfly,30,NOOP,0.4,0.8,DELETE_CREATE,,,[0|1|0|1|2|3|4|2|3|4|5|6|7|8|9 -> 0 -> 0|1|0|1|2|3|4|2|3|4|5|6|7|8|9],[0|1|0|1|2|3|4|2|3|4|5|6|7|8|9 -> 0 -> 0|1|0|1|2|3|4|2|3|4|5|6|7|8|9],[19; 1; 5; 1; 1; 10],3.876,,,,,,,,0,0.001,,,,,,,
butterfly,30,NOOP,0.4,0.2,NOOP,,,[0|1|0|1|2|3|4|2|3|4|5|6|7|8|9 -> 0 -> 0|1|0|1|2|3|4|2|3|4|5|6|7|8|9],[0|1|0|1|2|3|4|2|3|4|5|6|7|8|9 -> 0 -> 0|1|0|1|2|3|4|2|3|4|5|6|7|8|9],[18; 9; 2],3.884,,,,,,,,0,0.001,,,,,,,
butterfly,30,NOOP,0.4,0.5,NOOP,,,[0|1|0|1|2|3|4|2|3|4|5|6|7|8|9 -> 0 -> 0|1|0|1|2|3|4|2|3|4|5|6|7|8|9],[0|1|0|1|2|3|4|2|3|4|5|6|7|8|9 -> 0 -> 0|1|0|1|2|3|4|2|3|4|5|6|7|8|9],[19; 5; 3],3.896,,,,,,,,0,0.001,,,,,,,
butterfly,30,NOOP,0.4,0.8,NOOP,,,[0|1|0|1|2|3|4|2|3|4|5|6|7|8|9 -> 0 -> 0|1|0|1|2|3|4|2|3|4|5|6|7|8|9],[0|1|0|1|2|3|4|2|3|4|5|6|7|8|9 -> 0 -> 0|1|0|1|2|3|4|2|3|4|5|6|7|8|9],[20; 4; 11],3.936,,,,,,,,0,0.001,,,,,,,
butterfly,30,NOOP,0.4,0.2,UPDATE,,,[0|1|0|1|2|3|4|2|3|4|5|6|7|8|9 -> 0 -> 0|1|0|1|2|3|4|2|3|4|5|6|7|8|9],[0|1|0|1|2|3|4|2|3|4|5|6|7|8|9 -> 0 -> 0|1|0|1|2|3|4|2|3|4|5|6|7|8|9],[10; 1; 15; 2; 2],3.888,,,,,,,,0,0.001,,,,,,,
butterfly,30,NOOP,0.4,0.5,UPDATE,,,[0|1|0|1|2|3|4|2|3|4|5|6|7|8|9 -> 0 -> 0|1|0|1|2|3|4|2|3|4|5|6|7|8|9],[0|1|0|1|2|3|4|2|3|4|5|6|7|8|9 -> 0 -> 0|1|0|1|2|3|4|2|3|4|5|6|7|8|9],[9; 1; 9; 3; 6],3.872,,,,,,,,0,0.001,,,,,,,
butterfly,30,NOOP,0.4,0.8,UPDATE,,,[0|1|0|1|2|3|4|2|3|4|5|6|7|8|9 -> 0 -> 0|1|0|1|2|3|4|2|3|4|5|6|7|8|9],[0|1|0|1|2|3|4|2|3|4|5|6|7|8|9 -> 0 -> 0|1|0|1|2|3|4|2|3|4|5|6|7|8|9],[13; 1; 4; 2; 12],3.932,,,,,,,,0,0.001,,,,,,,
butterfly,30,NOOP,0.7,0.2,CREATE_DELETE,,,[0|1|0|1|2|3|4|2|3|4|5|6|7|8|9 -> 0 -> 0|1|0|1|2|3|4|2|3|4|5|6|7|8|9],[0|1|0|1|2|3|4|2|3|4|5|6|7|8|9 -> 0 -> 0|1|0|1|2|3|4|2|3|4|5|6|7|8|9],[5; 1; 7; 2; 1],4.168,,,,,,,,0,0.001,,,,,,,
butterfly,30,NOOP,0.7,0.5,CREATE_DELETE,,,[0|1|0|1|2|3|4|2|3|4|5|6|7|8|9 -> 0 -> 0|1|0|1|2|3|4|2|3|4|5|6|7|8|9],[0|1|0|1|2|3|4|2|3|4|5|6|7|8|9 -> 0 -> 0|1|0|1|2|3|4|2|3|4|5|6|7|8|9],[7; 1; 5; 2; 1; 4],4.224,,,,,,,,0,0.001,,,,,,,
butterfly,30,NOOP,0.7,0.8,CREATE_DELETE,,,[0|1|0|1|2|3|4|2|3|4|5|6|7|8|9 -> 0 -> 0|1|0|1|2|3|4|2|3|4|5|6|7|8|9],[0|1|0|1|2|3|4|2|3|4|5|6|7|8|9 -> 0 -> 0|1|0|1|2|3|4|2|3|4|5|6|7|8|9],[10; 1; 3; 1; 1; 6],4.164,,,,,,,,0,0.001,,,,,,,
butterfly,30,NOOP,0.7,0.2,DELETE_CREATE,,,[0|1|0|1|2|3|4|2|3|4|5|6|7|8|9 -> 0 -> 0|1|0|1|2|3|4|2|3|4|5|6|7|8|9],[0|1|0|1|2|3|4|2|3|4|5|6|7|8|9 -> 0 -> 0|1|0|1|2|3|4|2|3|4|5|6|7|8|9],[2; 1; 6; 3; 1; 1],4.196,,,,,,,,0,0.001,,,,,,,
butterfly,30,NOOP,0.7,0.5,DELETE_CREATE,,,[0|1|0|1|2|3|4|2|3|4|5|6|7|8|9 -> 0 -> 0|1|0|1|2|3|4|2|3|4|5|6|7|8|9],[0|1|0|1|2|3|4|2|3|4|5|6|7|8|9 -> 0 -> 0|1|0|1|2|3|4|2|3|4|5|6|7|8|9],[6; 1; 4; 2; 1; 1],4.188,,,,,,,,0,0.001,,,,,,,
butterfly,30,NOOP,0.7,0.8,DELETE_CREATE,,,[0|1|0|1|2|3|4|2|3|4|5|6|7|8|9 -> 0 -> 0|1|0|1|2|3|4|2|3|4|5|6|7|8|9],[0|1|0|1|2|3|4|2|3|4|5|6|7|8|9 -> 0 -> 0|1|0|1|2|3|4|2|3|4|5|6|7|8|9],[4; 1; 2; 1; 1; 2],4.288,,,,FALSE,23.26,,,28,0.001,,,,,,,
butterfly,30,NOOP,0.7,0.2,NOOP,,,[0|1|0|1|2|3|4|2|3|4|5|6|7|8|9 -> 0 -> 0|1|0|1|2|3|4|2|3|4|5|6|7|8|9],[0|1|0|1|2|3|4|2|3|4|5|6|7|8|9 -> 0 -> 0|1|0|1|2|3|4|2|3|4|5|6|7|8|9],[8; 3],4.208,,,,,,,,0,0.001,,,,,,,
butterfly,30,NOOP,0.7,0.5,NOOP,,,[0|1|0|1|2|3|4|2|3|4|5|6|7|8|9 -> 0 -> 0|1|0|1|2|3|4|2|3|4|5|6|7|8|9],[0|1|0|1|2|3|4|2|3|4|5|6|7|8|9 -> 0 -> 0|1|0|1|2|3|4|2|3|4|5|6|7|8|9],[11; 6; 1],4.2,,,,,,,,0,0.001,,,,,,,
butterfly,30,NOOP,0.7,0.8,NOOP,,,[0|1|0|1|2|3|4|2|3|4|5|6|7|8|9 -> 0 -> 0|1|0|1|2|3|4|2|3|4|5|6|7|8|9],[0|1|0|1|2|3|4|2|3|4|5|6|7|8|9 -> 0 -> 0|1|0|1|2|3|4|2|3|4|5|6|7|8|9],[13; 3; 7],4.24,,,,,,,,0,0.001,,,,,,,
butterfly,30,NOOP,0.7,0.2,UPDATE,,,[0|1|0|1|2|3|4|2|3|4|5|6|7|8|9 -> 0 -> 0|1|0|1|2|3|4|2|3|4|5|6|7|8|9],[0|1|0|1|2|3|4|2|3|4|5|6|7|8|9 -> 0 -> 0|1|0|1|2|3|4|2|3|4|5|6|7|8|9],[4; 1; 9; 5],4.288,,,,,,,,0,0.001,,,,,,,
butterfly,30,NOOP,0.7,0.5,UPDATE,,,[0|1|0|1|2|3|4|2|3|4|5|6|7|8|9 -> 0 -> 0|1|0|1|2|3|4|2|3|4|5|6|7|8|9],[0|1|0|1|2|3|4|2|3|4|5|6|7|8|9 -> 0 -> 0|1|0|1|2|3|4|2|3|4|5|6|7|8|9],[6; 1; 5; 1; 4],4.292,,,,,,,,0,0.001,,,,,,,
butterfly,30,NOOP,0.7,0.8,UPDATE,,,[0|1|0|1|2|3|4|2|3|4|5|6|7|8|9 -> 0 -> 0|1|0|1|2|3|4|2|3|4|5|6|7|8|9],[0|1|0|1|2|3|4|2|3|4|5|6|7|8|9 -> 0 -> 0|1|0|1|2|3|4|2|3|4|5|6|7|8|9],[9; 1; 2; 1; 3],4.224,,,,,,,,0,0.001,,,,,,,
butterfly,30,DELETE_CREATE,0.4,0.2,CREATE_DELETE,,,[0|1|0|1|2|3|4|2|3|4|5|6|7|8|9 -> 0 -> 0|1|0|1|2|3|4|2|3|4|5|6|7|8|9],[0|1|0|1|2|3|4|2|3|4|5|6|7|8|9 -> 0 -> 0|1|0|1|2|3|4|2|3|4|5|6|7|8|9],[14; 1; 15; 2; 1; 3],3.676,,,,,,,,0,0.001,,,,,,,
butterfly,30,DELETE_CREATE,0.4,0.5,CREATE_DELETE,,,[0|1|0|1|2|3|4|2|3|4|5|6|7|8|9 -> 0 -> 0|1|0|1|2|3|4|2|3|4|5|6|7|8|9],[0|1|0|1|2|3|4|2|3|4|5|6|7|8|9 -> 0 -> 0|1|0|1|2|3|4|2|3|4|5|6|7|8|9],[22; 1; 15; 3; 1; 10],3.708,,,,,,,,0,0.001,,,,,,,
butterfly,30,DELETE_CREATE,0.4,0.8,CREATE_DELETE,,,[0|1|0|1|2|3|4|2|3|4|5|6|7|8|9 -> 0 -> 0|1|0|1|2|3|4|2|3|4|5|6|7|8|9],[0|1|0|1|2|3|4|2|3|4|5|6|7|8|9 -> 0 -> 0|1|0|1|2|3|4|2|3|4|5|6|7|8|9],[17; 1; 5; 2; 1; 13],3.6,,,,,,,,0,0.002,,,,,,,
butterfly,30,DELETE_CREATE,0.4,0.2,DELETE_CREATE,,,[0|1|0|1|2|3|4|2|3|4|5|6|7|8|9 -> 0 -> 0|1|0|1|2|3|4|2|3|4|5|6|7|8|9],[0|1|0|1|2|3|4|2|3|4|5|6|7|8|9 -> 0 -> 0|1|0|1|2|3|4|2|3|4|5|6|7|8|9],[12; 1; 15; 3; 1; 4],3.736,,,,,,,,0,0.001,,,,,,,
butterfly,30,DELETE_CREATE,0.4,0.5,DELETE_CREATE,,,[0|1|0|1|2|3|4|2|3|4|5|6|7|8|9 -> 0 -> 0|1|0|1|2|3|4|2|3|4|5|6|7|8|9],[0|1|0|1|2|3|4|2|3|4|5|6|7|8|9 -> 0 -> 0|1|0|1|2|3|4|2|3|4|5|6|7|8|9],[18; 1; 12; 5; 1; 10],3.74,,,,,,,,0,0.001,,,,,,,
butterfly,30,DELETE_CREATE,0.4,0.8,DELETE_CREATE,,,[0|1|0|1|2|3|4|2|3|4|5|6|7|8|9 -> 0 -> 0|1|0|1|2|3|4|2|3|4|5|6|7|8|9],[0|1|0|1|2|3|4|2|3|4|5|6|7|8|9 -> 0 -> 0|1|0|1|2|3|4|2|3|4|5|6|7|8|9],[8; 1; 13; 10; 1; 5],3.652,,,,FALSE,42.286,,,132,0.004,,,,,,,
butterfly,30,DELETE_CREATE,0.4,0.2,NOOP,,,[0|1|0|1|2|3|4|2|3|4|5|6|7|8|9 -> 0 -> 0|1|0|1|2|3|4|2|3|4|5|6|7|8|9],[0|1|0|1|2|3|4|2|3|4|5|6|7|8|9 -> 0 -> 0|1|0|1|2|3|4|2|3|4|5|6|7|8|9],[19; 10; 4],3.612,,,,,,,,0,0.001,,,,,,,
butterfly,30,DELETE_CREATE,0.4,0.5,NOOP,,,[0|1|0|1|2|3|4|2|3|4|5|6|7|8|9 -> 0 -> 0|1|0|1|2|3|4|2|3|4|5|6|7|8|9],[0|1|0|1|2|3|4|2|3|4|5|6|7|8|9 -> 0 -> 0|1|0|1|2|3|4|2|3|4|5|6|7|8|9],[22; 10; 8],3.772,,,,,,,,0,0.001,,,,,,,
butterfly,30,DELETE_CREATE,0.4,0.8,NOOP,,,[0|1|0|1|2|3|4|2|3|4|5|6|7|8|9 -> 0 -> 0|1|0|1|2|3|4|2|3|4|5|6|7|8|9],[0|1|0|1|2|3|4|2|3|4|5|6|7|8|9 -> 0 -> 0|1|0|1|2|3|4|2|3|4|5|6|7|8|9],[20; 5; 11],3.788,,,,,,,,0,0.001,,,,,,,
butterfly,30,DELETE_CREATE,0.4,0.2,UPDATE,,,[0|1|0|1|2|3|4|2|3|4|5|6|7|8|9 -> 0 -> 0|1|0|1|2|3|4|2|3|4|5|6|7|8|9],[0|1|0|1|2|3|4|2|3|4|5|6|7|8|9 -> 0 -> 0|1|0|1|2|3|4|2|3|4|5|6|7|8|9],[14; 1; 15; 2; 4],3.776,,,,,,,,0,0.001,,,,,,,
butterfly,30,DELETE_CREATE,0.4,0.5,UPDATE,,,[0|1|0|1|2|3|4|2|3|4|5|6|7|8|9 -> 0 -> 0|1|0|1|2|3|4|2|3|4|5|6|7|8|9],[0|1|0|1|2|3|4|2|3|4|5|6|7|8|9 -> 0 -> 0|1|0|1|2|3|4|2|3|4|5|6|7|8|9],[16; 7; 4; 1; 11],3.752,,,,FALSE,66.28,,,28,0.001,,,,,,,
butterfly,30,DELETE_CREATE,0.4,0.8,UPDATE,,,[0|1|0|1|2|3|4|2|3|4|5|6|7|8|9 -> 0 -> 0|1|0|1|2|3|4|2|3|4|5|6|7|8|9],[0|1|0|1|2|3|4|2|3|4|5|6|7|8|9 -> 0 -> 0|1|0|1|2|3|4|2|3|4|5|6|7|8|9],[17; 1; 4; 1; 13],3.852,,,,,,,,0,0.001,,,,,,,
butterfly,30,DELETE_CREATE,0.7,0.2,CREATE_DELETE,,,[0|1|0|1|2|3|4|2|3|4|5|6|7|8|9 -> 0 -> 0|1|0|1|2|3|4|2|3|4|5|6|7|8|9],[0|1|0|1|2|3|4|2|3|4|5|6|7|8|9 -> 0 -> 0|1|0|1|2|3|4|2|3|4|5|6|7|8|9],[15; 1; 15; 2; 1; 5],4.124,,,,,,,,0,0.001,,,,,,,
butterfly,30,DELETE_CREATE,0.7,0.5,CREATE_DELETE,,,[0|1|0|1|2|3|4|2|3|4|5|6|7|8|9 -> 0 -> 0|1|0|1|2|3|4|2|3|4|5|6|7|8|9],[0|1|0|1|2|3|4|2|3|4|5|6|7|8|9 -> 0 -> 0|1|0|1|2|3|4|2|3|4|5|6|7|8|9],[21; 1; 13; 1; 1; 12],4.208,,,,,,,,0,0.001,,,,,,,
butterfly,30,DELETE_CREATE,0.7,0.8,CREATE_DELETE,,,[0|1|0|1|2|3|4|2|3|4|5|6|7|8|9 -> 0 -> 0|1|0|1|2|3|4|2|3|4|5|6|7|8|9],[0|1|0|1|2|3|4|2|3|4|5|6|7|8|9 -> 0 -> 0|1|0|1|2|3|4|2|3|4|5|6|7|8|9],[20; 1; 7; 14],4.108,,,,,,,,0,0.001,,,,,,,
butterfly,30,DELETE_CREATE,0.7,0.2,DELETE_CREATE,,,[0|1|0|1|2|3|4|2|3|4|5|6|7|8|9 -> 0 -> 0|1|0|1|2|3|4|2|3|4|5|6|7|8|9],[0|1|0|1|2|3|4|2|3|4|5|6|7|8|9 -> 0 -> 0|1|0|1|2|3|4|2|3|4|5|6|7|8|9],[14; 1; 5; 4; 1; 15],4.112,,,,FALSE,45.571,,,10,0.001,,,,,,,
butterfly,30,DELETE_CREATE,0.7,0.5,DELETE_CREATE,,,[0|1|0|1|2|3|4|2|3|4|5|6|7|8|9 -> 0 -> 0|1|0|1|2|3|4|2|3|4|5|6|7|8|9],[0|1|0|1|2|3|4|2|3|4|5|6|7|8|9 -> 0 -> 0|1|0|1|2|3|4|2|3|4|5|6|7|8|9],[24; 1; 14; 3; 1; 11],4.216,,,,,,,,0,0.001,,,,,,,
butterfly,30,DELETE_CREATE,0.7,0.8,DELETE_CREATE,,,[0|1|0|1|2|3|4|2|3|4|5|6|7|8|9 -> 0 -> 0|1|0|1|2|3|4|2|3|4|5|6|7|8|9],[0|1|0|1|2|3|4|2|3|4|5|6|7|8|9 -> 0 -> 0|1|0|1|2|3|4|2|3|4|5|6|7|8|9],[10; 1; 12; 9; 1; 6],5.484,,,,FALSE,48.977,,,110,0.002,,,,,,,
butterfly,30,DELETE_CREATE,0.7,0.2,NOOP,,,[0|1|0|1|2|3|4|2|3|4|5|6|7|8|9 -> 0 -> 0|1|0|1|2|3|4|2|3|4|5|6|7|8|9],[0|1|0|1|2|3|4|2|3|4|5|6|7|8|9 -> 0 -> 0|1|0|1|2|3|4|2|3|4|5|6|7|8|9],[20; 14; 5],4.188,,,,,,,,0,0.001,,,,,,,
butterfly,30,DELETE_CREATE,0.7,0.5,NOOP,,,[0|1|0|1|2|3|4|2|3|4|5|6|7|8|9 -> 0 -> 0|1|0|1|2|3|4|2|3|4|5|6|7|8|9],[0|1|0|1|2|3|4|2|3|4|5|6|7|8|9 -> 0 -> 0|1|0|1|2|3|4|2|3|4|5|6|7|8|9],[27; 14; 11],4.264,,,,,,,,0,0.001,,,,,,,
butterfly,30,DELETE_CREATE,0.7,0.8,NOOP,,,[0|1|0|1|2|3|4|2|3|4|5|6|7|8|9 -> 0 -> 0|1|0|1|2|3|4|2|3|4|5|6|7|8|9],[0|1|0|1|2|3|4|2|3|4|5|6|7|8|9 -> 0 -> 0|1|0|1|2|3|4|2|3|4|5|6|7|8|9],[8; 18; 13],4.256,,,,FALSE,53.524,,,143,0.004,,,,,,,
butterfly,30,DELETE_CREATE,0.7,0.2,UPDATE,,,[0|1|0|1|2|3|4|2|3|4|5|6|7|8|9 -> 0 -> 0|1|0|1|2|3|4|2|3|4|5|6|7|8|9],[0|1|0|1|2|3|4|2|3|4|5|6|7|8|9 -> 0 -> 0|1|0|1|2|3|4|2|3|4|5|6|7|8|9],[18; 1; 15; 1; 4],4.224,,,,,,,,0,0.001,,,,,,,
butterfly,30,DELETE_CREATE,0.7,0.5,UPDATE,,,[0|1|0|1|2|3|4|2|3|4|5|6|7|8|9 -> 0 -> 0|1|0|1|2|3|4|2|3|4|5|6|7|8|9],[0|1|0|1|2|3|4|2|3|4|5|6|7|8|9 -> 0 -> 0|1|0|1|2|3|4|2|3|4|5|6|7|8|9],[25; 1; 15; 1; 11],4.216,,,,,,,,0,0.001,,,,,,,
butterfly,30,DELETE_CREATE,0.7,0.8,UPDATE,,,[0|1|0|1|2|3|4|2|3|4|5|6|7|8|9 -> 0 -> 0|1|0|1|2|3|4|2|3|4|5|6|7|8|9],[0|1|0|1|2|3|4|2|3|4|5|6|7|8|9 -> 0 -> 0|1|0|1|2|3|4|2|3|4|5|6|7|8|9],[19; 1; 6; 2; 14],4.284,,,,,,,,0,0.001,,,,,,,
butterfly,30,CREATE_DELETE,0.4,0.2,CREATE_DELETE,,,[0|1|0|1|2|3|4|2|3|4|5|6|7|8|9 -> 0 -> 0|1|0|1|2|3|4|2|3|4|5|6|7|8|9],[0|1|0|1|2|3|4|2|3|4|5|6|7|8|9 -> 0 -> 0|1|0|1|2|3|4|2|3|4|5|6|7|8|9],[10; 1; 15; 6; 1; 4],3.476,,,,,,,,0,0.001,,,,,,,
butterfly,30,CREATE_DELETE,0.4,0.5,CREATE_DELETE,,,[0|1|0|1|2|3|4|2|3|4|5|6|7|8|9 -> 0 -> 0|1|0|1|2|3|4|2|3|4|5|6|7|8|9],[0|1|0|1|2|3|4|2|3|4|5|6|7|8|9 -> 0 -> 0|1|0|1|2|3|4|2|3|4|5|6|7|8|9],[16; 1; 12; 2; 1; 10],3.548,,,,,,,,0,0.002,,,,,,,
butterfly,30,CREATE_DELETE,0.4,0.8,CREATE_DELETE,,,[0|1|0|1|2|3|4|2|3|4|5|6|7|8|9 -> 0 -> 0|1|0|1|2|3|4|2|3|4|5|6|7|8|9],[0|1|0|1|2|3|4|2|3|4|5|6|7|8|9 -> 0 -> 0|1|0|1|2|3|4|2|3|4|5|6|7|8|9],[15; 1; 5; 3; 1; 10],3.408,,,,,,,,0,0.001,,,,,,,
butterfly,30,CREATE_DELETE,0.4,0.2,DELETE_CREATE,,,[0|1|0|1|2|3|4|2|3|4|5|6|7|8|9 -> 0 -> 0|1|0|1|2|3|4|2|3|4|5|6|7|8|9],[0|1|0|1|2|3|4|2|3|4|5|6|7|8|9 -> 0 -> 0|1|0|1|2|3|4|2|3|4|5|6|7|8|9],[8; 1; 15; 3; 1; 3],3.424,,,,,,,,0,0.001,,,,,,,
butterfly,30,CREATE_DELETE,0.4,0.5,DELETE_CREATE,,,[0|1|0|1|2|3|4|2|3|4|5|6|7|8|9 -> 0 -> 0|1|0|1|2|3|4|2|3|4|5|6|7|8|9],[0|1|0|1|2|3|4|2|3|4|5|6|7|8|9 -> 0 -> 0|1|0|1|2|3|4|2|3|4|5|6|7|8|9],[15; 1; 13; 8; 1; 9],3.452,,,,,,,,0,0.001,,,,,,,
butterfly,30,CREATE_DELETE,0.4,0.8,DELETE_CREATE,,,[0|1|0|1|2|3|4|2|3|4|5|6|7|8|9 -> 0 -> 0|1|0|1|2|3|4|2|3|4|5|6|7|8|9],[0|1|0|1|2|3|4|2|3|4|5|6|7|8|9 -> 0 -> 0|1|0|1|2|3|4|2|3|4|5|6|7|8|9],[15; 1; 6; 5; 1; 13],3.552,,,,,,,,0,0.001,,,,,,,
butterfly,30,CREATE_DELETE,0.4,0.2,NOOP,,,[0|1|0|1|2|3|4|2|3|4|5|6|7|8|9 -> 0 -> 0|1|0|1|2|3|4|2|3|4|5|6|7|8|9],[0|1|0|1|2|3|4|2|3|4|5|6|7|8|9 -> 0 -> 0|1|0|1|2|3|4|2|3|4|5|6|7|8|9],[19; 11; 2],3.56,,,,,,,,0,0.001,,,,,,,
butterfly,30,CREATE_DELETE,0.4,0.5,NOOP,,,[0|1|0|1|2|3|4|2|3|4|5|6|7|8|9 -> 0 -> 0|1|0|1|2|3|4|2|3|4|5|6|7|8|9],[0|1|0|1|2|3|4|2|3|4|5|6|7|8|9 -> 0 -> 0|1|0|1|2|3|4|2|3|4|5|6|7|8|9],[25; 8; 8],3.604,,,,,,,,0,0.001,,,,,,,
butterfly,30,CREATE_DELETE,0.4,0.8,NOOP,,,[0|1|0|1|2|3|4|2|3|4|5|6|7|8|9 -> 0 -> 0|1|0|1|2|3|4|2|3|4|5|6|7|8|9],[0|1|0|1|2|3|4|2|3|4|5|6|7|8|9 -> 0 -> 0|1|0|1|2|3|4|2|3|4|5|6|7|8|9],[21; 5; 11],3.604,,,,,,,,0,0.001,,,,,,,
butterfly,30,CREATE_DELETE,0.4,0.2,UPDATE,,,[0|1|0|1|2|3|4|2|3|4|5|6|7|8|9 -> 0 -> 0|1|0|1|2|3|4|2|3|4|5|6|7|8|9],[0|1|0|1|2|3|4|2|3|4|5|6|7|8|9 -> 0 -> 0|1|0|1|2|3|4|2|3|4|5|6|7|8|9],[6; 1; 15; 7; 5],3.496,,,,,,,,0,0.001,,,,,,,
butterfly,30,CREATE_DELETE,0.4,0.5,UPDATE,,,[0|1|0|1|2|3|4|2|3|4|5|6|7|8|9 -> 0 -> 0|1|0|1|2|3|4|2|3|4|5|6|7|8|9],[0|1|0|1|2|3|4|2|3|4|5|6|7|8|9 -> 0 -> 0|1|0|1|2|3|4|2|3|4|5|6|7|8|9],[15; 1; 13; 6; 9],3.676,,,,,,,,0,0.001,,,,,,,
butterfly,30,CREATE_DELETE,0.4,0.8,UPDATE,,,[0|1|0|1|2|3|4|2|3|4|5|6|7|8|9 -> 0 -> 0|1|0|1|2|3|4|2|3|4|5|6|7|8|9],[0|1|0|1|2|3|4|2|3|4|5|6|7|8|9 -> 0 -> 0|1|0|1|2|3|4|2|3|4|5|6|7|8|9],[15; 1; 5; 1; 12],3.644,,,,,,,,0,0.001,,,,,,,
butterfly,30,CREATE_DELETE,0.7,0.2,CREATE_DELETE,,,[0|1|0|1|2|3|4|2|3|4|5|6|7|8|9 -> 0 -> 0|1|0|1|2|3|4|2|3|4|5|6|7|8|9],[0|1|0|1|2|3|4|2|3|4|5|6|7|8|9 -> 0 -> 0|1|0|1|2|3|4|2|3|4|5|6|7|8|9],[8; 1; 15; 9; 1; 5],4,,,,,,,,0,0.001,,,,,,,
butterfly,30,CREATE_DELETE,0.7,0.5,CREATE_DELETE,,,[0|1|0|1|2|3|4|2|3|4|5|6|7|8|9 -> 0 -> 0|1|0|1|2|3|4|2|3|4|5|6|7|8|9],[0|1|0|1|2|3|4|2|3|4|5|6|7|8|9 -> 0 -> 0|1|0|1|2|3|4|2|3|4|5|6|7|8|9],[15; 1; 14; 11; 1; 11],4.092,,,,,,,,0,0.001,,,,,,,
butterfly,30,CREATE_DELETE,0.7,0.8,CREATE_DELETE,,,[0|1|0|1|2|3|4|2|3|4|5|6|7|8|9 -> 0 -> 0|1|0|1|2|3|4|2|3|4|5|6|7|8|9],[0|1|0|1|2|3|4|2|3|4|5|6|7|8|9 -> 0 -> 0|1|0|1|2|3|4|2|3|4|5|6|7|8|9],[16; 1; 5; 4; 1; 14],4.108,,,,,,,,0,0.002,,,,,,,
butterfly,30,CREATE_DELETE,0.7,0.2,DELETE_CREATE,,,[0|1|0|1|2|3|4|2|3|4|5|6|7|8|9 -> 0 -> 0|1|0|1|2|3|4|2|3|4|5|6|7|8|9],[0|1|0|1|2|3|4|2|3|4|5|6|7|8|9 -> 0 -> 0|1|0|1|2|3|4|2|3|4|5|6|7|8|9],[6; 1; 15; 13; 1; 5],4.148,,,,,,,,0,0.001,,,,,,,
butterfly,30,CREATE_DELETE,0.7,0.5,DELETE_CREATE,,,[0|1|0|1|2|3|4|2|3|4|5|6|7|8|9 -> 0 -> 0|1|0|1|2|3|4|2|3|4|5|6|7|8|9],[0|1|0|1|2|3|4|2|3|4|5|6|7|8|9 -> 0 -> 0|1|0|1|2|3|4|2|3|4|5|6|7|8|9],[13; 1; 13; 11; 1; 11],4.14,,,,,,,,0,0.002,,,,,,,
butterfly,30,CREATE_DELETE,0.7,0.8,DELETE_CREATE,,,[0|1|0|1|2|3|4|2|3|4|5|6|7|8|9 -> 0 -> 0|1|0|1|2|3|4|2|3|4|5|6|7|8|9],[0|1|0|1|2|3|4|2|3|4|5|6|7|8|9 -> 0 -> 0|1|0|1|2|3|4|2|3|4|5|6|7|8|9],[15; 1; 6; 6; 1; 13],4.14,,,,,,,,0,0.001,,,,,,,
butterfly,30,CREATE_DELETE,0.7,0.2,NOOP,,,[0|1|0|1|2|3|4|2|3|4|5|6|7|8|9 -> 0 -> 0|1|0|1|2|3|4|2|3|4|5|6|7|8|9],[0|1|0|1|2|3|4|2|3|4|5|6|7|8|9 -> 0 -> 0|1|0|1|2|3|4|2|3|4|5|6|7|8|9],[20; 14; 3],4.04,,,,,,,,0,0.001,,,,,,,
butterfly,30,CREATE_DELETE,0.7,0.5,NOOP,,,[0|1|0|1|2|3|4|2|3|4|5|6|7|8|9 -> 0 -> 0|1|0|1|2|3|4|2|3|4|5|6|7|8|9],[0|1|0|1|2|3|4|2|3|4|5|6|7|8|9 -> 0 -> 0|1|0|1|2|3|4|2|3|4|5|6|7|8|9],[29; 14; 14],4.144,,,,,,,,0,0.001,,,,,,,
butterfly,30,CREATE_DELETE,0.7,0.8,NOOP,,,[0|1|0|1|2|3|4|2|3|4|5|6|7|8|9 -> 0 -> 0|1|0|1|2|3|4|2|3|4|5|6|7|8|9],[0|1|0|1|2|3|4|2|3|4|5|6|7|8|9 -> 0 -> 0|1|0|1|2|3|4|2|3|4|5|6|7|8|9],[21; 6; 12],4.116,,,,,,,,0,0.001,,,,,,,
butterfly,30,CREATE_DELETE,0.7,0.2,UPDATE,,,[0|1|0|1|2|3|4|2|3|4|5|6|7|8|9 -> 0 -> 0|1|0|1|2|3|4|2|3|4|5|6|7|8|9],[0|1|0|1|2|3|4|2|3|4|5|6|7|8|9 -> 0 -> 0|1|0|1|2|3|4|2|3|4|5|6|7|8|9],[5; 1; 15; 12; 3],4.06,,,,,,,,0,0.001,,,,,,,
butterfly,30,CREATE_DELETE,0.7,0.5,UPDATE,,,[0|1|0|1|2|3|4|2|3|4|5|6|7|8|9 -> 0 -> 0|1|0|1|2|3|4|2|3|4|5|6|7|8|9],[0|1|0|1|2|3|4|2|3|4|5|6|7|8|9 -> 0 -> 0|1|0|1|2|3|4|2|3|4|5|6|7|8|9],[17; 1; 13; 9; 12],4.124,,,,,,,,0,0.001,,,,,,,
butterfly,30,CREATE_DELETE,0.7,0.8,UPDATE,,,[0|1|0|1|2|3|4|2|3|4|5|6|7|8|9 -> 0 -> 0|1|0|1|2|3|4|2|3|4|5|6|7|8|9],[0|1|0|1|2|3|4|2|3|4|5|6|7|8|9 -> 0 -> 0|1|0|1|2|3|4|2|3|4|5|6|7|8|9],[17; 1; 6; 3; 14],4.16,,,,,,,,0,0.001,,,,,,,
butterfly,40,UPDATE,0.4,0.2,CREATE_DELETE,,,[0|1|0|1|2|3|4|5|6|7|8|9|2|3|4|5|6|7|8|9 -> 0 -> 0|1|0|1|2|3|4|5|6|7|8|9|2|3|4|5|6|7|8|9],[0|1|0|1|2|3|4|5|6|7|8|9|2|3|4|5|6|7|8|9 -> 0 -> 0|1|0|1|2|3|4|5|6|7|8|9|2|3|4|5|6|7|8|9],[11; 1; 20; 3; 1; 2],23.792,,,,,,,,0,0.002,,,,,,,
butterfly,40,UPDATE,0.4,0.5,CREATE_DELETE,,,[0|1|0|1|2|3|4|5|6|7|8|9|2|3|4|5|6|7|8|9 -> 0 -> 0|1|0|1|2|3|4|5|6|7|8|9|2|3|4|5|6|7|8|9],[0|1|0|1|2|3|4|5|6|7|8|9|2|3|4|5|6|7|8|9 -> 0 -> 0|1|0|1|2|3|4|5|6|7|8|9|2|3|4|5|6|7|8|9],[19; 1; 17; 5; 1; 14],23.796,,,,,,,,0,0.002,,,,,,,
butterfly,40,UPDATE,0.4,0.8,CREATE_DELETE,,,[0|1|0|1|2|3|4|5|6|7|8|9|2|3|4|5|6|7|8|9 -> 0 -> 0|1|0|1|2|3|4|5|6|7|8|9|2|3|4|5|6|7|8|9],[0|1|0|1|2|3|4|5|6|7|8|9|2|3|4|5|6|7|8|9 -> 0 -> 0|1|0|1|2|3|4|5|6|7|8|9|2|3|4|5|6|7|8|9],[21; 1; 7; 1; 1; 6],23.68,,,,,,,,0,0.002,,,,,,,
butterfly,40,UPDATE,0.4,0.2,DELETE_CREATE,,,[0|1|0|1|2|3|4|5|6|7|8|9|2|3|4|5|6|7|8|9 -> 0 -> 0|1|0|1|2|3|4|5|6|7|8|9|2|3|4|5|6|7|8|9],[0|1|0|1|2|3|4|5|6|7|8|9|2|3|4|5|6|7|8|9 -> 0 -> 0|1|0|1|2|3|4|5|6|7|8|9|2|3|4|5|6|7|8|9],[14; 1; 20; 5; 1; 1],23.676,,,,,,,,0,0.002,,,,,,,
butterfly,40,UPDATE,0.4,0.5,DELETE_CREATE,,,[0|1|0|1|2|3|4|5|6|7|8|9|2|3|4|5|6|7|8|9 -> 0 -> 0|1|0|1|2|3|4|5|6|7|8|9|2|3|4|5|6|7|8|9],[0|1|0|1|2|3|4|5|6|7|8|9|2|3|4|5|6|7|8|9 -> 0 -> 0|1|0|1|2|3|4|5|6|7|8|9|2|3|4|5|6|7|8|9],[19; 1; 16; 6; 1; 9],23.64,,,,,,,,0,0.002,,,,,,,
butterfly,40,UPDATE,0.4,0.8,DELETE_CREATE,,,[0|1|0|1|2|3|4|5|6|7|8|9|2|3|4|5|6|7|8|9 -> 0 -> 0|1|0|1|2|3|4|5|6|7|8|9|2|3|4|5|6|7|8|9],[0|1|0|1|2|3|4|5|6|7|8|9|2|3|4|5|6|7|8|9 -> 0 -> 0|1|0|1|2|3|4|5|6|7|8|9|2|3|4|5|6|7|8|9],[23; 1; 6; 1; 1; 11],23.62,,,,,,,,0,0.002,,,,,,,
butterfly,40,UPDATE,0.4,0.2,NOOP,,,[0|1|0|1|2|3|4|5|6|7|8|9|2|3|4|5|6|7|8|9 -> 0 -> 0|1|0|1|2|3|4|5|6|7|8|9|2|3|4|5|6|7|8|9],[0|1|0|1|2|3|4|5|6|7|8|9|2|3|4|5|6|7|8|9 -> 0 -> 0|1|0|1|2|3|4|5|6|7|8|9|2|3|4|5|6|7|8|9],[26; 8; 4],23.804,,,,,,,,0,0.002,,,,,,,
butterfly,40,UPDATE,0.4,0.5,NOOP,,,[0|1|0|1|2|3|4|5|6|7|8|9|2|3|4|5|6|7|8|9 -> 0 -> 0|1|0|1|2|3|4|5|6|7|8|9|2|3|4|5|6|7|8|9],[0|1|0|1|2|3|4|5|6|7|8|9|2|3|4|5|6|7|8|9 -> 0 -> 0|1|0|1|2|3|4|5|6|7|8|9|2|3|4|5|6|7|8|9],[34; 12; 8],23.684,,,,,,,,0,0.001,,,,,,,
butterfly,40,UPDATE,0.4,0.8,NOOP,,,[0|1|0|1|2|3|4|5|6|7|8|9|2|3|4|5|6|7|8|9 -> 0 -> 0|1|0|1|2|3|4|5|6|7|8|9|2|3|4|5|6|7|8|9],[0|1|0|1|2|3|4|5|6|7|8|9|2|3|4|5|6|7|8|9 -> 0 -> 0|1|0|1|2|3|4|5|6|7|8|9|2|3|4|5|6|7|8|9],[27; 2; 10],23.704,,,,,,,,0,0.002,,,,,,,
butterfly,40,UPDATE,0.4,0.2,UPDATE,,,[0|1|0|1|2|3|4|5|6|7|8|9|2|3|4|5|6|7|8|9 -> 0 -> 0|1|0|1|2|3|4|5|6|7|8|9|2|3|4|5|6|7|8|9],[0|1|0|1|2|3|4|5|6|7|8|9|2|3|4|5|6|7|8|9 -> 0 -> 0|1|0|1|2|3|4|5|6|7|8|9|2|3|4|5|6|7|8|9],[11; 1; 20; 5; 2],23.828,,,,,,,,0,0.002,,,,,,,
butterfly,40,UPDATE,0.4,0.5,UPDATE,,,[0|1|0|1|2|3|4|5|6|7|8|9|2|3|4|5|6|7|8|9 -> 0 -> 0|1|0|1|2|3|4|5|6|7|8|9|2|3|4|5|6|7|8|9],[0|1|0|1|2|3|4|5|6|7|8|9|2|3|4|5|6|7|8|9 -> 0 -> 0|1|0|1|2|3|4|5|6|7|8|9|2|3|4|5|6|7|8|9],[19; 1; 16; 5; 10],23.72,,,,,,,,0,0.002,,,,,,,
butterfly,40,UPDATE,0.4,0.8,UPDATE,,,[0|1|0|1|2|3|4|5|6|7|8|9|2|3|4|5|6|7|8|9 -> 0 -> 0|1|0|1|2|3|4|5|6|7|8|9|2|3|4|5|6|7|8|9],[0|1|0|1|2|3|4|5|6|7|8|9|2|3|4|5|6|7|8|9 -> 0 -> 0|1|0|1|2|3|4|5|6|7|8|9|2|3|4|5|6|7|8|9],[20; 1; 7; 6; 8],23.76,,,,,,,,0,0.002,,,,,,,
butterfly,40,UPDATE,0.7,0.2,CREATE_DELETE,,,[0|1|0|1|2|3|4|5|6|7|8|9|2|3|4|5|6|7|8|9 -> 0 -> 0|1|0|1|2|3|4|5|6|7|8|9|2|3|4|5|6|7|8|9],[0|1|0|1|2|3|4|5|6|7|8|9|2|3|4|5|6|7|8|9 -> 0 -> 0|1|0|1|2|3|4|5|6|7|8|9|2|3|4|5|6|7|8|9],[8; 1; 20; 3; 1; 1],23.764,,,,,,,,0,0.003,,,,,,,
butterfly,40,UPDATE,0.7,0.5,CREATE_DELETE,,,[0|1|0|1|2|3|4|5|6|7|8|9|2|3|4|5|6|7|8|9 -> 0 -> 0|1|0|1|2|3|4|5|6|7|8|9|2|3|4|5|6|7|8|9],[0|1|0|1|2|3|4|5|6|7|8|9|2|3|4|5|6|7|8|9 -> 0 -> 0|1|0|1|2|3|4|5|6|7|8|9|2|3|4|5|6|7|8|9],[17; 1; 17; 2; 1; 3],23.86,,,,,,,,0,0.001,,,,,,,
butterfly,40,UPDATE,0.7,0.8,CREATE_DELETE,,,[0|1|0|1|2|3|4|5|6|7|8|9|2|3|4|5|6|7|8|9 -> 0 -> 0|1|0|1|2|3|4|5|6|7|8|9|2|3|4|5|6|7|8|9],[0|1|0|1|2|3|4|5|6|7|8|9|2|3|4|5|6|7|8|9 -> 0 -> 0|1|0|1|2|3|4|5|6|7|8|9|2|3|4|5|6|7|8|9],[21; 1; 8; 2; 1; 8],23.796,,,,,,,,0,0.002,,,,,,,
butterfly,40,UPDATE,0.7,0.2,DELETE_CREATE,,,[0|1|0|1|2|3|4|5|6|7|8|9|2|3|4|5|6|7|8|9 -> 0 -> 0|1|0|1|2|3|4|5|6|7|8|9|2|3|4|5|6|7|8|9],[0|1|0|1|2|3|4|5|6|7|8|9|2|3|4|5|6|7|8|9 -> 0 -> 0|1|0|1|2|3|4|5|6|7|8|9|2|3|4|5|6|7|8|9],[9; 1; 20; 4; 1; 2],23.868,,,,,,,,0,0.001,,,,,,,
butterfly,40,UPDATE,0.7,0.5,DELETE_CREATE,,,[0|1|0|1|2|3|4|5|6|7|8|9|2|3|4|5|6|7|8|9 -> 0 -> 0|1|0|1|2|3|4|5|6|7|8|9|2|3|4|5|6|7|8|9],[0|1|0|1|2|3|4|5|6|7|8|9|2|3|4|5|6|7|8|9 -> 0 -> 0|1|0|1|2|3|4|5|6|7|8|9|2|3|4|5|6|7|8|9],[21; 1; 20; 3; 1; 2],23.78,,,,,,,,0,0.002,,,,,,,
butterfly,40,UPDATE,0.7,0.8,DELETE_CREATE,,,[0|1|0|1|2|3|4|5|6|7|8|9|2|3|4|5|6|7|8|9 -> 0 -> 0|1|0|1|2|3|4|5|6|7|8|9|2|3|4|5|6|7|8|9],[0|1|0|1|2|3|4|5|6|7|8|9|2|3|4|5|6|7|8|9 -> 0 -> 0|1|0|1|2|3|4|5|6|7|8|9|2|3|4|5|6|7|8|9],[20; 1; 7; 1; 1; 8],23.832,,,,,,,,0,0.002,,,,,,,
butterfly,40,UPDATE,0.7,0.2,NOOP,,,[0|1|0|1|2|3|4|5|6|7|8|9|2|3|4|5|6|7|8|9 -> 0 -> 0|1|0|1|2|3|4|5|6|7|8|9|2|3|4|5|6|7|8|9],[0|1|0|1|2|3|4|5|6|7|8|9|2|3|4|5|6|7|8|9 -> 0 -> 0|1|0|1|2|3|4|5|6|7|8|9|2|3|4|5|6|7|8|9],[27; 3; 2],23.816,,,,,,,,0,0.001,,,,,,,
butterfly,40,UPDATE,0.7,0.5,NOOP,,,[0|1|0|1|2|3|4|5|6|7|8|9|2|3|4|5|6|7|8|9 -> 0 -> 0|1|0|1|2|3|4|5|6|7|8|9|2|3|4|5|6|7|8|9],[0|1|0|1|2|3|4|5|6|7|8|9|2|3|4|5|6|7|8|9 -> 0 -> 0|1|0|1|2|3|4|5|6|7|8|9|2|3|4|5|6|7|8|9],[37; 4; 3],23.86,,,,,,,,0,0.002,,,,,,,
butterfly,40,UPDATE,0.7,0.8,NOOP,,,[0|1|0|1|2|3|4|5|6|7|8|9|2|3|4|5|6|7|8|9 -> 0 -> 0|1|0|1|2|3|4|5|6|7|8|9|2|3|4|5|6|7|8|9],[0|1|0|1|2|3|4|5|6|7|8|9|2|3|4|5|6|7|8|9 -> 0 -> 0|1|0|1|2|3|4|5|6|7|8|9|2|3|4|5|6|7|8|9],[28; 2; 7],23.864,,,,,,,,0,0.001,,,,,,,
butterfly,40,UPDATE,0.7,0.2,UPDATE,,,[0|1|0|1|2|3|4|5|6|7|8|9|2|3|4|5|6|7|8|9 -> 0 -> 0|1|0|1|2|3|4|5|6|7|8|9|2|3|4|5|6|7|8|9],[0|1|0|1|2|3|4|5|6|7|8|9|2|3|4|5|6|7|8|9 -> 0 -> 0|1|0|1|2|3|4|5|6|7|8|9|2|3|4|5|6|7|8|9],[11; 1; 20; 5; 1],23.816,,,,,,,,0,0.002,,,,,,,
butterfly,40,UPDATE,0.7,0.5,UPDATE,,,[0|1|0|1|2|3|4|5|6|7|8|9|2|3|4|5|6|7|8|9 -> 0 -> 0|1|0|1|2|3|4|5|6|7|8|9|2|3|4|5|6|7|8|9],[0|1|0|1|2|3|4|5|6|7|8|9|2|3|4|5|6|7|8|9 -> 0 -> 0|1|0|1|2|3|4|5|6|7|8|9|2|3|4|5|6|7|8|9],[23; 1; 20; 2; 7],23.776,,,,,,,,0,0.001,,,,,,,
butterfly,40,UPDATE,0.7,0.8,UPDATE,,,[0|1|0|1|2|3|4|5|6|7|8|9|2|3|4|5|6|7|8|9 -> 0 -> 0|1|0|1|2|3|4|5|6|7|8|9|2|3|4|5|6|7|8|9],[0|1|0|1|2|3|4|5|6|7|8|9|2|3|4|5|6|7|8|9 -> 0 -> 0|1|0|1|2|3|4|5|6|7|8|9|2|3|4|5|6|7|8|9],[21; 1; 8; 1; 6],23.744,,,,,,,,0,0.001,,,,,,,
butterfly,40,NOOP,0.4,0.2,CREATE_DELETE,,,[0|1|0|1|2|3|4|5|6|7|8|9|2|3|4|5|6|7|8|9 -> 0 -> 0|1|0|1|2|3|4|5|6|7|8|9|2|3|4|5|6|7|8|9],[0|1|0|1|2|3|4|5|6|7|8|9|2|3|4|5|6|7|8|9 -> 0 -> 0|1|0|1|2|3|4|5|6|7|8|9|2|3|4|5|6|7|8|9],[13; 1; 20; 10; 1; 2],23.668,,,,,,,,0,0.002,,,,,,,
butterfly,40,NOOP,0.4,0.5,CREATE_DELETE,,,[0|1|0|1|2|3|4|5|6|7|8|9|2|3|4|5|6|7|8|9 -> 0 -> 0|1|0|1|2|3|4|5|6|7|8|9|2|3|4|5|6|7|8|9],[0|1|0|1|2|3|4|5|6|7|8|9|2|3|4|5|6|7|8|9 -> 0 -> 0|1|0|1|2|3|4|5|6|7|8|9|2|3|4|5|6|7|8|9],[17; 1; 14; 6; 1; 8],23.656,,,,,,,,0,0.002,,,,,,,
butterfly,40,NOOP,0.4,0.8,CREATE_DELETE,,,[0|1|0|1|2|3|4|5|6|7|8|9|2|3|4|5|6|7|8|9 -> 0 -> 0|1|0|1|2|3|4|5|6|7|8|9|2|3|4|5|6|7|8|9],[0|1|0|1|2|3|4|5|6|7|8|9|2|3|4|5|6|7|8|9 -> 0 -> 0|1|0|1|2|3|4|5|6|7|8|9|2|3|4|5|6|7|8|9],[21; 1; 7; 10],23.788,,,,,,,,0,0.002,,,,,,,
butterfly,40,NOOP,0.4,0.2,DELETE_CREATE,,,[0|1|0|1|2|3|4|5|6|7|8|9|2|3|4|5|6|7|8|9 -> 0 -> 0|1|0|1|2|3|4|5|6|7|8|9|2|3|4|5|6|7|8|9],[0|1|0|1|2|3|4|5|6|7|8|9|2|3|4|5|6|7|8|9 -> 0 -> 0|1|0|1|2|3|4|5|6|7|8|9|2|3|4|5|6|7|8|9],[11; 1; 20; 5; 1; 3],23.648,,,,,,,,0,0.002,,,,,,,
butterfly,40,NOOP,0.4,0.5,DELETE_CREATE,,,[0|1|0|1|2|3|4|5|6|7|8|9|2|3|4|5|6|7|8|9 -> 0 -> 0|1|0|1|2|3|4|5|6|7|8|9|2|3|4|5|6|7|8|9],[0|1|0|1|2|3|4|5|6|7|8|9|2|3|4|5|6|7|8|9 -> 0 -> 0|1|0|1|2|3|4|5|6|7|8|9|2|3|4|5|6|7|8|9],[14; 1; 12; 6; 1; 7],23.748,,,,,,,,0,0.001,,,,,,,
butterfly,40,NOOP,0.4,0.8,DELETE_CREATE,,,[0|1|0|1|2|3|4|5|6|7|8|9|2|3|4|5|6|7|8|9 -> 0 -> 0|1|0|1|2|3|4|5|6|7|8|9|2|3|4|5|6|7|8|9],[0|1|0|1|2|3|4|5|6|7|8|9|2|3|4|5|6|7|8|9 -> 0 -> 0|1|0|1|2|3|4|5|6|7|8|9|2|3|4|5|6|7|8|9],[18; 1; 5; 3; 1; 10],23.604,,,,,,,,0,0.002,,,,,,,
butterfly,40,NOOP,0.4,0.2,NOOP,,,[0|1|0|1|2|3|4|5|6|7|8|9|2|3|4|5|6|7|8|9 -> 0 -> 0|1|0|1|2|3|4|5|6|7|8|9|2|3|4|5|6|7|8|9],[0|1|0|1|2|3|4|5|6|7|8|9|2|3|4|5|6|7|8|9 -> 0 -> 0|1|0|1|2|3|4|5|6|7|8|9|2|3|4|5|6|7|8|9],[24; 13; 2],23.692,,,,,,,,0,0.001,,,,,,,
butterfly,40,NOOP,0.4,0.5,NOOP,,,[0|1|0|1|2|3|4|5|6|7|8|9|2|3|4|5|6|7|8|9 -> 0 -> 0|1|0|1|2|3|4|5|6|7|8|9|2|3|4|5|6|7|8|9],[0|1|0|1|2|3|4|5|6|7|8|9|2|3|4|5|6|7|8|9 -> 0 -> 0|1|0|1|2|3|4|5|6|7|8|9|2|3|4|5|6|7|8|9],[26; 6; 11],23.66,,,,,,,,0,0.002,,,,,,,
butterfly,40,NOOP,0.4,0.8,NOOP,,,[0|1|0|1|2|3|4|5|6|7|8|9|2|3|4|5|6|7|8|9 -> 0 -> 0|1|0|1|2|3|4|5|6|7|8|9|2|3|4|5|6|7|8|9],[0|1|0|1|2|3|4|5|6|7|8|9|2|3|4|5|6|7|8|9 -> 0 -> 0|1|0|1|2|3|4|5|6|7|8|9|2|3|4|5|6|7|8|9],[26; 4; 14],23.768,,,,,,,,0,0.002,,,,,,,
butterfly,40,NOOP,0.4,0.2,UPDATE,,,[0|1|0|1|2|3|4|5|6|7|8|9|2|3|4|5|6|7|8|9 -> 0 -> 0|1|0|1|2|3|4|5|6|7|8|9|2|3|4|5|6|7|8|9],[0|1|0|1|2|3|4|5|6|7|8|9|2|3|4|5|6|7|8|9 -> 0 -> 0|1|0|1|2|3|4|5|6|7|8|9|2|3|4|5|6|7|8|9],[8; 1; 20; 9; 4],23.884,,,,,,,,0,0.001,,,,,,,
butterfly,40,NOOP,0.4,0.5,UPDATE,,,[0|1|0|1|2|3|4|5|6|7|8|9|2|3|4|5|6|7|8|9 -> 0 -> 0|1|0|1|2|3|4|5|6|7|8|9|2|3|4|5|6|7|8|9],[0|1|0|1|2|3|4|5|6|7|8|9|2|3|4|5|6|7|8|9 -> 0 -> 0|1|0|1|2|3|4|5|6|7|8|9|2|3|4|5|6|7|8|9],[17; 1; 12; 2; 7],23.68,,,,,,,,0,0.001,,,,,,,
butterfly,40,NOOP,0.4,0.8,UPDATE,,,[0|1|0|1|2|3|4|5|6|7|8|9|2|3|4|5|6|7|8|9 -> 0 -> 0|1|0|1|2|3|4|5|6|7|8|9|2|3|4|5|6|7|8|9],[0|1|0|1|2|3|4|5|6|7|8|9|2|3|4|5|6|7|8|9 -> 0 -> 0|1|0|1|2|3|4|5|6|7|8|9|2|3|4|5|6|7|8|9],[17; 12; 7; 1; 6],23.68,,,,FALSE,513.371,,,119,0.005,,,,,,,
butterfly,40,NOOP,0.7,0.2,CREATE_DELETE,,,[0|1|0|1|2|3|4|5|6|7|8|9|2|3|4|5|6|7|8|9 -> 0 -> 0|1|0|1|2|3|4|5|6|7|8|9|2|3|4|5|6|7|8|9],[0|1|0|1|2|3|4|5|6|7|8|9|2|3|4|5|6|7|8|9 -> 0 -> 0|1|0|1|2|3|4|5|6|7|8|9|2|3|4|5|6|7|8|9],[6; 1; 9; 2; 1; 2],23.8,,,,,,,,0,0.002,,,,,,,
butterfly,40,NOOP,0.7,0.5,CREATE_DELETE,,,[0|1|0|1|2|3|4|5|6|7|8|9|2|3|4|5|6|7|8|9 -> 0 -> 0|1|0|1|2|3|4|5|6|7|8|9|2|3|4|5|6|7|8|9],[0|1|0|1|2|3|4|5|6|7|8|9|2|3|4|5|6|7|8|9 -> 0 -> 0|1|0|1|2|3|4|5|6|7|8|9|2|3|4|5|6|7|8|9],[10; 1; 8; 1; 1; 3],23.864,,,,,,,,0,0.002,,,,,,,
butterfly,40,NOOP,0.7,0.8,CREATE_DELETE,,,[0|1|0|1|2|3|4|5|6|7|8|9|2|3|4|5|6|7|8|9 -> 0 -> 0|1|0|1|2|3|4|5|6|7|8|9|2|3|4|5|6|7|8|9],[0|1|0|1|2|3|4|5|6|7|8|9|2|3|4|5|6|7|8|9 -> 0 -> 0|1|0|1|2|3|4|5|6|7|8|9|2|3|4|5|6|7|8|9],[13; 1; 4; 7],23.676,,,,,,,,0,0.002,,,,,,,
butterfly,40,NOOP,0.7,0.2,DELETE_CREATE,,,[0|1|0|1|2|3|4|5|6|7|8|9|2|3|4|5|6|7|8|9 -> 0 -> 0|1|0|1|2|3|4|5|6|7|8|9|2|3|4|5|6|7|8|9],[0|1|0|1|2|3|4|5|6|7|8|9|2|3|4|5|6|7|8|9 -> 0 -> 0|1|0|1|2|3|4|5|6|7|8|9|2|3|4|5|6|7|8|9],[5; 1; 7; 3; 1; 1],23.74,,,,,,,,0,0.002,,,,,,,
butterfly,40,NOOP,0.7,0.5,DELETE_CREATE,,,[0|1|0|1|2|3|4|5|6|7|8|9|2|3|4|5|6|7|8|9 -> 0 -> 0|1|0|1|2|3|4|5|6|7|8|9|2|3|4|5|6|7|8|9],[0|1|0|1|2|3|4|5|6|7|8|9|2|3|4|5|6|7|8|9 -> 0 -> 0|1|0|1|2|3|4|5|6|7|8|9|2|3|4|5|6|7|8|9],[4; 1; 3; 1; 1; 1],23.832,,,,,,,,0,0.001,,,,,,,
butterfly,40,NOOP,0.7,0.8,DELETE_CREATE,,,[0|1|0|1|2|3|4|5|6|7|8|9|2|3|4|5|6|7|8|9 -> 0 -> 0|1|0|1|2|3|4|5|6|7|8|9|2|3|4|5|6|7|8|9],[0|1|0|1|2|3|4|5|6|7|8|9|2|3|4|5|6|7|8|9 -> 0 -> 0|1|0|1|2|3|4|5|6|7|8|9|2|3|4|5|6|7|8|9],[7; 1; 2; 1; 1; 5],23.804,,,,,,,,0,0.001,,,,,,,
butterfly,40,NOOP,0.7,0.2,NOOP,,,[0|1|0|1|2|3|4|5|6|7|8|9|2|3|4|5|6|7|8|9 -> 0 -> 0|1|0|1|2|3|4|5|6|7|8|9|2|3|4|5|6|7|8|9],[0|1|0|1|2|3|4|5|6|7|8|9|2|3|4|5|6|7|8|9 -> 0 -> 0|1|0|1|2|3|4|5|6|7|8|9|2|3|4|5|6|7|8|9],[10; 6],23.78,,,,,,,,0,0.001,,,,,,,
butterfly,40,NOOP,0.7,0.5,NOOP,,,[0|1|0|1|2|3|4|5|6|7|8|9|2|3|4|5|6|7|8|9 -> 0 -> 0|1|0|1|2|3|4|5|6|7|8|9|2|3|4|5|6|7|8|9],[0|1|0|1|2|3|4|5|6|7|8|9|2|3|4|5|6|7|8|9 -> 0 -> 0|1|0|1|2|3|4|5|6|7|8|9|2|3|4|5|6|7|8|9],[10; 4; 5],23.788,,,,,,,,0,0.001,,,,,,,
butterfly,40,NOOP,0.7,0.8,NOOP,,,[0|1|0|1|2|3|4|5|6|7|8|9|2|3|4|5|6|7|8|9 -> 0 -> 0|1|0|1|2|3|4|5|6|7|8|9|2|3|4|5|6|7|8|9],[0|1|0|1|2|3|4|5|6|7|8|9|2|3|4|5|6|7|8|9 -> 0 -> 0|1|0|1|2|3|4|5|6|7|8|9|2|3|4|5|6|7|8|9],[10; 2; 7],23.744,,,,,,,,0,0.002,,,,,,,
butterfly,40,NOOP,0.7,0.2,UPDATE,,,[0|1|0|1|2|3|4|5|6|7|8|9|2|3|4|5|6|7|8|9 -> 0 -> 0|1|0|1|2|3|4|5|6|7|8|9|2|3|4|5|6|7|8|9],[0|1|0|1|2|3|4|5|6|7|8|9|2|3|4|5|6|7|8|9 -> 0 -> 0|1|0|1|2|3|4|5|6|7|8|9|2|3|4|5|6|7|8|9],[5; 1; 10; 5; 1],23.872,,,,,,,,0,0.001,,,,,,,
butterfly,40,NOOP,0.7,0.5,UPDATE,,,[0|1|0|1|2|3|4|5|6|7|8|9|2|3|4|5|6|7|8|9 -> 0 -> 0|1|0|1|2|3|4|5|6|7|8|9|2|3|4|5|6|7|8|9],[0|1|0|1|2|3|4|5|6|7|8|9|2|3|4|5|6|7|8|9 -> 0 -> 0|1|0|1|2|3|4|5|6|7|8|9|2|3|4|5|6|7|8|9],[3; 4; 2; 1; 4],23.836,,,,FALSE,131.385,,,40,0.003,,,,,,,
butterfly,40,NOOP,0.7,0.8,UPDATE,,,[0|1|0|1|2|3|4|5|6|7|8|9|2|3|4|5|6|7|8|9 -> 0 -> 0|1|0|1|2|3|4|5|6|7|8|9|2|3|4|5|6|7|8|9],[0|1|0|1|2|3|4|5|6|7|8|9|2|3|4|5|6|7|8|9 -> 0 -> 0|1|0|1|2|3|4|5|6|7|8|9|2|3|4|5|6|7|8|9],[12; 1; 3; 1; 8],23.864,,,,,,,,0,0.002,,,,,,,
butterfly,40,DELETE_CREATE,0.4,0.2,CREATE_DELETE,,,[0|1|0|1|2|3|4|5|6|7|8|9|2|3|4|5|6|7|8|9 -> 0 -> 0|1|0|1|2|3|4|5|6|7|8|9|2|3|4|5|6|7|8|9],[0|1|0|1|2|3|4|5|6|7|8|9|2|3|4|5|6|7|8|9 -> 0 -> 0|1|0|1|2|3|4|5|6|7|8|9|2|3|4|5|6|7|8|9],[18; 1; 20; 2; 1; 3],23.64,,,,,,,,0,0.002,,,,,,,
butterfly,40,DELETE_CREATE,0.4,0.5,CREATE_DELETE,,,[0|1|0|1|2|3|4|5|6|7|8|9|2|3|4|5|6|7|8|9 -> 0 -> 0|1|0|1|2|3|4|5|6|7|8|9|2|3|4|5|6|7|8|9],[0|1|0|1|2|3|4|5|6|7|8|9|2|3|4|5|6|7|8|9 -> 0 -> 0|1|0|1|2|3|4|5|6|7|8|9|2|3|4|5|6|7|8|9],[25; 1; 17; 2; 1; 10],23.744,,,,,,,,0,0.001,,,,,,,
butterfly,40,DELETE_CREATE,0.4,0.8,CREATE_DELETE,,,[0|1|0|1|2|3|4|5|6|7|8|9|2|3|4|5|6|7|8|9 -> 0 -> 0|1|0|1|2|3|4|5|6|7|8|9|2|3|4|5|6|7|8|9],[0|1|0|1|2|3|4|5|6|7|8|9|2|3|4|5|6|7|8|9 -> 0 -> 0|1|0|1|2|3|4|5|6|7|8|9|2|3|4|5|6|7|8|9],[24; 1; 8; 13],23.692,,,,,,,,0,0.002,,,,,,,
butterfly,40,DELETE_CREATE,0.4,0.2,DELETE_CREATE,,,[0|1|0|1|2|3|4|5|6|7|8|9|2|3|4|5|6|7|8|9 -> 0 -> 0|1|0|1|2|3|4|5|6|7|8|9|2|3|4|5|6|7|8|9],[0|1|0|1|2|3|4|5|6|7|8|9|2|3|4|5|6|7|8|9 -> 0 -> 0|1|0|1|2|3|4|5|6|7|8|9|2|3|4|5|6|7|8|9],[13; 1; 20; 8; 1; 3],23.612,,,,,,,,0,0.002,,,,,,,
butterfly,40,DELETE_CREATE,0.4,0.5,DELETE_CREATE,,,[0|1|0|1|2|3|4|5|6|7|8|9|2|3|4|5|6|7|8|9 -> 0 -> 0|1|0|1|2|3|4|5|6|7|8|9|2|3|4|5|6|7|8|9],[0|1|0|1|2|3|4|5|6|7|8|9|2|3|4|5|6|7|8|9 -> 0 -> 0|1|0|1|2|3|4|5|6|7|8|9|2|3|4|5|6|7|8|9],[23; 1; 17; 7; 1; 13],23.768,,,,,,,,0,0.002,,,,,,,
butterfly,40,DELETE_CREATE,0.4,0.8,DELETE_CREATE,,,[0|1|0|1|2|3|4|5|6|7|8|9|2|3|4|5|6|7|8|9 -> 0 -> 0|1|0|1|2|3|4|5|6|7|8|9|2|3|4|5|6|7|8|9],[0|1|0|1|2|3|4|5|6|7|8|9|2|3|4|5|6|7|8|9 -> 0 -> 0|1|0|1|2|3|4|5|6|7|8|9|2|3|4|5|6|7|8|9],[22; 1; 6; 2; 1; 17],23.636,,,,,,,,0,0.002,,,,,,,
butterfly,40,DELETE_CREATE,0.4,0.2,NOOP,,,[0|1|0|1|2|3|4|5|6|7|8|9|2|3|4|5|6|7|8|9 -> 0 -> 0|1|0|1|2|3|4|5|6|7|8|9|2|3|4|5|6|7|8|9],[0|1|0|1|2|3|4|5|6|7|8|9|2|3|4|5|6|7|8|9 -> 0 -> 0|1|0|1|2|3|4|5|6|7|8|9|2|3|4|5|6|7|8|9],[27; 13; 6],23.708,,,,,,,,0,0.001,,,,,,,
butterfly,40,DELETE_CREATE,0.4,0.5,NOOP,,,[0|1|0|1|2|3|4|5|6|7|8|9|2|3|4|5|6|7|8|9 -> 0 -> 0|1|0|1|2|3|4|5|6|7|8|9|2|3|4|5|6|7|8|9],[0|1|0|1|2|3|4|5|6|7|8|9|2|3|4|5|6|7|8|9 -> 0 -> 0|1|0|1|2|3|4|5|6|7|8|9|2|3|4|5|6|7|8|9],[29; 12; 9],23.684,,,,,,,,0,0.001,,,,,,,
butterfly,40,DELETE_CREATE,0.4,0.8,NOOP,,,[0|1|0|1|2|3|4|5|6|7|8|9|2|3|4|5|6|7|8|9 -> 0 -> 0|1|0|1|2|3|4|5|6|7|8|9|2|3|4|5|6|7|8|9],[0|1|0|1|2|3|4|5|6|7|8|9|2|3|4|5|6|7|8|9 -> 0 -> 0|1|0|1|2|3|4|5|6|7|8|9|2|3|4|5|6|7|8|9],[27; 4; 15],23.632,,,,,,,,0,0.002,,,,,,,
butterfly,40,DELETE_CREATE,0.4,0.2,UPDATE,,,[0|1|0|1|2|3|4|5|6|7|8|9|2|3|4|5|6|7|8|9 -> 0 -> 0|1|0|1|2|3|4|5|6|7|8|9|2|3|4|5|6|7|8|9],[0|1|0|1|2|3|4|5|6|7|8|9|2|3|4|5|6|7|8|9 -> 0 -> 0|1|0|1|2|3|4|5|6|7|8|9|2|3|4|5|6|7|8|9],[19; 1; 20; 3; 3],23.668,,,,,,,,0,0.002,,,,,,,
butterfly,40,DELETE_CREATE,0.4,0.5,UPDATE,,,[0|1|0|1|2|3|4|5|6|7|8|9|2|3|4|5|6|7|8|9 -> 0 -> 0|1|0|1|2|3|4|5|6|7|8|9|2|3|4|5|6|7|8|9],[0|1|0|1|2|3|4|5|6|7|8|9|2|3|4|5|6|7|8|9 -> 0 -> 0|1|0|1|2|3|4|5|6|7|8|9|2|3|4|5|6|7|8|9],[20; 1; 16; 6; 13],23.788,,,,,,,,0,0.001,,,,,,,
butterfly,40,DELETE_CREATE,0.4,0.8,UPDATE,,,[0|1|0|1|2|3|4|5|6|7|8|9|2|3|4|5|6|7|8|9 -> 0 -> 0|1|0|1|2|3|4|5|6|7|8|9|2|3|4|5|6|7|8|9],[0|1|0|1|2|3|4|5|6|7|8|9|2|3|4|5|6|7|8|9 -> 0 -> 0|1|0|1|2|3|4|5|6|7|8|9|2|3|4|5|6|7|8|9],[21; 1; 7; 2; 17],23.664,,,,,,,,0,0.002,,,,,,,
butterfly,40,DELETE_CREATE,0.7,0.2,CREATE_DELETE,,,[0|1|0|1|2|3|4|5|6|7|8|9|2|3|4|5|6|7|8|9 -> 0 -> 0|1|0|1|2|3|4|5|6|7|8|9|2|3|4|5|6|7|8|9],[0|1|0|1|2|3|4|5|6|7|8|9|2|3|4|5|6|7|8|9 -> 0 -> 0|1|0|1|2|3|4|5|6|7|8|9|2|3|4|5|6|7|8|9],[20; 1; 20; 4; 1; 5],23.764,,,,,,,,0,0.001,,,,,,,
butterfly,40,DELETE_CREATE,0.7,0.5,CREATE_DELETE,,,[0|1|0|1|2|3|4|5|6|7|8|9|2|3|4|5|6|7|8|9 -> 0 -> 0|1|0|1|2|3|4|5|6|7|8|9|2|3|4|5|6|7|8|9],[0|1|0|1|2|3|4|5|6|7|8|9|2|3|4|5|6|7|8|9 -> 0 -> 0|1|0|1|2|3|4|5|6|7|8|9|2|3|4|5|6|7|8|9],[30; 1; 18; 1; 1; 17],23.892,,,,,,,,0,0.001,,,,,,,
butterfly,40,DELETE_CREATE,0.7,0.8,CREATE_DELETE,,,[0|1|0|1|2|3|4|5|6|7|8|9|2|3|4|5|6|7|8|9 -> 0 -> 0|1|0|1|2|3|4|5|6|7|8|9|2|3|4|5|6|7|8|9],[0|1|0|1|2|3|4|5|6|7|8|9|2|3|4|5|6|7|8|9 -> 0 -> 0|1|0|1|2|3|4|5|6|7|8|9|2|3|4|5|6|7|8|9],[26; 1; 8; 2; 1; 20],23.988,,,,,,,,0,0.002,,,,,,,
butterfly,40,DELETE_CREATE,0.7,0.2,DELETE_CREATE,,,[0|1|0|1|2|3|4|5|6|7|8|9|2|3|4|5|6|7|8|9 -> 0 -> 0|1|0|1|2|3|4|5|6|7|8|9|2|3|4|5|6|7|8|9],[0|1|0|1|2|3|4|5|6|7|8|9|2|3|4|5|6|7|8|9 -> 0 -> 0|1|0|1|2|3|4|5|6|7|8|9|2|3|4|5|6|7|8|9],[21; 1; 20; 3; 1; 4],23.768,,,,,,,,0,0.002,,,,,,,
butterfly,40,DELETE_CREATE,0.7,0.5,DELETE_CREATE,,,[0|1|0|1|2|3|4|5|6|7|8|9|2|3|4|5|6|7|8|9 -> 0 -> 0|1|0|1|2|3|4|5|6|7|8|9|2|3|4|5|6|7|8|9],[0|1|0|1|2|3|4|5|6|7|8|9|2|3|4|5|6|7|8|9 -> 0 -> 0|1|0|1|2|3|4|5|6|7|8|9|2|3|4|5|6|7|8|9],[30; 1; 18; 5; 1; 15],23.924,,,,,,,,0,0.002,,,,,,,
butterfly,40,DELETE_CREATE,0.7,0.8,DELETE_CREATE,,,[0|1|0|1|2|3|4|5|6|7|8|9|2|3|4|5|6|7|8|9 -> 0 -> 0|1|0|1|2|3|4|5|6|7|8|9|2|3|4|5|6|7|8|9],[0|1|0|1|2|3|4|5|6|7|8|9|2|3|4|5|6|7|8|9 -> 0 -> 0|1|0|1|2|3|4|5|6|7|8|9|2|3|4|5|6|7|8|9],[26; 1; 8; 2; 1; 18],23.82,,,,,,,,0,0.002,,,,,,,
butterfly,40,DELETE_CREATE,0.7,0.2,NOOP,,,[0|1|0|1|2|3|4|5|6|7|8|9|2|3|4|5|6|7|8|9 -> 0 -> 0|1|0|1|2|3|4|5|6|7|8|9|2|3|4|5|6|7|8|9],[0|1|0|1|2|3|4|5|6|7|8|9|2|3|4|5|6|7|8|9 -> 0 -> 0|1|0|1|2|3|4|5|6|7|8|9|2|3|4|5|6|7|8|9],[27; 17; 7],23.884,,,,,,,,0,0.001,,,,,,,
butterfly,40,DELETE_CREATE,0.7,0.5,NOOP,,,[0|1|0|1|2|3|4|5|6|7|8|9|2|3|4|5|6|7|8|9 -> 0 -> 0|1|0|1|2|3|4|5|6|7|8|9|2|3|4|5|6|7|8|9],[0|1|0|1|2|3|4|5|6|7|8|9|2|3|4|5|6|7|8|9 -> 0 -> 0|1|0|1|2|3|4|5|6|7|8|9|2|3|4|5|6|7|8|9],[36; 17; 16],23.864,,,,,,,,0,0.001,,,,,,,
butterfly,40,DELETE_CREATE,0.7,0.8,NOOP,,,[0|1|0|1|2|3|4|5|6|7|8|9|2|3|4|5|6|7|8|9 -> 0 -> 0|1|0|1|2|3|4|5|6|7|8|9|2|3|4|5|6|7|8|9],[0|1|0|1|2|3|4|5|6|7|8|9|2|3|4|5|6|7|8|9 -> 0 -> 0|1|0|1|2|3|4|5|6|7|8|9|2|3|4|5|6|7|8|9],[15; 24; 13],23.876,,,,FALSE,474.511,,,182,0.004,,,,,,,
butterfly,40,DELETE_CREATE,0.7,0.2,UPDATE,,,[0|1|0|1|2|3|4|5|6|7|8|9|2|3|4|5|6|7|8|9 -> 0 -> 0|1|0|1|2|3|4|5|6|7|8|9|2|3|4|5|6|7|8|9],[0|1|0|1|2|3|4|5|6|7|8|9|2|3|4|5|6|7|8|9 -> 0 -> 0|1|0|1|2|3|4|5|6|7|8|9|2|3|4|5|6|7|8|9],[25; 1; 20; 1; 7],23.924,,,,,,,,0,0.001,,,,,,,
butterfly,40,DELETE_CREATE,0.7,0.5,UPDATE,,,[0|1|0|1|2|3|4|5|6|7|8|9|2|3|4|5|6|7|8|9 -> 0 -> 0|1|0|1|2|3|4|5|6|7|8|9|2|3|4|5|6|7|8|9],[0|1|0|1|2|3|4|5|6|7|8|9|2|3|4|5|6|7|8|9 -> 0 -> 0|1|0|1|2|3|4|5|6|7|8|9|2|3|4|5|6|7|8|9],[29; 1; 17; 3; 12],23.836,,,,,,,,0,0.002,,,,,,,
butterfly,40,DELETE_CREATE,0.7,0.8,UPDATE,,,[0|1|0|1|2|3|4|5|6|7|8|9|2|3|4|5|6|7|8|9 -> 0 -> 0|1|0|1|2|3|4|5|6|7|8|9|2|3|4|5|6|7|8|9],[0|1|0|1|2|3|4|5|6|7|8|9|2|3|4|5|6|7|8|9 -> 0 -> 0|1|0|1|2|3|4|5|6|7|8|9|2|3|4|5|6|7|8|9],[25; 1; 7; 1; 17],23.78,,,,,,,,0,0.001,,,,,,,
butterfly,40,CREATE_DELETE,0.4,0.2,CREATE_DELETE,,,[0|1|0|1|2|3|4|5|6|7|8|9|2|3|4|5|6|7|8|9 -> 0 -> 0|1|0|1|2|3|4|5|6|7|8|9|2|3|4|5|6|7|8|9],[0|1|0|1|2|3|4|5|6|7|8|9|2|3|4|5|6|7|8|9 -> 0 -> 0|1|0|1|2|3|4|5|6|7|8|9|2|3|4|5|6|7|8|9],[11; 1; 20; 8; 1; 6],23.508,,,,,,,,0,0.002,,,,,,,
butterfly,40,CREATE_DELETE,0.4,0.5,CREATE_DELETE,,,[0|1|0|1|2|3|4|5|6|7|8|9|2|3|4|5|6|7|8|9 -> 0 -> 0|1|0|1|2|3|4|5|6|7|8|9|2|3|4|5|6|7|8|9],[0|1|0|1|2|3|4|5|6|7|8|9|2|3|4|5|6|7|8|9 -> 0 -> 0|1|0|1|2|3|4|5|6|7|8|9|2|3|4|5|6|7|8|9],[22; 1; 17; 8; 1; 15],23.612,,,,,,,,0,0.003,,,,,,,
butterfly,40,CREATE_DELETE,0.4,0.8,CREATE_DELETE,,,[0|1|0|1|2|3|4|5|6|7|8|9|2|3|4|5|6|7|8|9 -> 0 -> 0|1|0|1|2|3|4|5|6|7|8|9|2|3|4|5|6|7|8|9],[0|1|0|1|2|3|4|5|6|7|8|9|2|3|4|5|6|7|8|9 -> 0 -> 0|1|0|1|2|3|4|5|6|7|8|9|2|3|4|5|6|7|8|9],[22; 1; 7; 3; 1; 16],23.604,,,,,,,,0,0.001,,,,,,,
butterfly,40,CREATE_DELETE,0.4,0.2,DELETE_CREATE,,,[0|1|0|1|2|3|4|5|6|7|8|9|2|3|4|5|6|7|8|9 -> 0 -> 0|1|0|1|2|3|4|5|6|7|8|9|2|3|4|5|6|7|8|9],[0|1|0|1|2|3|4|5|6|7|8|9|2|3|4|5|6|7|8|9 -> 0 -> 0|1|0|1|2|3|4|5|6|7|8|9|2|3|4|5|6|7|8|9],[13; 1; 20; 8; 1; 7],23.576,,,,,,,,0,0.002,,,,,,,
butterfly,40,CREATE_DELETE,0.4,0.5,DELETE_CREATE,,,[0|1|0|1|2|3|4|5|6|7|8|9|2|3|4|5|6|7|8|9 -> 0 -> 0|1|0|1|2|3|4|5|6|7|8|9|2|3|4|5|6|7|8|9],[0|1|0|1|2|3|4|5|6|7|8|9|2|3|4|5|6|7|8|9 -> 0 -> 0|1|0|1|2|3|4|5|6|7|8|9|2|3|4|5|6|7|8|9],[19; 1; 16; 7; 1; 12],23.676,,,,,,,,0,0.002,,,,,,,
butterfly,40,CREATE_DELETE,0.4,0.8,DELETE_CREATE,,,[0|1|0|1|2|3|4|5|6|7|8|9|2|3|4|5|6|7|8|9 -> 0 -> 0|1|0|1|2|3|4|5|6|7|8|9|2|3|4|5|6|7|8|9],[0|1|0|1|2|3|4|5|6|7|8|9|2|3|4|5|6|7|8|9 -> 0 -> 0|1|0|1|2|3|4|5|6|7|8|9|2|3|4|5|6|7|8|9],[22; 1; 7; 4; 1; 14],23.624,,,,,,,,0,0.002,,,,,,,
butterfly,40,CREATE_DELETE,0.4,0.2,NOOP,,,[0|1|0|1|2|3|4|5|6|7|8|9|2|3|4|5|6|7|8|9 -> 0 -> 0|1|0|1|2|3|4|5|6|7|8|9|2|3|4|5|6|7|8|9],[0|1|0|1|2|3|4|5|6|7|8|9|2|3|4|5|6|7|8|9 -> 0 -> 0|1|0|1|2|3|4|5|6|7|8|9|2|3|4|5|6|7|8|9],[26; 13; 4],23.512,,,,,,,,0,0.001,,,,,,,
butterfly,40,CREATE_DELETE,0.4,0.5,NOOP,,,[0|1|0|1|2|3|4|5|6|7|8|9|2|3|4|5|6|7|8|9 -> 0 -> 0|1|0|1|2|3|4|5|6|7|8|9|2|3|4|5|6|7|8|9],[0|1|0|1|2|3|4|5|6|7|8|9|2|3|4|5|6|7|8|9 -> 0 -> 0|1|0|1|2|3|4|5|6|7|8|9|2|3|4|5|6|7|8|9],[29; 10; 7],23.528,,,,,,,,0,0.002,,,,,,,
butterfly,40,CREATE_DELETE,0.4,0.8,NOOP,,,[0|1|0|1|2|3|4|5|6|7|8|9|2|3|4|5|6|7|8|9 -> 0 -> 0|1|0|1|2|3|4|5|6|7|8|9|2|3|4|5|6|7|8|9],[0|1|0|1|2|3|4|5|6|7|8|9|2|3|4|5|6|7|8|9 -> 0 -> 0|1|0|1|2|3|4|5|6|7|8|9|2|3|4|5|6|7|8|9],[27; 6; 13],23.552,,,,,,,,0,0.001,,,,,,,
butterfly,40,CREATE_DELETE,0.4,0.2,UPDATE,,,[0|1|0|1|2|3|4|5|6|7|8|9|2|3|4|5|6|7|8|9 -> 0 -> 0|1|0|1|2|3|4|5|6|7|8|9|2|3|4|5|6|7|8|9],[0|1|0|1|2|3|4|5|6|7|8|9|2|3|4|5|6|7|8|9 -> 0 -> 0|1|0|1|2|3|4|5|6|7|8|9|2|3|4|5|6|7|8|9],[10; 1; 20; 9; 6],23.588,,,,,,,,0,0.001,,,,,,,
butterfly,40,CREATE_DELETE,0.4,0.5,UPDATE,,,[0|1|0|1|2|3|4|5|6|7|8|9|2|3|4|5|6|7|8|9 -> 0 -> 0|1|0|1|2|3|4|5|6|7|8|9|2|3|4|5|6|7|8|9],[0|1|0|1|2|3|4|5|6|7|8|9|2|3|4|5|6|7|8|9 -> 0 -> 0|1|0|1|2|3|4|5|6|7|8|9|2|3|4|5|6|7|8|9],[18; 1; 15; 8; 12],23.636,,,,,,,,0,0.001,,,,,,,
butterfly,40,CREATE_DELETE,0.4,0.8,UPDATE,,,[0|1|0|1|2|3|4|5|6|7|8|9|2|3|4|5|6|7|8|9 -> 0 -> 0|1|0|1|2|3|4|5|6|7|8|9|2|3|4|5|6|7|8|9],[0|1|0|1|2|3|4|5|6|7|8|9|2|3|4|5|6|7|8|9 -> 0 -> 0|1|0|1|2|3|4|5|6|7|8|9|2|3|4|5|6|7|8|9],[22; 1; 7; 2; 15],23.672,,,,,,,,0,0.002,,,,,,,
butterfly,40,CREATE_DELETE,0.7,0.2,CREATE_DELETE,,,[0|1|0|1|2|3|4|5|6|7|8|9|2|3|4|5|6|7|8|9 -> 0 -> 0|1|0|1|2|3|4|5|6|7|8|9|2|3|4|5|6|7|8|9],[0|1|0|1|2|3|4|5|6|7|8|9|2|3|4|5|6|7|8|9 -> 0 -> 0|1|0|1|2|3|4|5|6|7|8|9|2|3|4|5|6|7|8|9],[8; 1; 20; 17; 1; 5],23.748,,,,,,,,0,0.003,,,,,,,
butterfly,40,CREATE_DELETE,0.7,0.5,CREATE_DELETE,,,[0|1|0|1|2|3|4|5|6|7|8|9|2|3|4|5|6|7|8|9 -> 0 -> 0|1|0|1|2|3|4|5|6|7|8|9|2|3|4|5|6|7|8|9],[0|1|0|1|2|3|4|5|6|7|8|9|2|3|4|5|6|7|8|9 -> 0 -> 0|1|0|1|2|3|4|5|6|7|8|9|2|3|4|5|6|7|8|9],[19; 1; 19; 16; 1; 16],23.868,,,,,,,,0,0.002,,,,,,,
butterfly,40,CREATE_DELETE,0.7,0.8,CREATE_DELETE,,,[0|1|0|1|2|3|4|5|6|7|8|9|2|3|4|5|6|7|8|9 -> 0 -> 0|1|0|1|2|3|4|5|6|7|8|9|2|3|4|5|6|7|8|9],[0|1|0|1|2|3|4|5|6|7|8|9|2|3|4|5|6|7|8|9 -> 0 -> 0|1|0|1|2|3|4|5|6|7|8|9|2|3|4|5|6|7|8|9],[21; 1; 8; 7; 1; 19],23.82,,,,,,,,0,0.002,,,,,,,
butterfly,40,CREATE_DELETE,0.7,0.2,DELETE_CREATE,,,[0|1|0|1|2|3|4|5|6|7|8|9|2|3|4|5|6|7|8|9 -> 0 -> 0|1|0|1|2|3|4|5|6|7|8|9|2|3|4|5|6|7|8|9],[0|1|0|1|2|3|4|5|6|7|8|9|2|3|4|5|6|7|8|9 -> 0 -> 0|1|0|1|2|3|4|5|6|7|8|9|2|3|4|5|6|7|8|9],[10; 1; 20; 14; 1; 6],23.888,,,,,,,,0,0.002,,,,,,,
butterfly,40,CREATE_DELETE,0.7,0.5,DELETE_CREATE,,,[0|1|0|1|2|3|4|5|6|7|8|9|2|3|4|5|6|7|8|9 -> 0 -> 0|1|0|1|2|3|4|5|6|7|8|9|2|3|4|5|6|7|8|9],[0|1|0|1|2|3|4|5|6|7|8|9|2|3|4|5|6|7|8|9 -> 0 -> 0|1|0|1|2|3|4|5|6|7|8|9|2|3|4|5|6|7|8|9],[19; 1; 19; 16; 1; 16],24.012,,,,,,,,0,0.003,,,,,,,
butterfly,40,CREATE_DELETE,0.7,0.8,DELETE_CREATE,,,[0|1|0|1|2|3|4|5|6|7|8|9|2|3|4|5|6|7|8|9 -> 0 -> 0|1|0|1|2|3|4|5|6|7|8|9|2|3|4|5|6|7|8|9],[0|1|0|1|2|3|4|5|6|7|8|9|2|3|4|5|6|7|8|9 -> 0 -> 0|1|0|1|2|3|4|5|6|7|8|9|2|3|4|5|6|7|8|9],[20; 1; 8; 6; 1; 17],23.844,,,,,,,,0,0.003,,,,,,,
butterfly,40,CREATE_DELETE,0.7,0.2,NOOP,,,[0|1|0|1|2|3|4|5|6|7|8|9|2|3|4|5|6|7|8|9 -> 0 -> 0|1|0|1|2|3|4|5|6|7|8|9|2|3|4|5|6|7|8|9],[0|1|0|1|2|3|4|5|6|7|8|9|2|3|4|5|6|7|8|9 -> 0 -> 0|1|0|1|2|3|4|5|6|7|8|9|2|3|4|5|6|7|8|9],[27; 19; 7],23.896,,,,,,,,0,0.001,,,,,,,
butterfly,40,CREATE_DELETE,0.7,0.5,NOOP,,,[0|1|0|1|2|3|4|5|6|7|8|9|2|3|4|5|6|7|8|9 -> 0 -> 0|1|0|1|2|3|4|5|6|7|8|9|2|3|4|5|6|7|8|9],[0|1|0|1|2|3|4|5|6|7|8|9|2|3|4|5|6|7|8|9 -> 0 -> 0|1|0|1|2|3|4|5|6|7|8|9|2|3|4|5|6|7|8|9],[35; 17; 17],23.956,,,,,,,,0,0.002,,,,,,,
butterfly,40,CREATE_DELETE,0.7,0.8,NOOP,,,[0|1|0|1|2|3|4|5|6|7|8|9|2|3|4|5|6|7|8|9 -> 0 -> 0|1|0|1|2|3|4|5|6|7|8|9|2|3|4|5|6|7|8|9],[0|1|0|1|2|3|4|5|6|7|8|9|2|3|4|5|6|7|8|9 -> 0 -> 0|1|0|1|2|3|4|5|6|7|8|9|2|3|4|5|6|7|8|9],[28; 8; 16],23.72,,,,,,,,0,0.002,,,,,,,
butterfly,40,CREATE_DELETE,0.7,0.2,UPDATE,,,[0|1|0|1|2|3|4|5|6|7|8|9|2|3|4|5|6|7|8|9 -> 0 -> 0|1|0|1|2|3|4|5|6|7|8|9|2|3|4|5|6|7|8|9],[0|1|0|1|2|3|4|5|6|7|8|9|2|3|4|5|6|7|8|9 -> 0 -> 0|1|0|1|2|3|4|5|6|7|8|9|2|3|4|5|6|7|8|9],[10; 1; 20; 16; 7],23.9,,,,,,,,0,0.002,,,,,,,
butterfly,40,CREATE_DELETE,0.7,0.5,UPDATE,,,[0|1|0|1|2|3|4|5|6|7|8|9|2|3|4|5|6|7|8|9 -> 0 -> 0|1|0|1|2|3|4|5|6|7|8|9|2|3|4|5|6|7|8|9],[0|1|0|1|2|3|4|5|6|7|8|9|2|3|4|5|6|7|8|9 -> 0 -> 0|1|0|1|2|3|4|5|6|7|8|9|2|3|4|5|6|7|8|9],[20; 1; 18; 15; 15],23.9,,,,,,,,0,0.003,,,,,,,
butterfly,40,CREATE_DELETE,0.7,0.8,UPDATE,,,[0|1|0|1|2|3|4|5|6|7|8|9|2|3|4|5|6|7|8|9 -> 0 -> 0|1|0|1|2|3|4|5|6|7|8|9|2|3|4|5|6|7|8|9],[0|1|0|1|2|3|4|5|6|7|8|9|2|3|4|5|6|7|8|9 -> 0 -> 0|1|0|1|2|3|4|5|6|7|8|9|2|3|4|5|6|7|8|9],[20; 1; 7; 4; 19],23.9,,,,,,,,0,0.002,,,,,,,
butterfly,50,UPDATE,0.4,0.2,CREATE_DELETE,,,[0|1|0|1|2|3|4|5|6|7|8|9|2|0|1|2|3|4|3|4|5|6|7|8|9 -> 0 -> 0|1|0|1|2|3|4|5|6|7|8|9|2|0|1|2|3|4|3|4|5|6|7|8|9],[0|1|0|1|2|3|4|5|6|7|8|9|2|0|1|2|3|4|3|4|5|6|7|8|9 -> 0 -> 0|1|0|1|2|3|4|5|6|7|8|9|2|0|1|2|3|4|3|4|5|6|7|8|9],[17; 1; 25; 7; 1; 3],85.748,,,,,,,,0,0.003,,,,,,,
butterfly,50,UPDATE,0.4,0.5,CREATE_DELETE,,,[0|1|0|1|2|3|4|5|6|7|8|9|2|0|1|2|3|4|3|4|5|6|7|8|9 -> 0 -> 0|1|0|1|2|3|4|5|6|7|8|9|2|0|1|2|3|4|3|4|5|6|7|8|9],[0|1|0|1|2|3|4|5|6|7|8|9|2|0|1|2|3|4|3|4|5|6|7|8|9 -> 0 -> 0|1|0|1|2|3|4|5|6|7|8|9|2|0|1|2|3|4|3|4|5|6|7|8|9],[29; 1; 22; 5; 1; 5],84.712,,,,,,,,0,0.004,,,,,,,
butterfly,50,UPDATE,0.4,0.8,CREATE_DELETE,,,[0|1|0|1|2|3|4|5|6|7|8|9|2|0|1|2|3|4|3|4|5|6|7|8|9 -> 0 -> 0|1|0|1|2|3|4|5|6|7|8|9|2|0|1|2|3|4|3|4|5|6|7|8|9],[0|1|0|1|2|3|4|5|6|7|8|9|2|0|1|2|3|4|3|4|5|6|7|8|9 -> 0 -> 0|1|0|1|2|3|4|5|6|7|8|9|2|0|1|2|3|4|3|4|5|6|7|8|9],[25; 1; 8; 2; 1; 10],85.288,,,,,,,,0,0.002,,,,,,,
butterfly,50,UPDATE,0.4,0.2,DELETE_CREATE,,,[0|1|0|1|2|3|4|5|6|7|8|9|2|0|1|2|3|4|3|4|5|6|7|8|9 -> 0 -> 0|1|0|1|2|3|4|5|6|7|8|9|2|0|1|2|3|4|3|4|5|6|7|8|9],[0|1|0|1|2|3|4|5|6|7|8|9|2|0|1|2|3|4|3|4|5|6|7|8|9 -> 0 -> 0|1|0|1|2|3|4|5|6|7|8|9|2|0|1|2|3|4|3|4|5|6|7|8|9],[12; 1; 25; 11; 1; 2],85.304,,,,,,,,0,0.003,,,,,,,
butterfly,50,UPDATE,0.4,0.5,DELETE_CREATE,,,[0|1|0|1|2|3|4|5|6|7|8|9|2|0|1|2|3|4|3|4|5|6|7|8|9 -> 0 -> 0|1|0|1|2|3|4|5|6|7|8|9|2|0|1|2|3|4|3|4|5|6|7|8|9],[0|1|0|1|2|3|4|5|6|7|8|9|2|0|1|2|3|4|3|4|5|6|7|8|9 -> 0 -> 0|1|0|1|2|3|4|5|6|7|8|9|2|0|1|2|3|4|3|4|5|6|7|8|9],[27; 1; 21; 6; 1; 9],85.524,,,,,,,,0,0.003,,,,,,,
butterfly,50,UPDATE,0.4,0.8,DELETE_CREATE,,,[0|1|0|1|2|3|4|5|6|7|8|9|2|0|1|2|3|4|3|4|5|6|7|8|9 -> 0 -> 0|1|0|1|2|3|4|5|6|7|8|9|2|0|1|2|3|4|3|4|5|6|7|8|9],[0|1|0|1|2|3|4|5|6|7|8|9|2|0|1|2|3|4|3|4|5|6|7|8|9 -> 0 -> 0|1|0|1|2|3|4|5|6|7|8|9|2|0|1|2|3|4|3|4|5|6|7|8|9],[26; 1; 9; 2; 1; 9],86.456,,,,,,,,0,0.002,,,,,,,
butterfly,50,UPDATE,0.4,0.2,NOOP,,,[0|1|0|1|2|3|4|5|6|7|8|9|2|0|1|2|3|4|3|4|5|6|7|8|9 -> 0 -> 0|1|0|1|2|3|4|5|6|7|8|9|2|0|1|2|3|4|3|4|5|6|7|8|9],[0|1|0|1|2|3|4|5|6|7|8|9|2|0|1|2|3|4|3|4|5|6|7|8|9 -> 0 -> 0|1|0|1|2|3|4|5|6|7|8|9|2|0|1|2|3|4|3|4|5|6|7|8|9],[32; 11; 3],85.388,,,,,,,,0,0.002,,,,,,,
butterfly,50,UPDATE,0.4,0.5,NOOP,,,[0|1|0|1|2|3|4|5|6|7|8|9|2|0|1|2|3|4|3|4|5|6|7|8|9 -> 0 -> 0|1|0|1|2|3|4|5|6|7|8|9|2|0|1|2|3|4|3|4|5|6|7|8|9],[0|1|0|1|2|3|4|5|6|7|8|9|2|0|1|2|3|4|3|4|5|6|7|8|9 -> 0 -> 0|1|0|1|2|3|4|5|6|7|8|9|2|0|1|2|3|4|3|4|5|6|7|8|9],[39; 11; 12],86.044,,,,,,,,0,0.002,,,,,,,
butterfly,50,UPDATE,0.4,0.8,NOOP,,,[0|1|0|1|2|3|4|5|6|7|8|9|2|0|1|2|3|4|3|4|5|6|7|8|9 -> 0 -> 0|1|0|1|2|3|4|5|6|7|8|9|2|0|1|2|3|4|3|4|5|6|7|8|9],[0|1|0|1|2|3|4|5|6|7|8|9|2|0|1|2|3|4|3|4|5|6|7|8|9 -> 0 -> 0|1|0|1|2|3|4|5|6|7|8|9|2|0|1|2|3|4|3|4|5|6|7|8|9],[35; 1; 16],85.22,,,,,,,,0,0.002,,,,,,,
butterfly,50,UPDATE,0.4,0.2,UPDATE,,,[0|1|0|1|2|3|4|5|6|7|8|9|2|0|1|2|3|4|3|4|5|6|7|8|9 -> 0 -> 0|1|0|1|2|3|4|5|6|7|8|9|2|0|1|2|3|4|3|4|5|6|7|8|9],[0|1|0|1|2|3|4|5|6|7|8|9|2|0|1|2|3|4|3|4|5|6|7|8|9 -> 0 -> 0|1|0|1|2|3|4|5|6|7|8|9|2|0|1|2|3|4|3|4|5|6|7|8|9],[22; 1; 25; 6; 6],85.46,,,,,,,,0,0.002,,,,,,,
butterfly,50,UPDATE,0.4,0.5,UPDATE,,,[0|1|0|1|2|3|4|5|6|7|8|9|2|0|1|2|3|4|3|4|5|6|7|8|9 -> 0 -> 0|1|0|1|2|3|4|5|6|7|8|9|2|0|1|2|3|4|3|4|5|6|7|8|9],[0|1|0|1|2|3|4|5|6|7|8|9|2|0|1|2|3|4|3|4|5|6|7|8|9 -> 0 -> 0|1|0|1|2|3|4|5|6|7|8|9|2|0|1|2|3|4|3|4|5|6|7|8|9],[21; 1; 20; 9; 10],86.4,,,,,,,,0,0.003,,,,,,,
butterfly,50,UPDATE,0.4,0.8,UPDATE,,,[0|1|0|1|2|3|4|5|6|7|8|9|2|0|1|2|3|4|3|4|5|6|7|8|9 -> 0 -> 0|1|0|1|2|3|4|5|6|7|8|9|2|0|1|2|3|4|3|4|5|6|7|8|9],[0|1|0|1|2|3|4|5|6|7|8|9|2|0|1|2|3|4|3|4|5|6|7|8|9 -> 0 -> 0|1|0|1|2|3|4|5|6|7|8|9|2|0|1|2|3|4|3|4|5|6|7|8|9],[27; 1; 9; 2; 9],85.528,,,,,,,,0,0.002,,,,,,,
butterfly,50,UPDATE,0.7,0.2,CREATE_DELETE,,,[0|1|0|1|2|3|4|5|6|7|8|9|2|0|1|2|3|4|3|4|5|6|7|8|9 -> 0 -> 0|1|0|1|2|3|4|5|6|7|8|9|2|0|1|2|3|4|3|4|5|6|7|8|9],[0|1|0|1|2|3|4|5|6|7|8|9|2|0|1|2|3|4|3|4|5|6|7|8|9 -> 0 -> 0|1|0|1|2|3|4|5|6|7|8|9|2|0|1|2|3|4|3|4|5|6|7|8|9],[13; 1; 25; 4; 1; 4],85.252,,,,,,,,0,0.002,,,,,,,
butterfly,50,UPDATE,0.7,0.5,CREATE_DELETE,,,[0|1|0|1|2|3|4|5|6|7|8|9|2|0|1|2|3|4|3|4|5|6|7|8|9 -> 0 -> 0|1|0|1|2|3|4|5|6|7|8|9|2|0|1|2|3|4|3|4|5|6|7|8|9],[0|1|0|1|2|3|4|5|6|7|8|9|2|0|1|2|3|4|3|4|5|6|7|8|9 -> 0 -> 0|1|0|1|2|3|4|5|6|7|8|9|2|0|1|2|3|4|3|4|5|6|7|8|9],[22; 1; 23; 3; 1; 4],85.836,,,,,,,,0,0.002,,,,,,,
butterfly,50,UPDATE,0.7,0.8,CREATE_DELETE,,,[0|1|0|1|2|3|4|5|6|7|8|9|2|0|1|2|3|4|3|4|5|6|7|8|9 -> 0 -> 0|1|0|1|2|3|4|5|6|7|8|9|2|0|1|2|3|4|3|4|5|6|7|8|9],[0|1|0|1|2|3|4|5|6|7|8|9|2|0|1|2|3|4|3|4|5|6|7|8|9 -> 0 -> 0|1|0|1|2|3|4|5|6|7|8|9|2|0|1|2|3|4|3|4|5|6|7|8|9],[26; 1; 9; 1; 1; 7],85.976,,,,,,,,0,0.002,,,,,,,
butterfly,50,UPDATE,0.7,0.2,DELETE_CREATE,,,[0|1|0|1|2|3|4|5|6|7|8|9|2|0|1|2|3|4|3|4|5|6|7|8|9 -> 0 -> 0|1|0|1|2|3|4|5|6|7|8|9|2|0|1|2|3|4|3|4|5|6|7|8|9],[0|1|0|1|2|3|4|5|6|7|8|9|2|0|1|2|3|4|3|4|5|6|7|8|9 -> 0 -> 0|1|0|1|2|3|4|5|6|7|8|9|2|0|1|2|3|4|3|4|5|6|7|8|9],[12; 1; 25; 2; 1; 2],85.6,,,,,,,,0,0.002,,,,,,,
butterfly,50,UPDATE,0.7,0.5,DELETE_CREATE,,,[0|1|0|1|2|3|4|5|6|7|8|9|2|0|1|2|3|4|3|4|5|6|7|8|9 -> 0 -> 0|1|0|1|2|3|4|5|6|7|8|9|2|0|1|2|3|4|3|4|5|6|7|8|9],[0|1|0|1|2|3|4|5|6|7|8|9|2|0|1|2|3|4|3|4|5|6|7|8|9 -> 0 -> 0|1|0|1|2|3|4|5|6|7|8|9|2|0|1|2|3|4|3|4|5|6|7|8|9],[23; 1; 2; 1; 1; 23],85.896,,,,,,,,46,0.003,,,,,,,
butterfly,50,UPDATE,0.7,0.8,DELETE_CREATE,,,[0|1|0|1|2|3|4|5|6|7|8|9|2|0|1|2|3|4|3|4|5|6|7|8|9 -> 0 -> 0|1|0|1|2|3|4|5|6|7|8|9|2|0|1|2|3|4|3|4|5|6|7|8|9],[0|1|0|1|2|3|4|5|6|7|8|9|2|0|1|2|3|4|3|4|5|6|7|8|9 -> 0 -> 0|1|0|1|2|3|4|5|6|7|8|9|2|0|1|2|3|4|3|4|5|6|7|8|9],[26; 1; 10; 3; 1; 7],85.1,,,,,,,,0,0.002,,,,,,,
butterfly,50,UPDATE,0.7,0.2,NOOP,,,[0|1|0|1|2|3|4|5|6|7|8|9|2|0|1|2|3|4|3|4|5|6|7|8|9 -> 0 -> 0|1|0|1|2|3|4|5|6|7|8|9|2|0|1|2|3|4|3|4|5|6|7|8|9],[0|1|0|1|2|3|4|5|6|7|8|9|2|0|1|2|3|4|3|4|5|6|7|8|9 -> 0 -> 0|1|0|1|2|3|4|5|6|7|8|9|2|0|1|2|3|4|3|4|5|6|7|8|9],[32; 7; 1],84.98,,,,,,,,0,0.001,,,,,,,
butterfly,50,UPDATE,0.7,0.5,NOOP,,,[0|1|0|1|2|3|4|5|6|7|8|9|2|0|1|2|3|4|3|4|5|6|7|8|9 -> 0 -> 0|1|0|1|2|3|4|5|6|7|8|9|2|0|1|2|3|4|3|4|5|6|7|8|9],[0|1|0|1|2|3|4|5|6|7|8|9|2|0|1|2|3|4|3|4|5|6|7|8|9 -> 0 -> 0|1|0|1|2|3|4|5|6|7|8|9|2|0|1|2|3|4|3|4|5|6|7|8|9],[44; 5; 6],85.756,,,,,,,,0,0.001,,,,,,,
butterfly,50,UPDATE,0.7,0.8,NOOP,,,[0|1|0|1|2|3|4|5|6|7|8|9|2|0|1|2|3|4|3|4|5|6|7|8|9 -> 0 -> 0|1|0|1|2|3|4|5|6|7|8|9|2|0|1|2|3|4|3|4|5|6|7|8|9],[0|1|0|1|2|3|4|5|6|7|8|9|2|0|1|2|3|4|3|4|5|6|7|8|9 -> 0 -> 0|1|0|1|2|3|4|5|6|7|8|9|2|0|1|2|3|4|3|4|5|6|7|8|9],[33; 4; 2],85.748,,,,,,,,50,0.002,,,,,,,
butterfly,50,UPDATE,0.7,0.2,UPDATE,,,[0|1|0|1|2|3|4|5|6|7|8|9|2|0|1|2|3|4|3|4|5|6|7|8|9 -> 0 -> 0|1|0|1|2|3|4|5|6|7|8|9|2|0|1|2|3|4|3|4|5|6|7|8|9],[0|1|0|1|2|3|4|5|6|7|8|9|2|0|1|2|3|4|3|4|5|6|7|8|9 -> 0 -> 0|1|0|1|2|3|4|5|6|7|8|9|2|0|1|2|3|4|3|4|5|6|7|8|9],[15; 1; 25; 4; 1],85.664,,,,,,,,0,0.001,,,,,,,
butterfly,50,UPDATE,0.7,0.5,UPDATE,,,[0|1|0|1|2|3|4|5|6|7|8|9|2|0|1|2|3|4|3|4|5|6|7|8|9 -> 0 -> 0|1|0|1|2|3|4|5|6|7|8|9|2|0|1|2|3|4|3|4|5|6|7|8|9],[0|1|0|1|2|3|4|5|6|7|8|9|2|0|1|2|3|4|3|4|5|6|7|8|9 -> 0 -> 0|1|0|1|2|3|4|5|6|7|8|9|2|0|1|2|3|4|3|4|5|6|7|8|9],[23; 1; 22; 1; 6],84.852,,,,,,,,0,0.002,,,,,,,
butterfly,50,UPDATE,0.7,0.8,UPDATE,,,[0|1|0|1|2|3|4|5|6|7|8|9|2|0|1|2|3|4|3|4|5|6|7|8|9 -> 0 -> 0|1|0|1|2|3|4|5|6|7|8|9|2|0|1|2|3|4|3|4|5|6|7|8|9],[0|1|0|1|2|3|4|5|6|7|8|9|2|0|1|2|3|4|3|4|5|6|7|8|9 -> 0 -> 0|1|0|1|2|3|4|5|6|7|8|9|2|0|1|2|3|4|3|4|5|6|7|8|9],[25; 1; 9; 1; 6],85.164,,,,,,,,0,0.002,,,,,,,
butterfly,50,NOOP,0.4,0.2,CREATE_DELETE,,,[0|1|0|1|2|3|4|5|6|7|8|9|2|0|1|2|3|4|3|4|5|6|7|8|9 -> 0 -> 0|1|0|1|2|3|4|5|6|7|8|9|2|0|1|2|3|4|3|4|5|6|7|8|9],[0|1|0|1|2|3|4|5|6|7|8|9|2|0|1|2|3|4|3|4|5|6|7|8|9 -> 0 -> 0|1|0|1|2|3|4|5|6|7|8|9|2|0|1|2|3|4|3|4|5|6|7|8|9],[13; 1; 25; 13; 1; 4],85.024,,,,,,,,0,0.003,,,,,,,
butterfly,50,NOOP,0.4,0.5,CREATE_DELETE,,,[0|1|0|1|2|3|4|5|6|7|8|9|2|0|1|2|3|4|3|4|5|6|7|8|9 -> 0 -> 0|1|0|1|2|3|4|5|6|7|8|9|2|0|1|2|3|4|3|4|5|6|7|8|9],[0|1|0|1|2|3|4|5|6|7|8|9|2|0|1|2|3|4|3|4|5|6|7|8|9 -> 0 -> 0|1|0|1|2|3|4|5|6|7|8|9|2|0|1|2|3|4|3|4|5|6|7|8|9],[19; 1; 15; 7; 1; 9],85.548,,,,,,,,0,0.003,,,,,,,
butterfly,50,NOOP,0.4,0.8,CREATE_DELETE,,,[0|1|0|1|2|3|4|5|6|7|8|9|2|0|1|2|3|4|3|4|5|6|7|8|9 -> 0 -> 0|1|0|1|2|3|4|5|6|7|8|9|2|0|1|2|3|4|3|4|5|6|7|8|9],[0|1|0|1|2|3|4|5|6|7|8|9|2|0|1|2|3|4|3|4|5|6|7|8|9 -> 0 -> 0|1|0|1|2|3|4|5|6|7|8|9|2|0|1|2|3|4|3|4|5|6|7|8|9],[27; 1; 7; 2; 1; 15],86.264,,,,,,,,0,0.002,,,,,,,
butterfly,50,NOOP,0.4,0.2,DELETE_CREATE,,,[0|1|0|1|2|3|4|5|6|7|8|9|2|0|1|2|3|4|3|4|5|6|7|8|9 -> 0 -> 0|1|0|1|2|3|4|5|6|7|8|9|2|0|1|2|3|4|3|4|5|6|7|8|9],[0|1|0|1|2|3|4|5|6|7|8|9|2|0|1|2|3|4|3|4|5|6|7|8|9 -> 0 -> 0|1|0|1|2|3|4|5|6|7|8|9|2|0|1|2|3|4|3|4|5|6|7|8|9],[13; 1; 24; 8; 1; 3],86.304,,,,,,,,0,0.003,,,,,,,
butterfly,50,NOOP,0.4,0.5,DELETE_CREATE,,,[0|1|0|1|2|3|4|5|6|7|8|9|2|0|1|2|3|4|3|4|5|6|7|8|9 -> 0 -> 0|1|0|1|2|3|4|5|6|7|8|9|2|0|1|2|3|4|3|4|5|6|7|8|9],[0|1|0|1|2|3|4|5|6|7|8|9|2|0|1|2|3|4|3|4|5|6|7|8|9 -> 0 -> 0|1|0|1|2|3|4|5|6|7|8|9|2|0|1|2|3|4|3|4|5|6|7|8|9],[16; 1; 14; 5; 1; 8],84.812,,,,,,,,0,0.004,,,,,,,
butterfly,50,NOOP,0.4,0.8,DELETE_CREATE,,,[0|1|0|1|2|3|4|5|6|7|8|9|2|0|1|2|3|4|3|4|5|6|7|8|9 -> 0 -> 0|1|0|1|2|3|4|5|6|7|8|9|2|0|1|2|3|4|3|4|5|6|7|8|9],[0|1|0|1|2|3|4|5|6|7|8|9|2|0|1|2|3|4|3|4|5|6|7|8|9 -> 0 -> 0|1|0|1|2|3|4|5|6|7|8|9|2|0|1|2|3|4|3|4|5|6|7|8|9],[27; 1; 6; 2; 1; 15],84.916,,,,,,,,0,0.004,,,,,,,
butterfly,50,NOOP,0.4,0.2,NOOP,,,[0|1|0|1|2|3|4|5|6|7|8|9|2|0|1|2|3|4|3|4|5|6|7|8|9 -> 0 -> 0|1|0|1|2|3|4|5|6|7|8|9|2|0|1|2|3|4|3|4|5|6|7|8|9],[0|1|0|1|2|3|4|5|6|7|8|9|2|0|1|2|3|4|3|4|5|6|7|8|9 -> 0 -> 0|1|0|1|2|3|4|5|6|7|8|9|2|0|1|2|3|4|3|4|5|6|7|8|9],[29; 17; 3],86.044,,,,,,,,0,0.001,,,,,,,
butterfly,50,NOOP,0.4,0.5,NOOP,,,[0|1|0|1|2|3|4|5|6|7|8|9|2|0|1|2|3|4|3|4|5|6|7|8|9 -> 0 -> 0|1|0|1|2|3|4|5|6|7|8|9|2|0|1|2|3|4|3|4|5|6|7|8|9],[0|1|0|1|2|3|4|5|6|7|8|9|2|0|1|2|3|4|3|4|5|6|7|8|9 -> 0 -> 0|1|0|1|2|3|4|5|6|7|8|9|2|0|1|2|3|4|3|4|5|6|7|8|9],[28; 11; 12],86.528,,,,,,,,0,0.002,,,,,,,
butterfly,50,NOOP,0.4,0.8,NOOP,,,[0|1|0|1|2|3|4|5|6|7|8|9|2|0|1|2|3|4|3|4|5|6|7|8|9 -> 0 -> 0|1|0|1|2|3|4|5|6|7|8|9|2|0|1|2|3|4|3|4|5|6|7|8|9],[0|1|0|1|2|3|4|5|6|7|8|9|2|0|1|2|3|4|3|4|5|6|7|8|9 -> 0 -> 0|1|0|1|2|3|4|5|6|7|8|9|2|0|1|2|3|4|3|4|5|6|7|8|9],[33; 3; 18],85.808,,,,,,,,0,0.002,,,,,,,
butterfly,50,NOOP,0.4,0.2,UPDATE,,,[0|1|0|1|2|3|4|5|6|7|8|9|2|0|1|2|3|4|3|4|5|6|7|8|9 -> 0 -> 0|1|0|1|2|3|4|5|6|7|8|9|2|0|1|2|3|4|3|4|5|6|7|8|9],[0|1|0|1|2|3|4|5|6|7|8|9|2|0|1|2|3|4|3|4|5|6|7|8|9 -> 0 -> 0|1|0|1|2|3|4|5|6|7|8|9|2|0|1|2|3|4|3|4|5|6|7|8|9],[17; 1; 25; 7; 6],84.672,,,,,,,,0,0.003,,,,,,,
butterfly,50,NOOP,0.4,0.5,UPDATE,,,[0|1|0|1|2|3|4|5|6|7|8|9|2|0|1|2|3|4|3|4|5|6|7|8|9 -> 0 -> 0|1|0|1|2|3|4|5|6|7|8|9|2|0|1|2|3|4|3|4|5|6|7|8|9],[0|1|0|1|2|3|4|5|6|7|8|9|2|0|1|2|3|4|3|4|5|6|7|8|9 -> 0 -> 0|1|0|1|2|3|4|5|6|7|8|9|2|0|1|2|3|4|3|4|5|6|7|8|9],[20; 1; 15; 4; 7],85.036,,,,,,,,0,0.003,,,,,,,
butterfly,50,NOOP,0.4,0.8,UPDATE,,,[0|1|0|1|2|3|4|5|6|7|8|9|2|0|1|2|3|4|3|4|5|6|7|8|9 -> 0 -> 0|1|0|1|2|3|4|5|6|7|8|9|2|0|1|2|3|4|3|4|5|6|7|8|9],[0|1|0|1|2|3|4|5|6|7|8|9|2|0|1|2|3|4|3|4|5|6|7|8|9 -> 0 -> 0|1|0|1|2|3|4|5|6|7|8|9|2|0|1|2|3|4|3|4|5|6|7|8|9],[22; 1; 6; 2; 13],85.416,,,,,,,,0,0.003,,,,,,,
butterfly,50,NOOP,0.7,0.2,CREATE_DELETE,,,[0|1|0|1|2|3|4|5|6|7|8|9|2|0|1|2|3|4|3|4|5|6|7|8|9 -> 0 -> 0|1|0|1|2|3|4|5|6|7|8|9|2|0|1|2|3|4|3|4|5|6|7|8|9],[0|1|0|1|2|3|4|5|6|7|8|9|2|0|1|2|3|4|3|4|5|6|7|8|9 -> 0 -> 0|1|0|1|2|3|4|5|6|7|8|9|2|0|1|2|3|4|3|4|5|6|7|8|9],[10; 1; 12; 2; 1; 2],92.28,,,,,,,,0,0.001,,,,,,,
butterfly,50,NOOP,0.7,0.5,CREATE_DELETE,,,[0|1|0|1|2|3|4|5|6|7|8|9|2|0|1|2|3|4|3|4|5|6|7|8|9 -> 0 -> 0|1|0|1|2|3|4|5|6|7|8|9|2|0|1|2|3|4|3|4|5|6|7|8|9],[0|1|0|1|2|3|4|5|6|7|8|9|2|0|1|2|3|4|3|4|5|6|7|8|9 -> 0 -> 0|1|0|1|2|3|4|5|6|7|8|9|2|0|1|2|3|4|3|4|5|6|7|8|9],[8; 1; 8; 6; 1; 5],85.132,,,,,,,,0,0.003,,,,,,,
butterfly,50,NOOP,0.7,0.8,CREATE_DELETE,,,[0|1|0|1|2|3|4|5|6|7|8|9|2|0|1|2|3|4|3|4|5|6|7|8|9 -> 0 -> 0|1|0|1|2|3|4|5|6|7|8|9|2|0|1|2|3|4|3|4|5|6|7|8|9],[0|1|0|1|2|3|4|5|6|7|8|9|2|0|1|2|3|4|3|4|5|6|7|8|9 -> 0 -> 0|1|0|1|2|3|4|5|6|7|8|9|2|0|1|2|3|4|3|4|5|6|7|8|9],[11; 1; 3; 2; 1; 3],85.1,,,,,,,,0,0.002,,,,,,,
butterfly,50,NOOP,0.7,0.2,DELETE_CREATE,,,[0|1|0|1|2|3|4|5|6|7|8|9|2|0|1|2|3|4|3|4|5|6|7|8|9 -> 0 -> 0|1|0|1|2|3|4|5|6|7|8|9|2|0|1|2|3|4|3|4|5|6|7|8|9],[0|1|0|1|2|3|4|5|6|7|8|9|2|0|1|2|3|4|3|4|5|6|7|8|9 -> 0 -> 0|1|0|1|2|3|4|5|6|7|8|9|2|0|1|2|3|4|3|4|5|6|7|8|9],[9; 1; 16; 5; 1; 3],86.152,,,,,,,,0,0.003,,,,,,,
butterfly,50,NOOP,0.7,0.5,DELETE_CREATE,,,[0|1|0|1|2|3|4|5|6|7|8|9|2|0|1|2|3|4|3|4|5|6|7|8|9 -> 0 -> 0|1|0|1|2|3|4|5|6|7|8|9|2|0|1|2|3|4|3|4|5|6|7|8|9],[0|1|0|1|2|3|4|5|6|7|8|9|2|0|1|2|3|4|3|4|5|6|7|8|9 -> 0 -> 0|1|0|1|2|3|4|5|6|7|8|9|2|0|1|2|3|4|3|4|5|6|7|8|9],[10; 1; 9; 2; 1; 3],85.952,,,,,,,,0,0.002,,,,,,,
butterfly,50,NOOP,0.7,0.8,DELETE_CREATE,,,[0|1|0|1|2|3|4|5|6|7|8|9|2|0|1|2|3|4|3|4|5|6|7|8|9 -> 0 -> 0|1|0|1|2|3|4|5|6|7|8|9|2|0|1|2|3|4|3|4|5|6|7|8|9],[0|1|0|1|2|3|4|5|6|7|8|9|2|0|1|2|3|4|3|4|5|6|7|8|9 -> 0 -> 0|1|0|1|2|3|4|5|6|7|8|9|2|0|1|2|3|4|3|4|5|6|7|8|9],[14; 1; 3; 1; 1; 7],84.796,,,,,,,,0,0.002,,,,,,,
butterfly,50,NOOP,0.7,0.2,NOOP,,,[0|1|0|1|2|3|4|5|6|7|8|9|2|0|1|2|3|4|3|4|5|6|7|8|9 -> 0 -> 0|1|0|1|2|3|4|5|6|7|8|9|2|0|1|2|3|4|3|4|5|6|7|8|9],[0|1|0|1|2|3|4|5|6|7|8|9|2|0|1|2|3|4|3|4|5|6|7|8|9 -> 0 -> 0|1|0|1|2|3|4|5|6|7|8|9|2|0|1|2|3|4|3|4|5|6|7|8|9],[13; 8; 2],85.14,,,,,,,,0,0.001,,,,,,,
butterfly,50,NOOP,0.7,0.5,NOOP,,,[0|1|0|1|2|3|4|5|6|7|8|9|2|0|1|2|3|4|3|4|5|6|7|8|9 -> 0 -> 0|1|0|1|2|3|4|5|6|7|8|9|2|0|1|2|3|4|3|4|5|6|7|8|9],[0|1|0|1|2|3|4|5|6|7|8|9|2|0|1|2|3|4|3|4|5|6|7|8|9 -> 0 -> 0|1|0|1|2|3|4|5|6|7|8|9|2|0|1|2|3|4|3|4|5|6|7|8|9],[16; 4; 5],85.564,,,,,,,,0,0.001,,,,,,,
butterfly,50,NOOP,0.7,0.8,NOOP,,,[0|1|0|1|2|3|4|5|6|7|8|9|2|0|1|2|3|4|3|4|5|6|7|8|9 -> 0 -> 0|1|0|1|2|3|4|5|6|7|8|9|2|0|1|2|3|4|3|4|5|6|7|8|9],[0|1|0|1|2|3|4|5|6|7|8|9|2|0|1|2|3|4|3|4|5|6|7|8|9 -> 0 -> 0|1|0|1|2|3|4|5|6|7|8|9|2|0|1|2|3|4|3|4|5|6|7|8|9],[16; 2; 10],85.604,,,,,,,,0,0.001,,,,,,,
butterfly,50,NOOP,0.7,0.2,UPDATE,,,[0|1|0|1|2|3|4|5|6|7|8|9|2|0|1|2|3|4|3|4|5|6|7|8|9 -> 0 -> 0|1|0|1|2|3|4|5|6|7|8|9|2|0|1|2|3|4|3|4|5|6|7|8|9],[0|1|0|1|2|3|4|5|6|7|8|9|2|0|1|2|3|4|3|4|5|6|7|8|9 -> 0 -> 0|1|0|1|2|3|4|5|6|7|8|9|2|0|1|2|3|4|3|4|5|6|7|8|9],[5; 1; 10; 3; 2],85.192,,,,,,,,0,0.003,,,,,,,
butterfly,50,NOOP,0.7,0.5,UPDATE,,,[0|1|0|1|2|3|4|5|6|7|8|9|2|0|1|2|3|4|3|4|5|6|7|8|9 -> 0 -> 0|1|0|1|2|3|4|5|6|7|8|9|2|0|1|2|3|4|3|4|5|6|7|8|9],[0|1|0|1|2|3|4|5|6|7|8|9|2|0|1|2|3|4|3|4|5|6|7|8|9 -> 0 -> 0|1|0|1|2|3|4|5|6|7|8|9|2|0|1|2|3|4|3|4|5|6|7|8|9],[6; 1; 6; 1; 2],85.704,,,,,,,,0,0.003,,,,,,,
butterfly,50,NOOP,0.7,0.8,UPDATE,,,[0|1|0|1|2|3|4|5|6|7|8|9|2|0|1|2|3|4|3|4|5|6|7|8|9 -> 0 -> 0|1|0|1|2|3|4|5|6|7|8|9|2|0|1|2|3|4|3|4|5|6|7|8|9],[0|1|0|1|2|3|4|5|6|7|8|9|2|0|1|2|3|4|3|4|5|6|7|8|9 -> 0 -> 0|1|0|1|2|3|4|5|6|7|8|9|2|0|1|2|3|4|3|4|5|6|7|8|9],[13; 1; 3; 2; 8],84.88,,,,,,,,0,0.002,,,,,,,
butterfly,50,DELETE_CREATE,0.4,0.2,CREATE_DELETE,,,[0|1|0|1|2|3|4|5|6|7|8|9|2|0|1|2|3|4|3|4|5|6|7|8|9 -> 0 -> 0|1|0|1|2|3|4|5|6|7|8|9|2|0|1|2|3|4|3|4|5|6|7|8|9],[0|1|0|1|2|3|4|5|6|7|8|9|2|0|1|2|3|4|3|4|5|6|7|8|9 -> 0 -> 0|1|0|1|2|3|4|5|6|7|8|9|2|0|1|2|3|4|3|4|5|6|7|8|9],[19; 1; 25; 5; 1; 5],85.308,,,,,,,,0,0.002,,,,,,,
butterfly,50,DELETE_CREATE,0.4,0.5,CREATE_DELETE,,,[0|1|0|1|2|3|4|5|6|7|8|9|2|0|1|2|3|4|3|4|5|6|7|8|9 -> 0 -> 0|1|0|1|2|3|4|5|6|7|8|9|2|0|1|2|3|4|3|4|5|6|7|8|9],[0|1|0|1|2|3|4|5|6|7|8|9|2|0|1|2|3|4|3|4|5|6|7|8|9 -> 0 -> 0|1|0|1|2|3|4|5|6|7|8|9|2|0|1|2|3|4|3|4|5|6|7|8|9],[32; 1; 19; 2; 1; 15],84.764,,,,,,,,0,0.003,,,,,,,
butterfly,50,DELETE_CREATE,0.4,0.8,CREATE_DELETE,,,[0|1|0|1|2|3|4|5|6|7|8|9|2|0|1|2|3|4|3|4|5|6|7|8|9 -> 0 -> 0|1|0|1|2|3|4|5|6|7|8|9|2|0|1|2|3|4|3|4|5|6|7|8|9],[0|1|0|1|2|3|4|5|6|7|8|9|2|0|1|2|3|4|3|4|5|6|7|8|9 -> 0 -> 0|1|0|1|2|3|4|5|6|7|8|9|2|0|1|2|3|4|3|4|5|6|7|8|9],[31; 1; 9; 17],84.96,,,,,,,,0,0.003,,,,,,,
butterfly,50,DELETE_CREATE,0.4,0.2,DELETE_CREATE,,,[0|1|0|1|2|3|4|5|6|7|8|9|2|0|1|2|3|4|3|4|5|6|7|8|9 -> 0 -> 0|1|0|1|2|3|4|5|6|7|8|9|2|0|1|2|3|4|3|4|5|6|7|8|9],[0|1|0|1|2|3|4|5|6|7|8|9|2|0|1|2|3|4|3|4|5|6|7|8|9 -> 0 -> 0|1|0|1|2|3|4|5|6|7|8|9|2|0|1|2|3|4|3|4|5|6|7|8|9],[16; 1; 25; 8; 1; 4],86.072,,,,,,,,0,0.003,,,,,,,
butterfly,50,DELETE_CREATE,0.4,0.5,DELETE_CREATE,,,[0|1|0|1|2|3|4|5|6|7|8|9|2|0|1|2|3|4|3|4|5|6|7|8|9 -> 0 -> 0|1|0|1|2|3|4|5|6|7|8|9|2|0|1|2|3|4|3|4|5|6|7|8|9],[0|1|0|1|2|3|4|5|6|7|8|9|2|0|1|2|3|4|3|4|5|6|7|8|9 -> 0 -> 0|1|0|1|2|3|4|5|6|7|8|9|2|0|1|2|3|4|3|4|5|6|7|8|9],[29; 1; 21; 7; 1; 16],86.572,,,,,,,,0,0.002,,,,,,,
butterfly,50,DELETE_CREATE,0.4,0.8,DELETE_CREATE,,,[0|1|0|1|2|3|4|5|6|7|8|9|2|0|1|2|3|4|3|4|5|6|7|8|9 -> 0 -> 0|1|0|1|2|3|4|5|6|7|8|9|2|0|1|2|3|4|3|4|5|6|7|8|9],[0|1|0|1|2|3|4|5|6|7|8|9|2|0|1|2|3|4|3|4|5|6|7|8|9 -> 0 -> 0|1|0|1|2|3|4|5|6|7|8|9|2|0|1|2|3|4|3|4|5|6|7|8|9],[30; 1; 8; 1; 1; 18],85,,,,,,,,0,0.003,,,,,,,
butterfly,50,DELETE_CREATE,0.4,0.2,NOOP,,,[0|1|0|1|2|3|4|5|6|7|8|9|2|0|1|2|3|4|3|4|5|6|7|8|9 -> 0 -> 0|1|0|1|2|3|4|5|6|7|8|9|2|0|1|2|3|4|3|4|5|6|7|8|9],[0|1|0|1|2|3|4|5|6|7|8|9|2|0|1|2|3|4|3|4|5|6|7|8|9 -> 0 -> 0|1|0|1|2|3|4|5|6|7|8|9|2|0|1|2|3|4|3|4|5|6|7|8|9],[33; 16; 7],86.22,,,,,,,,0,0.002,,,,,,,
butterfly,50,DELETE_CREATE,0.4,0.5,NOOP,,,[0|1|0|1|2|3|4|5|6|7|8|9|2|0|1|2|3|4|3|4|5|6|7|8|9 -> 0 -> 0|1|0|1|2|3|4|5|6|7|8|9|2|0|1|2|3|4|3|4|5|6|7|8|9],[0|1|0|1|2|3|4|5|6|7|8|9|2|0|1|2|3|4|3|4|5|6|7|8|9 -> 0 -> 0|1|0|1|2|3|4|5|6|7|8|9|2|0|1|2|3|4|3|4|5|6|7|8|9],[43; 16; 18],84.476,,,,,,,,0,0.003,,,,,,,
butterfly,50,DELETE_CREATE,0.4,0.8,NOOP,,,[0|1|0|1|2|3|4|5|6|7|8|9|2|0|1|2|3|4|3|4|5|6|7|8|9 -> 0 -> 0|1|0|1|2|3|4|5|6|7|8|9|2|0|1|2|3|4|3|4|5|6|7|8|9],[0|1|0|1|2|3|4|5|6|7|8|9|2|0|1|2|3|4|3|4|5|6|7|8|9 -> 0 -> 0|1|0|1|2|3|4|5|6|7|8|9|2|0|1|2|3|4|3|4|5|6|7|8|9],[34; 6; 21],85.948,,,,,,,,0,0.002,,,,,,,
butterfly,50,DELETE_CREATE,0.4,0.2,UPDATE,,,[0|1|0|1|2|3|4|5|6|7|8|9|2|0|1|2|3|4|3|4|5|6|7|8|9 -> 0 -> 0|1|0|1|2|3|4|5|6|7|8|9|2|0|1|2|3|4|3|4|5|6|7|8|9],[0|1|0|1|2|3|4|5|6|7|8|9|2|0|1|2|3|4|3|4|5|6|7|8|9 -> 0 -> 0|1|0|1|2|3|4|5|6|7|8|9|2|0|1|2|3|4|3|4|5|6|7|8|9],[18; 1; 25; 7; 4],85.424,,,,,,,,0,0.003,,,,,,,
butterfly,50,DELETE_CREATE,0.4,0.5,UPDATE,,,[0|1|0|1|2|3|4|5|6|7|8|9|2|0|1|2|3|4|3|4|5|6|7|8|9 -> 0 -> 0|1|0|1|2|3|4|5|6|7|8|9|2|0|1|2|3|4|3|4|5|6|7|8|9],[0|1|0|1|2|3|4|5|6|7|8|9|2|0|1|2|3|4|3|4|5|6|7|8|9 -> 0 -> 0|1|0|1|2|3|4|5|6|7|8|9|2|0|1|2|3|4|3|4|5|6|7|8|9],[31; 1; 21; 1; 14],85.656,,,,,,,,0,0.003,,,,,,,
butterfly,50,DELETE_CREATE,0.4,0.8,UPDATE,,,[0|1|0|1|2|3|4|5|6|7|8|9|2|0|1|2|3|4|3|4|5|6|7|8|9 -> 0 -> 0|1|0|1|2|3|4|5|6|7|8|9|2|0|1|2|3|4|3|4|5|6|7|8|9],[0|1|0|1|2|3|4|5|6|7|8|9|2|0|1|2|3|4|3|4|5|6|7|8|9 -> 0 -> 0|1|0|1|2|3|4|5|6|7|8|9|2|0|1|2|3|4|3|4|5|6|7|8|9],[29; 1; 8; 2; 19],86.128,,,,,,,,0,0.002,,,,,,,
butterfly,50,DELETE_CREATE,0.7,0.2,CREATE_DELETE,,,[0|1|0|1|2|3|4|5|6|7|8|9|2|0|1|2|3|4|3|4|5|6|7|8|9 -> 0 -> 0|1|0|1|2|3|4|5|6|7|8|9|2|0|1|2|3|4|3|4|5|6|7|8|9],[0|1|0|1|2|3|4|5|6|7|8|9|2|0|1|2|3|4|3|4|5|6|7|8|9 -> 0 -> 0|1|0|1|2|3|4|5|6|7|8|9|2|0|1|2|3|4|3|4|5|6|7|8|9],[26; 1; 25; 3; 1; 7],85.072,,,,,,,,0,0.002,,,,,,,
butterfly,50,DELETE_CREATE,0.7,0.5,CREATE_DELETE,,,[0|1|0|1|2|3|4|5|6|7|8|9|2|0|1|2|3|4|3|4|5|6|7|8|9 -> 0 -> 0|1|0|1|2|3|4|5|6|7|8|9|2|0|1|2|3|4|3|4|5|6|7|8|9],[0|1|0|1|2|3|4|5|6|7|8|9|2|0|1|2|3|4|3|4|5|6|7|8|9 -> 0 -> 0|1|0|1|2|3|4|5|6|7|8|9|2|0|1|2|3|4|3|4|5|6|7|8|9],[39; 1; 22; 1; 1; 20],86.084,,,,,,,,0,0.002,,,,,,,
butterfly,50,DELETE_CREATE,0.7,0.8,CREATE_DELETE,,,[0|1|0|1|2|3|4|5|6|7|8|9|2|0|1|2|3|4|3|4|5|6|7|8|9 -> 0 -> 0|1|0|1|2|3|4|5|6|7|8|9|2|0|1|2|3|4|3|4|5|6|7|8|9],[0|1|0|1|2|3|4|5|6|7|8|9|2|0|1|2|3|4|3|4|5|6|7|8|9 -> 0 -> 0|1|0|1|2|3|4|5|6|7|8|9|2|0|1|2|3|4|3|4|5|6|7|8|9],[35; 1; 11; 20],85.98,,,,,,,,0,0.002,,,,,,,
butterfly,50,DELETE_CREATE,0.7,0.2,DELETE_CREATE,,,[0|1|0|1|2|3|4|5|6|7|8|9|2|0|1|2|3|4|3|4|5|6|7|8|9 -> 0 -> 0|1|0|1|2|3|4|5|6|7|8|9|2|0|1|2|3|4|3|4|5|6|7|8|9],[0|1|0|1|2|3|4|5|6|7|8|9|2|0|1|2|3|4|3|4|5|6|7|8|9 -> 0 -> 0|1|0|1|2|3|4|5|6|7|8|9|2|0|1|2|3|4|3|4|5|6|7|8|9],[30; 1; 25; 2; 1; 8],86.036,,,,,,,,0,0.001,,,,,,,
butterfly,50,DELETE_CREATE,0.7,0.5,DELETE_CREATE,,,[0|1|0|1|2|3|4|5|6|7|8|9|2|0|1|2|3|4|3|4|5|6|7|8|9 -> 0 -> 0|1|0|1|2|3|4|5|6|7|8|9|2|0|1|2|3|4|3|4|5|6|7|8|9],[0|1|0|1|2|3|4|5|6|7|8|9|2|0|1|2|3|4|3|4|5|6|7|8|9 -> 0 -> 0|1|0|1|2|3|4|5|6|7|8|9|2|0|1|2|3|4|3|4|5|6|7|8|9],[39; 1; 23; 3; 1; 19],85.336,,,,,,,,0,0.002,,,,,,,
butterfly,50,DELETE_CREATE,0.7,0.8,DELETE_CREATE,,,[0|1|0|1|2|3|4|5|6|7|8|9|2|0|1|2|3|4|3|4|5|6|7|8|9 -> 0 -> 0|1|0|1|2|3|4|5|6|7|8|9|2|0|1|2|3|4|3|4|5|6|7|8|9],[0|1|0|1|2|3|4|5|6|7|8|9|2|0|1|2|3|4|3|4|5|6|7|8|9 -> 0 -> 0|1|0|1|2|3|4|5|6|7|8|9|2|0|1|2|3|4|3|4|5|6|7|8|9],[16; 1; 21; 18; 1; 10],86.004,,,,,,,,304,0.005,,,,,,,
butterfly,50,DELETE_CREATE,0.7,0.2,NOOP,,,[0|1|0|1|2|3|4|5|6|7|8|9|2|0|1|2|3|4|3|4|5|6|7|8|9 -> 0 -> 0|1|0|1|2|3|4|5|6|7|8|9|2|0|1|2|3|4|3|4|5|6|7|8|9],[0|1|0|1|2|3|4|5|6|7|8|9|2|0|1|2|3|4|3|4|5|6|7|8|9 -> 0 -> 0|1|0|1|2|3|4|5|6|7|8|9|2|0|1|2|3|4|3|4|5|6|7|8|9],[34; 22; 9],86.328,,,,,,,,0,0.001,,,,,,,
butterfly,50,DELETE_CREATE,0.7,0.5,NOOP,,,[0|1|0|1|2|3|4|5|6|7|8|9|2|0|1|2|3|4|3|4|5|6|7|8|9 -> 0 -> 0|1|0|1|2|3|4|5|6|7|8|9|2|0|1|2|3|4|3|4|5|6|7|8|9],[0|1|0|1|2|3|4|5|6|7|8|9|2|0|1|2|3|4|3|4|5|6|7|8|9 -> 0 -> 0|1|0|1|2|3|4|5|6|7|8|9|2|0|1|2|3|4|3|4|5|6|7|8|9],[46; 20; 20],86.232,,,,,,,,0,0.002,,,,,,,
butterfly,50,DELETE_CREATE,0.7,0.8,NOOP,,,[0|1|0|1|2|3|4|5|6|7|8|9|2|0|1|2|3|4|3|4|5|6|7|8|9 -> 0 -> 0|1|0|1|2|3|4|5|6|7|8|9|2|0|1|2|3|4|3|4|5|6|7|8|9],[0|1|0|1|2|3|4|5|6|7|8|9|2|0|1|2|3|4|3|4|5|6|7|8|9 -> 0 -> 0|1|0|1|2|3|4|5|6|7|8|9|2|0|1|2|3|4|3|4|5|6|7|8|9],[16; 31; 19],85.98,,,,,,,,342,0.005,,,,,,,
butterfly,50,DELETE_CREATE,0.7,0.2,UPDATE,,,[0|1|0|1|2|3|4|5|6|7|8|9|2|0|1|2|3|4|3|4|5|6|7|8|9 -> 0 -> 0|1|0|1|2|3|4|5|6|7|8|9|2|0|1|2|3|4|3|4|5|6|7|8|9],[0|1|0|1|2|3|4|5|6|7|8|9|2|0|1|2|3|4|3|4|5|6|7|8|9 -> 0 -> 0|1|0|1|2|3|4|5|6|7|8|9|2|0|1|2|3|4|3|4|5|6|7|8|9],[26; 1; 25; 2; 9],85.276,,,,,,,,0,0.001,,,,,,,
butterfly,50,DELETE_CREATE,0.7,0.5,UPDATE,,,[0|1|0|1|2|3|4|5|6|7|8|9|2|0|1|2|3|4|3|4|5|6|7|8|9 -> 0 -> 0|1|0|1|2|3|4|5|6|7|8|9|2|0|1|2|3|4|3|4|5|6|7|8|9],[0|1|0|1|2|3|4|5|6|7|8|9|2|0|1|2|3|4|3|4|5|6|7|8|9 -> 0 -> 0|1|0|1|2|3|4|5|6|7|8|9|2|0|1|2|3|4|3|4|5|6|7|8|9],[42; 1; 24; 3; 21],86.3,,,,,,,,0,0.002,,,,,,,
butterfly,50,DELETE_CREATE,0.7,0.8,UPDATE,,,[0|1|0|1|2|3|4|5|6|7|8|9|2|0|1|2|3|4|3|4|5|6|7|8|9 -> 0 -> 0|1|0|1|2|3|4|5|6|7|8|9|2|0|1|2|3|4|3|4|5|6|7|8|9],[0|1|0|1|2|3|4|5|6|7|8|9|2|0|1|2|3|4|3|4|5|6|7|8|9 -> 0 -> 0|1|0|1|2|3|4|5|6|7|8|9|2|0|1|2|3|4|3|4|5|6|7|8|9],[28; 1; 9; 5; 19],86.008,,,,,,,,0,0.002,,,,,,,
butterfly,50,CREATE_DELETE,0.4,0.2,CREATE_DELETE,,,[0|1|0|1|2|3|4|5|6|7|8|9|2|0|1|2|3|4|3|4|5|6|7|8|9 -> 0 -> 0|1|0|1|2|3|4|5|6|7|8|9|2|0|1|2|3|4|3|4|5|6|7|8|9],[0|1|0|1|2|3|4|5|6|7|8|9|2|0|1|2|3|4|3|4|5|6|7|8|9 -> 0 -> 0|1|0|1|2|3|4|5|6|7|8|9|2|0|1|2|3|4|3|4|5|6|7|8|9],[13; 1; 25; 13; 1; 7],85.064,,,,,,,,0,0.002,,,,,,,
butterfly,50,CREATE_DELETE,0.4,0.5,CREATE_DELETE,,,[0|1|0|1|2|3|4|5|6|7|8|9|2|0|1|2|3|4|3|4|5|6|7|8|9 -> 0 -> 0|1|0|1|2|3|4|5|6|7|8|9|2|0|1|2|3|4|3|4|5|6|7|8|9],[0|1|0|1|2|3|4|5|6|7|8|9|2|0|1|2|3|4|3|4|5|6|7|8|9 -> 0 -> 0|1|0|1|2|3|4|5|6|7|8|9|2|0|1|2|3|4|3|4|5|6|7|8|9],[20; 1; 20; 10; 1; 14],84.284,,,,,,,,0,0.004,,,,,,,
butterfly,50,CREATE_DELETE,0.4,0.8,CREATE_DELETE,,,[0|1|0|1|2|3|4|5|6|7|8|9|2|0|1|2|3|4|3|4|5|6|7|8|9 -> 0 -> 0|1|0|1|2|3|4|5|6|7|8|9|2|0|1|2|3|4|3|4|5|6|7|8|9],[0|1|0|1|2|3|4|5|6|7|8|9|2|0|1|2|3|4|3|4|5|6|7|8|9 -> 0 -> 0|1|0|1|2|3|4|5|6|7|8|9|2|0|1|2|3|4|3|4|5|6|7|8|9],[27; 1; 9; 4; 1; 17],83.708,,,,,,,,0,0.002,,,,,,,
butterfly,50,CREATE_DELETE,0.4,0.2,DELETE_CREATE,,,[0|1|0|1|2|3|4|5|6|7|8|9|2|0|1|2|3|4|3|4|5|6|7|8|9 -> 0 -> 0|1|0|1|2|3|4|5|6|7|8|9|2|0|1|2|3|4|3|4|5|6|7|8|9],[0|1|0|1|2|3|4|5|6|7|8|9|2|0|1|2|3|4|3|4|5|6|7|8|9 -> 0 -> 0|1|0|1|2|3|4|5|6|7|8|9|2|0|1|2|3|4|3|4|5|6|7|8|9],[13; 1; 25; 14; 1; 3],83.412,,,,,,,,0,0.002,,,,,,,
butterfly,50,CREATE_DELETE,0.4,0.5,DELETE_CREATE,,,[0|1|0|1|2|3|4|5|6|7|8|9|2|0|1|2|3|4|3|4|5|6|7|8|9 -> 0 -> 0|1|0|1|2|3|4|5|6|7|8|9|2|0|1|2|3|4|3|4|5|6|7|8|9],[0|1|0|1|2|3|4|5|6|7|8|9|2|0|1|2|3|4|3|4|5|6|7|8|9 -> 0 -> 0|1|0|1|2|3|4|5|6|7|8|9|2|0|1|2|3|4|3|4|5|6|7|8|9],[25; 1; 21; 10; 1; 17],83.048,,,,,,,,0,0.002,,,,,,,
butterfly,50,CREATE_DELETE,0.4,0.8,DELETE_CREATE,,,[0|1|0|1|2|3|4|5|6|7|8|9|2|0|1|2|3|4|3|4|5|6|7|8|9 -> 0 -> 0|1|0|1|2|3|4|5|6|7|8|9|2|0|1|2|3|4|3|4|5|6|7|8|9],[0|1|0|1|2|3|4|5|6|7|8|9|2|0|1|2|3|4|3|4|5|6|7|8|9 -> 0 -> 0|1|0|1|2|3|4|5|6|7|8|9|2|0|1|2|3|4|3|4|5|6|7|8|9],[29; 1; 8; 4; 1; 20],85.756,,,,,,,,0,0.003,,,,,,,
butterfly,50,CREATE_DELETE,0.4,0.2,NOOP,,,[0|1|0|1|2|3|4|5|6|7|8|9|2|0|1|2|3|4|3|4|5|6|7|8|9 -> 0 -> 0|1|0|1|2|3|4|5|6|7|8|9|2|0|1|2|3|4|3|4|5|6|7|8|9],[0|1|0|1|2|3|4|5|6|7|8|9|2|0|1|2|3|4|3|4|5|6|7|8|9 -> 0 -> 0|1|0|1|2|3|4|5|6|7|8|9|2|0|1|2|3|4|3|4|5|6|7|8|9],[33; 18; 4],85.364,,,,,,,,0,0.001,,,,,,,
butterfly,50,CREATE_DELETE,0.4,0.5,NOOP,,,[0|1|0|1|2|3|4|5|6|7|8|9|2|0|1|2|3|4|3|4|5|6|7|8|9 -> 0 -> 0|1|0|1|2|3|4|5|6|7|8|9|2|0|1|2|3|4|3|4|5|6|7|8|9],[0|1|0|1|2|3|4|5|6|7|8|9|2|0|1|2|3|4|3|4|5|6|7|8|9 -> 0 -> 0|1|0|1|2|3|4|5|6|7|8|9|2|0|1|2|3|4|3|4|5|6|7|8|9],[40; 18; 12],85.08,,,,,,,,0,0.002,,,,,,,
butterfly,50,CREATE_DELETE,0.4,0.8,NOOP,,,[0|1|0|1|2|3|4|5|6|7|8|9|2|0|1|2|3|4|3|4|5|6|7|8|9 -> 0 -> 0|1|0|1|2|3|4|5|6|7|8|9|2|0|1|2|3|4|3|4|5|6|7|8|9],[0|1|0|1|2|3|4|5|6|7|8|9|2|0|1|2|3|4|3|4|5|6|7|8|9 -> 0 -> 0|1|0|1|2|3|4|5|6|7|8|9|2|0|1|2|3|4|3|4|5|6|7|8|9],[34; 8; 20],86.092,,,,,,,,0,0.002,,,,,,,
butterfly,50,CREATE_DELETE,0.4,0.2,UPDATE,,,[0|1|0|1|2|3|4|5|6|7|8|9|2|0|1|2|3|4|3|4|5|6|7|8|9 -> 0 -> 0|1|0|1|2|3|4|5|6|7|8|9|2|0|1|2|3|4|3|4|5|6|7|8|9],[0|1|0|1|2|3|4|5|6|7|8|9|2|0|1|2|3|4|3|4|5|6|7|8|9 -> 0 -> 0|1|0|1|2|3|4|5|6|7|8|9|2|0|1|2|3|4|3|4|5|6|7|8|9],[17; 1; 25; 9; 4],85.952,,,,,,,,0,0.003,,,,,,,
butterfly,50,CREATE_DELETE,0.4,0.5,UPDATE,,,[0|1|0|1|2|3|4|5|6|7|8|9|2|0|1|2|3|4|3|4|5|6|7|8|9 -> 0 -> 0|1|0|1|2|3|4|5|6|7|8|9|2|0|1|2|3|4|3|4|5|6|7|8|9],[0|1|0|1|2|3|4|5|6|7|8|9|2|0|1|2|3|4|3|4|5|6|7|8|9 -> 0 -> 0|1|0|1|2|3|4|5|6|7|8|9|2|0|1|2|3|4|3|4|5|6|7|8|9],[21; 1; 20; 10; 17],84.76,,,,,,,,0,0.003,,,,,,,
butterfly,50,CREATE_DELETE,0.4,0.8,UPDATE,,,[0|1|0|1|2|3|4|5|6|7|8|9|2|0|1|2|3|4|3|4|5|6|7|8|9 -> 0 -> 0|1|0|1|2|3|4|5|6|7|8|9|2|0|1|2|3|4|3|4|5|6|7|8|9],[0|1|0|1|2|3|4|5|6|7|8|9|2|0|1|2|3|4|3|4|5|6|7|8|9 -> 0 -> 0|1|0|1|2|3|4|5|6|7|8|9|2|0|1|2|3|4|3|4|5|6|7|8|9],[26; 1; 7; 3; 22],86.048,,,,,,,,0,0.003,,,,,,,
butterfly,50,CREATE_DELETE,0.7,0.2,CREATE_DELETE,,,[0|1|0|1|2|3|4|5|6|7|8|9|2|0|1|2|3|4|3|4|5|6|7|8|9 -> 0 -> 0|1|0|1|2|3|4|5|6|7|8|9|2|0|1|2|3|4|3|4|5|6|7|8|9],[0|1|0|1|2|3|4|5|6|7|8|9|2|0|1|2|3|4|3|4|5|6|7|8|9 -> 0 -> 0|1|0|1|2|3|4|5|6|7|8|9|2|0|1|2|3|4|3|4|5|6|7|8|9],[15; 1; 25; 14; 1; 6],84.872,,,,,,,,0,0.003,,,,,,,
butterfly,50,CREATE_DELETE,0.7,0.5,CREATE_DELETE,,,[0|1|0|1|2|3|4|5|6|7|8|9|2|0|1|2|3|4|3|4|5|6|7|8|9 -> 0 -> 0|1|0|1|2|3|4|5|6|7|8|9|2|0|1|2|3|4|3|4|5|6|7|8|9],[0|1|0|1|2|3|4|5|6|7|8|9|2|0|1|2|3|4|3|4|5|6|7|8|9 -> 0 -> 0|1|0|1|2|3|4|5|6|7|8|9|2|0|1|2|3|4|3|4|5|6|7|8|9],[23; 1; 22; 18; 1; 17],85.448,,,,,,,,0,0.002,,,,,,,
butterfly,50,CREATE_DELETE,0.7,0.8,CREATE_DELETE,,,[0|1|0|1|2|3|4|5|6|7|8|9|2|0|1|2|3|4|3|4|5|6|7|8|9 -> 0 -> 0|1|0|1|2|3|4|5|6|7|8|9|2|0|1|2|3|4|3|4|5|6|7|8|9],[0|1|0|1|2|3|4|5|6|7|8|9|2|0|1|2|3|4|3|4|5|6|7|8|9 -> 0 -> 0|1|0|1|2|3|4|5|6|7|8|9|2|0|1|2|3|4|3|4|5|6|7|8|9],[25; 1; 10; 7; 1; 24],85.664,,,,,,,,0,0.004,,,,,,,
butterfly,50,CREATE_DELETE,0.7,0.2,DELETE_CREATE,,,[0|1|0|1|2|3|4|5|6|7|8|9|2|0|1|2|3|4|3|4|5|6|7|8|9 -> 0 -> 0|1|0|1|2|3|4|5|6|7|8|9|2|0|1|2|3|4|3|4|5|6|7|8|9],[0|1|0|1|2|3|4|5|6|7|8|9|2|0|1|2|3|4|3|4|5|6|7|8|9 -> 0 -> 0|1|0|1|2|3|4|5|6|7|8|9|2|0|1|2|3|4|3|4|5|6|7|8|9],[11; 1; 25; 20; 1; 9],86.308,,,,,,,,0,0.002,,,,,,,
butterfly,50,CREATE_DELETE,0.7,0.5,DELETE_CREATE,,,[0|1|0|1|2|3|4|5|6|7|8|9|2|0|1|2|3|4|3|4|5|6|7|8|9 -> 0 -> 0|1|0|1|2|3|4|5|6|7|8|9|2|0|1|2|3|4|3|4|5|6|7|8|9],[0|1|0|1|2|3|4|5|6|7|8|9|2|0|1|2|3|4|3|4|5|6|7|8|9 -> 0 -> 0|1|0|1|2|3|4|5|6|7|8|9|2|0|1|2|3|4|3|4|5|6|7|8|9],[24; 1; 23; 18; 1; 19],86.504,,,,,,,,0,0.002,,,,,,,
butterfly,50,CREATE_DELETE,0.7,0.8,DELETE_CREATE,,,[0|1|0|1|2|3|4|5|6|7|8|9|2|0|1|2|3|4|3|4|5|6|7|8|9 -> 0 -> 0|1|0|1|2|3|4|5|6|7|8|9|2|0|1|2|3|4|3|4|5|6|7|8|9],[0|1|0|1|2|3|4|5|6|7|8|9|2|0|1|2|3|4|3|4|5|6|7|8|9 -> 0 -> 0|1|0|1|2|3|4|5|6|7|8|9|2|0|1|2|3|4|3|4|5|6|7|8|9],[26; 1; 9; 6; 1; 23],84.428,,,,,,,,0,0.004,,,,,,,
butterfly,50,CREATE_DELETE,0.7,0.2,NOOP,,,[0|1|0|1|2|3|4|5|6|7|8|9|2|0|1|2|3|4|3|4|5|6|7|8|9 -> 0 -> 0|1|0|1|2|3|4|5|6|7|8|9|2|0|1|2|3|4|3|4|5|6|7|8|9],[0|1|0|1|2|3|4|5|6|7|8|9|2|0|1|2|3|4|3|4|5|6|7|8|9 -> 0 -> 0|1|0|1|2|3|4|5|6|7|8|9|2|0|1|2|3|4|3|4|5|6|7|8|9],[34; 23; 7],85.052,,,,,,,,0,0.001,,,,,,,
butterfly,50,CREATE_DELETE,0.7,0.5,NOOP,,,[0|1|0|1|2|3|4|5|6|7|8|9|2|0|1|2|3|4|3|4|5|6|7|8|9 -> 0 -> 0|1|0|1|2|3|4|5|6|7|8|9|2|0|1|2|3|4|3|4|5|6|7|8|9],[0|1|0|1|2|3|4|5|6|7|8|9|2|0|1|2|3|4|3|4|5|6|7|8|9 -> 0 -> 0|1|0|1|2|3|4|5|6|7|8|9|2|0|1|2|3|4|3|4|5|6|7|8|9],[46; 16; 20],85.476,,,,,,,,0,0.002,,,,,,,
butterfly,50,CREATE_DELETE,0.7,0.8,NOOP,,,[0|1|0|1|2|3|4|5|6|7|8|9|2|0|1|2|3|4|3|4|5|6|7|8|9 -> 0 -> 0|1|0|1|2|3|4|5|6|7|8|9|2|0|1|2|3|4|3|4|5|6|7|8|9],[0|1|0|1|2|3|4|5|6|7|8|9|2|0|1|2|3|4|3|4|5|6|7|8|9 -> 0 -> 0|1|0|1|2|3|4|5|6|7|8|9|2|0|1|2|3|4|3|4|5|6|7|8|9],[35; 8; 21],86.2,,,,,,,,0,0.001,,,,,,,
butterfly,50,CREATE_DELETE,0.7,0.2,UPDATE,,,[0|1|0|1|2|3|4|5|6|7|8|9|2|0|1|2|3|4|3|4|5|6|7|8|9 -> 0 -> 0|1|0|1|2|3|4|5|6|7|8|9|2|0|1|2|3|4|3|4|5|6|7|8|9],[0|1|0|1|2|3|4|5|6|7|8|9|2|0|1|2|3|4|3|4|5|6|7|8|9 -> 0 -> 0|1|0|1|2|3|4|5|6|7|8|9|2|0|1|2|3|4|3|4|5|6|7|8|9],[11; 1; 25; 19; 8],85.716,,,,,,,,0,0.002,,,,,,,
butterfly,50,CREATE_DELETE,0.7,0.5,UPDATE,,,[0|1|0|1|2|3|4|5|6|7|8|9|2|0|1|2|3|4|3|4|5|6|7|8|9 -> 0 -> 0|1|0|1|2|3|4|5|6|7|8|9|2|0|1|2|3|4|3|4|5|6|7|8|9],[0|1|0|1|2|3|4|5|6|7|8|9|2|0|1|2|3|4|3|4|5|6|7|8|9 -> 0 -> 0|1|0|1|2|3|4|5|6|7|8|9|2|0|1|2|3|4|3|4|5|6|7|8|9],[22; 1; 21; 18; 17],86.108,,,,,,,,0,0.003,,,,,,,
butterfly,50,CREATE_DELETE,0.7,0.8,UPDATE,,,[0|1|0|1|2|3|4|5|6|7|8|9|2|0|1|2|3|4|3|4|5|6|7|8|9 -> 0 -> 0|1|0|1|2|3|4|5|6|7|8|9|2|0|1|2|3|4|3|4|5|6|7|8|9],[0|1|0|1|2|3|4|5|6|7|8|9|2|0|1|2|3|4|3|4|5|6|7|8|9 -> 0 -> 0|1|0|1|2|3|4|5|6|7|8|9|2|0|1|2|3|4|3|4|5|6|7|8|9],[28; 1; 10; 6; 23],85.916,,,,,,,,0,0.003,,,,,,,
chain,5,UPDATE,0.4,,,,,[0 -> 0 -> 0 -> 0 -> 0],[0 -> 0 -> 0 -> 0 -> 0],[1; 1; 1; 1; 1; 1; 1],0,,TRUE,0.011,FALSE,0.011,8,0.053,4,0,,,,,,,
chain,5,UPDATE,0.4,,,,,[0 -> 0 -> 0 -> 0 -> 0],[0 -> 0 -> 0 -> 0 -> 0],[1; 1],0,,TRUE,0.011,TRUE,0.01,0,0.01,0,0,,,,,,,
chain,5,UPDATE,0.4,,,,,[0 -> 0 -> 0 -> 0 -> 0],[0 -> 0 -> 0 -> 0 -> 0],[2; 1; 1],0,,TRUE,0.032,TRUE,0.032,0,0.065,0,0,,,,,,,
chain,5,UPDATE,0.7,,,,,[0 -> 0 -> 0 -> 0 -> 0],[0 -> 0 -> 0 -> 0 -> 0],[2; 1; 1; 1],0,,TRUE,0.025,FALSE,0.01,6,0.074,3,0,,,,,,,
chain,5,UPDATE,0.7,,,,,[0 -> 0 -> 0 -> 0 -> 0],[0 -> 0 -> 0 -> 0 -> 0],[1; 1; 1; 1; 1],0,,TRUE,0.013,TRUE,0.012,0,0.025,0,0,,,,,,,
chain,5,UPDATE,0.7,,,,,[0 -> 0 -> 0 -> 0 -> 0],[0 -> 0 -> 0 -> 0 -> 0],[2; 1; 1; 1; 1; 1],0.004,,TRUE,0.038,FALSE,0.013,8,0.131,4,0,,,,,,,
chain,5,NOOP,0.4,,,,,[0 -> 0 -> 0 -> 0 -> 0],[0 -> 0 -> 0 -> 0 -> 0],[1; 1; 1; 1; 1; 1],0,,TRUE,0.011,FALSE,0.01,8,0.077,4,0,,,,,,,
chain,5,NOOP,0.4,,,,,[0 -> 0 -> 0 -> 0 -> 0],[0 -> 0 -> 0 -> 0 -> 0],[2; 2],0,,TRUE,0.061,FALSE,0.012,2,0.109,1,0,,,,,,,
chain,5,NOOP,0.4,,,,,[0 -> 0 -> 0 -> 0 -> 0],[0 -> 0 -> 0 -> 0 -> 0],[2; 2; 1],0,,TRUE,0.143,TRUE,0.135,0,0.416,0,0,,,,,,,
chain,5,NOOP,0.7,,,,,[0 -> 0 -> 0 -> 0 -> 0],[0 -> 0 -> 0 -> 0 -> 0],[2; 2; 1; 1],0,,TRUE,0.187,TRUE,0.19,0,0.663,0,0,,,,,,,
chain,5,NOOP,0.7,,,,,[0 -> 0 -> 0 -> 0 -> 0],[0 -> 0 -> 0 -> 0 -> 0],[2; 2],0,,TRUE,0.168,TRUE,0.168,0,0.417,0,0,,,,,,,
chain,5,NOOP,0.7,,,,,[0 -> 0 -> 0 -> 0 -> 0],[0 -> 0 -> 0 -> 0 -> 0],[1],0,,TRUE,0.011,TRUE,0.011,0,0.011,0,0,,,,,,,
chain,5,DELETE_CREATE,0.4,,,,,[0 -> 0 -> 0 -> 0 -> 0],[0 -> 0 -> 0 -> 0 -> 0],[2; 2; 1; 1],0,,TRUE,0.167,TRUE,0.156,0,0.962,0,0,,,,,,,
chain,5,DELETE_CREATE,0.4,,,,,[0 -> 0 -> 0 -> 0 -> 0],[0 -> 0 -> 0 -> 0 -> 0],[2; 2; 1; 1; 1],0,,TRUE,0.372,TRUE,0.382,0,1.872,0,0,,,,,,,
chain,5,DELETE_CREATE,0.4,,,,,[0 -> 0 -> 0 -> 0 -> 0],[0 -> 0 -> 0 -> 0 -> 0],[2; 1; 1; 1; 1; 1; 1],0,,TRUE,0.228,TRUE,0.234,0,1.001,0,0,,,,,,,
chain,5,DELETE_CREATE,0.7,,,,,[0 -> 0 -> 0 -> 0 -> 0],[0 -> 0 -> 0 -> 0 -> 0],[1; 1; 1; 1; 1; 1; 1; 1; 1],0.004,,TRUE,0.012,FALSE,0.012,8,0.077,4,0,,,,,,,
chain,5,DELETE_CREATE,0.7,,,,,[0 -> 0 -> 0 -> 0 -> 0],[0 -> 0 -> 0 -> 0 -> 0],[2; 1; 1; 1; 1; 1; 1; 1],0,,TRUE,0.046,TRUE,0.044,0,0.414,0,0,,,,,,,
chain,5,DELETE_CREATE,0.7,,,,,[0 -> 0 -> 0 -> 0 -> 0],[0 -> 0 -> 0 -> 0 -> 0],[2; 1; 1; 1; 1; 1; 1],0.004,,TRUE,0.037,FALSE,0.013,4,0.205,2,0,,,,,,,
chain,5,CREATE_DELETE,0.4,,,,,[0 -> 0 -> 0 -> 0 -> 0],[0 -> 0 -> 0 -> 0 -> 0],[1; 1; 1; 1; 1; 1; 1; 1; 1; 1],0,,TRUE,0.02,TRUE,0.018,0,0.108,0,0,,,,,,,
chain,5,CREATE_DELETE,0.4,,,,,[0 -> 0 -> 0 -> 0 -> 0],[0 -> 0 -> 0 -> 0 -> 0],[1; 2; 1; 1; 1; 1; 1],0,,TRUE,0.058,FALSE,0.013,6,0.322,3,0,,,,,,,
chain,5,CREATE_DELETE,0.4,,,,,[0 -> 0 -> 0 -> 0 -> 0],[0 -> 0 -> 0 -> 0 -> 0],[2; 1],0,,TRUE,0.022,FALSE,0.011,6,0.019,3,0,,,,,,,
chain,5,CREATE_DELETE,0.7,,,,,[0 -> 0 -> 0 -> 0 -> 0],[0 -> 0 -> 0 -> 0 -> 0],[1; 1; 1; 1; 1; 1; 1; 1; 1],0,,TRUE,0.02,TRUE,0.017,0,0.074,0,0,,,,,,,
chain,5,CREATE_DELETE,0.7,,,,,[0 -> 0 -> 0 -> 0 -> 0],[0 -> 0 -> 0 -> 0 -> 0],[2; 1; 1; 1; 2; 1],0,,TRUE,0.379,TRUE,0.37,0,2.064,0,0,,,,,,,
chain,5,CREATE_DELETE,0.7,,,,,[0 -> 0 -> 0 -> 0 -> 0],[0 -> 0 -> 0 -> 0 -> 0],[1; 1; 1; 1; 1; 1; 1; 1; 1; 1],0,,TRUE,0.02,TRUE,0.02,0,0.09,0,0,,,,,,,
chain,10,UPDATE,0.4,,,,,[0 -> 0 -> 0 -> 0 -> 0 -> 0 -> 0 -> 0 -> 0 -> 0],[0 -> 0 -> 0 -> 0 -> 0 -> 0 -> 0 -> 0 -> 0 -> 0],[3; 2; 1; 1; 1; 2; 2; 2; 1],0.04,,,,FALSE,0.294,,,4,0,,,,,,,
chain,10,UPDATE,0.4,,,,,[0 -> 0 -> 0 -> 0 -> 0 -> 0 -> 0 -> 0 -> 0 -> 0],[0 -> 0 -> 0 -> 0 -> 0 -> 0 -> 0 -> 0 -> 0 -> 0],[2; 1; 1; 1; 1; 1; 2; 1; 1; 1; 1; 1; 1; 1],0.028,,TRUE,64.941,FALSE,0.079,,,12,0,,,,,,,
chain,10,UPDATE,0.4,,,,,[0 -> 0 -> 0 -> 0 -> 0 -> 0 -> 0 -> 0 -> 0 -> 0],[0 -> 0 -> 0 -> 0 -> 0 -> 0 -> 0 -> 0 -> 0 -> 0],[1; 1; 1; 1; 1; 1; 1; 1; 1; 1; 1; 1; 1],0.028,,TRUE,0.229,TRUE,0.225,0,1.432,0,0,,,,,,,
chain,10,UPDATE,0.7,,,,,[0 -> 0 -> 0 -> 0 -> 0 -> 0 -> 0 -> 0 -> 0 -> 0],[0 -> 0 -> 0 -> 0 -> 0 -> 0 -> 0 -> 0 -> 0 -> 0],[3; 2; 2; 3; 1],0.036,,,,,,,,0,0,,,,,,,
chain,10,UPDATE,0.7,,,,,[0 -> 0 -> 0 -> 0 -> 0 -> 0 -> 0 -> 0 -> 0 -> 0],[0 -> 0 -> 0 -> 0 -> 0 -> 0 -> 0 -> 0 -> 0 -> 0],[1; 1; 1; 1; 1; 1; 1; 1; 1; 1],0.028,,TRUE,0.184,TRUE,0.189,0,0.807,0,0,,,,,,,
chain,10,UPDATE,0.7,,,,,[0 -> 0 -> 0 -> 0 -> 0 -> 0 -> 0 -> 0 -> 0 -> 0],[0 -> 0 -> 0 -> 0 -> 0 -> 0 -> 0 -> 0 -> 0 -> 0],[1; 1; 1; 1; 1; 2; 2; 1; 1; 1],0.028,,TRUE,10.156,TRUE,9.905,0,90.488,0,0,,,,,,,
chain,10,NOOP,0.4,,,,,[0 -> 0 -> 0 -> 0 -> 0 -> 0 -> 0 -> 0 -> 0 -> 0],[0 -> 0 -> 0 -> 0 -> 0 -> 0 -> 0 -> 0 -> 0 -> 0],[4; 3; 2; 1; 1],0.04,,,,,,,,0,0,,,,,,,
chain,10,NOOP,0.4,,,,,[0 -> 0 -> 0 -> 0 -> 0 -> 0 -> 0 -> 0 -> 0 -> 0],[0 -> 0 -> 0 -> 0 -> 0 -> 0 -> 0 -> 0 -> 0 -> 0],[3; 1; 1],0.028,,TRUE,34.191,TRUE,34.035,0,53.753,0,0,,,,,,,
chain,10,NOOP,0.4,,,,,[0 -> 0 -> 0 -> 0 -> 0 -> 0 -> 0 -> 0 -> 0 -> 0],[0 -> 0 -> 0 -> 0 -> 0 -> 0 -> 0 -> 0 -> 0 -> 0],[2; 2; 1],0.024,,TRUE,7.473,FALSE,0.095,4,20.435,2,0,,,,,,,
chain,10,NOOP,0.7,,,,,[0 -> 0 -> 0 -> 0 -> 0 -> 0 -> 0 -> 0 -> 0 -> 0],[0 -> 0 -> 0 -> 0 -> 0 -> 0 -> 0 -> 0 -> 0 -> 0],[2; 2; 2],0.04,,TRUE,93.837,FALSE,0.14,2,120.757,1,0,,,,,,,
chain,10,NOOP,0.7,,,,,[0 -> 0 -> 0 -> 0 -> 0 -> 0 -> 0 -> 0 -> 0 -> 0],[0 -> 0 -> 0 -> 0 -> 0 -> 0 -> 0 -> 0 -> 0 -> 0],[1; 1],0.024,,TRUE,0.091,TRUE,0.092,0,0.167,0,0,,,,,,,
chain,10,NOOP,0.7,,,,,[0 -> 0 -> 0 -> 0 -> 0 -> 0 -> 0 -> 0 -> 0 -> 0],[0 -> 0 -> 0 -> 0 -> 0 -> 0 -> 0 -> 0 -> 0 -> 0],[3; 1; 1],0.028,,TRUE,34.096,TRUE,32.908,0,62.683,0,0,,,,,,,
chain,10,DELETE_CREATE,0.4,,,,,[0 -> 0 -> 0 -> 0 -> 0 -> 0 -> 0 -> 0 -> 0 -> 0],[0 -> 0 -> 0 -> 0 -> 0 -> 0 -> 0 -> 0 -> 0 -> 0],[2; 1; 1; 1; 2; 2; 2; 2; 1],0.04,,,,FALSE,0.217,,,11,0,,,,,,,
chain,10,DELETE_CREATE,0.4,,,,,[0 -> 0 -> 0 -> 0 -> 0 -> 0 -> 0 -> 0 -> 0 -> 0],[0 -> 0 -> 0 -> 0 -> 0 -> 0 -> 0 -> 0 -> 0 -> 0],[1; 2; 1; 2; 2; 1],0.024,,TRUE,311.397,FALSE,0.047,18,779.02,9,0,,,,,,,
chain,10,DELETE_CREATE,0.4,,,,,[0 -> 0 -> 0 -> 0 -> 0 -> 0 -> 0 -> 0 -> 0 -> 0],[0 -> 0 -> 0 -> 0 -> 0 -> 0 -> 0 -> 0 -> 0 -> 0],[2; 2; 3; 2; 2; 1],0.028,,,,FALSE,0.09,,,21,0,,,,,,,
chain,10,DELETE_CREATE,0.7,,,,,[0 -> 0 -> 0 -> 0 -> 0 -> 0 -> 0 -> 0 -> 0 -> 0],[0 -> 0 -> 0 -> 0 -> 0 -> 0 -> 0 -> 0 -> 0 -> 0],[3; 2; 1; 1; 1; 2; 1; 1; 1; 1; 1],0.04,,,,,,,,0,0,,,,,,,
chain,10,DELETE_CREATE,0.7,,,,,[0 -> 0 -> 0 -> 0 -> 0 -> 0 -> 0 -> 0 -> 0 -> 0],[0 -> 0 -> 0 -> 0 -> 0 -> 0 -> 0 -> 0 -> 0 -> 0],[2; 2; 1; 1; 1; 1; 1; 2; 1; 1; 1; 1; 1; 1],0.028,,,,FALSE,0.115,,,12,0,,,,,,,
chain,10,DELETE_CREATE,0.7,,,,,[0 -> 0 -> 0 -> 0 -> 0 -> 0 -> 0 -> 0 -> 0 -> 0],[0 -> 0 -> 0 -> 0 -> 0 -> 0 -> 0 -> 0 -> 0 -> 0],[2; 1; 1; 1; 1; 1; 1; 1; 1; 1; 1; 1; 1; 1; 1; 1; 1],0.028,,TRUE,59.799,TRUE,59.788,0,473.316,0,0,,,,,,,
chain,10,CREATE_DELETE,0.4,,,,,[0 -> 0 -> 0 -> 0 -> 0 -> 0 -> 0 -> 0 -> 0 -> 0],[0 -> 0 -> 0 -> 0 -> 0 -> 0 -> 0 -> 0 -> 0 -> 0],[3; 2; 2; 2; 1; 1],0.04,,,,FALSE,0.228,,,8,0,,,,,,,
chain,10,CREATE_DELETE,0.4,,,,,[0 -> 0 -> 0 -> 0 -> 0 -> 0 -> 0 -> 0 -> 0 -> 0],[0 -> 0 -> 0 -> 0 -> 0 -> 0 -> 0 -> 0 -> 0 -> 0],[4; 1; 1],0.028,,,,,,,,0,0,,,,,,,
chain,10,CREATE_DELETE,0.4,,,,,[0 -> 0 -> 0 -> 0 -> 0 -> 0 -> 0 -> 0 -> 0 -> 0],[0 -> 0 -> 0 -> 0 -> 0 -> 0 -> 0 -> 0 -> 0 -> 0],[1; 1; 1; 1; 1; 1; 1; 1; 1; 1; 1; 1],0.028,,TRUE,0.249,TRUE,0.25,0,1.684,0,0,,,,,,,
chain,10,CREATE_DELETE,0.7,,,,,[0 -> 0 -> 0 -> 0 -> 0 -> 0 -> 0 -> 0 -> 0 -> 0],[0 -> 0 -> 0 -> 0 -> 0 -> 0 -> 0 -> 0 -> 0 -> 0],[2; 2; 2; 1; 1; 1; 1; 1; 1; 1; 1; 1; 1; 1],0.04,,,,,,,,0,0.001,,,,,,,
chain,10,CREATE_DELETE,0.7,,,,,[0 -> 0 -> 0 -> 0 -> 0 -> 0 -> 0 -> 0 -> 0 -> 0],[0 -> 0 -> 0 -> 0 -> 0 -> 0 -> 0 -> 0 -> 0 -> 0],[2; 1; 1; 1; 1; 1; 1; 1; 1; 2; 1; 1; 1; 1; 1; 1; 1],0.032,,TRUE,299.031,TRUE,280.709,,,0,0,,,,,,,
chain,10,CREATE_DELETE,0.7,,,,,[0 -> 0 -> 0 -> 0 -> 0 -> 0 -> 0 -> 0 -> 0 -> 0],[0 -> 0 -> 0 -> 0 -> 0 -> 0 -> 0 -> 0 -> 0 -> 0],[2; 2; 2; 2; 1; 1; 1; 1; 1; 1; 1; 1],0.028,,,,,,,,0,0,,,,,,,
chain,15,UPDATE,0.4,,,,,[0 -> 0 -> 0 -> 0 -> 0 -> 0 -> 0 -> 0 -> 0 -> 0 -> 0 -> 0 -> 0 -> 0 -> 0],[0 -> 0 -> 0 -> 0 -> 0 -> 0 -> 0 -> 0 -> 0 -> 0 -> 0 -> 0 -> 0 -> 0 -> 0],[3; 3; 2; 2; 1; 1; 1; 2; 2; 2; 2; 1],0.352,,,,FALSE,3.988,,,5,0.001,,,,,,,
chain,15,UPDATE,0.4,,,,,[0 -> 0 -> 0 -> 0 -> 0 -> 0 -> 0 -> 0 -> 0 -> 0 -> 0 -> 0 -> 0 -> 0 -> 0],[0 -> 0 -> 0 -> 0 -> 0 -> 0 -> 0 -> 0 -> 0 -> 0 -> 0 -> 0 -> 0 -> 0 -> 0],[3; 2; 2; 1; 1; 1; 2; 2; 2; 2; 1],0.252,,,,FALSE,2.772,,,1,0,,,,,,,
chain,15,UPDATE,0.4,,,,,[0 -> 0 -> 0 -> 0 -> 0 -> 0 -> 0 -> 0 -> 0 -> 0 -> 0 -> 0 -> 0 -> 0 -> 0],[0 -> 0 -> 0 -> 0 -> 0 -> 0 -> 0 -> 0 -> 0 -> 0 -> 0 -> 0 -> 0 -> 0 -> 0],[4; 4; 3; 2; 3],0.252,,,,FALSE,1.493,,,25,0,,,,,,,
chain,15,UPDATE,0.7,,,,,[0 -> 0 -> 0 -> 0 -> 0 -> 0 -> 0 -> 0 -> 0 -> 0 -> 0 -> 0 -> 0 -> 0 -> 0],[0 -> 0 -> 0 -> 0 -> 0 -> 0 -> 0 -> 0 -> 0 -> 0 -> 0 -> 0 -> 0 -> 0 -> 0],[3; 3; 1; 1; 1; 1; 1; 2; 2; 1],0.352,,,,,,,,0,0.001,,,,,,,
chain,15,UPDATE,0.7,,,,,[0 -> 0 -> 0 -> 0 -> 0 -> 0 -> 0 -> 0 -> 0 -> 0 -> 0 -> 0 -> 0 -> 0 -> 0],[0 -> 0 -> 0 -> 0 -> 0 -> 0 -> 0 -> 0 -> 0 -> 0 -> 0 -> 0 -> 0 -> 0 -> 0],[3; 3; 4; 2; 2; 2],0.252,,,,,,,,0,0,,,,,,,
chain,15,UPDATE,0.7,,,,,[0 -> 0 -> 0 -> 0 -> 0 -> 0 -> 0 -> 0 -> 0 -> 0 -> 0 -> 0 -> 0 -> 0 -> 0],[0 -> 0 -> 0 -> 0 -> 0 -> 0 -> 0 -> 0 -> 0 -> 0 -> 0 -> 0 -> 0 -> 0 -> 0],[2; 2; 2; 3; 2; 2; 1; 1],0.248,,,,,,,,0,0,,,,,,,
chain,15,NOOP,0.4,,,,,[0 -> 0 -> 0 -> 0 -> 0 -> 0 -> 0 -> 0 -> 0 -> 0 -> 0 -> 0 -> 0 -> 0 -> 0],[0 -> 0 -> 0 -> 0 -> 0 -> 0 -> 0 -> 0 -> 0 -> 0 -> 0 -> 0 -> 0 -> 0 -> 0],[5; 4; 1; 1; 1; 1; 1; 1; 1; 1; 1],0.352,,,,,,,,0,0.001,,,,,,,
chain,15,NOOP,0.4,,,,,[0 -> 0 -> 0 -> 0 -> 0 -> 0 -> 0 -> 0 -> 0 -> 0 -> 0 -> 0 -> 0 -> 0 -> 0],[0 -> 0 -> 0 -> 0 -> 0 -> 0 -> 0 -> 0 -> 0 -> 0 -> 0 -> 0 -> 0 -> 0 -> 0],[2; 3; 3; 2; 2; 1],0.256,,,,FALSE,1.204,,,14,0,,,,,,,
chain,15,NOOP,0.4,,,,,[0 -> 0 -> 0 -> 0 -> 0 -> 0 -> 0 -> 0 -> 0 -> 0 -> 0 -> 0 -> 0 -> 0 -> 0],[0 -> 0 -> 0 -> 0 -> 0 -> 0 -> 0 -> 0 -> 0 -> 0 -> 0 -> 0 -> 0 -> 0 -> 0],[5; 4; 2; 2; 1; 1; 1; 1],0.252,,,,,,,,0,0,,,,,,,
chain,15,NOOP,0.7,,,,,[0 -> 0 -> 0 -> 0 -> 0 -> 0 -> 0 -> 0 -> 0 -> 0 -> 0 -> 0 -> 0 -> 0 -> 0],[0 -> 0 -> 0 -> 0 -> 0 -> 0 -> 0 -> 0 -> 0 -> 0 -> 0 -> 0 -> 0 -> 0 -> 0],[3],0.348,,TRUE,47.913,TRUE,48.196,0,61.585,0,0,,,,,,,
chain,15,NOOP,0.7,,,,,[0 -> 0 -> 0 -> 0 -> 0 -> 0 -> 0 -> 0 -> 0 -> 0 -> 0 -> 0 -> 0 -> 0 -> 0],[0 -> 0 -> 0 -> 0 -> 0 -> 0 -> 0 -> 0 -> 0 -> 0 -> 0 -> 0 -> 0 -> 0 -> 0],[4; 2],0.248,,,,FALSE,1.044,,,3,0,,,,,,,
chain,15,NOOP,0.7,,,,,[0 -> 0 -> 0 -> 0 -> 0 -> 0 -> 0 -> 0 -> 0 -> 0 -> 0 -> 0 -> 0 -> 0 -> 0],[0 -> 0 -> 0 -> 0 -> 0 -> 0 -> 0 -> 0 -> 0 -> 0 -> 0 -> 0 -> 0 -> 0 -> 0],[4; 1],0.256,,,,,,,,0,0,,,,,,,
chain,15,DELETE_CREATE,0.4,,,,,[0 -> 0 -> 0 -> 0 -> 0 -> 0 -> 0 -> 0 -> 0 -> 0 -> 0 -> 0 -> 0 -> 0 -> 0],[0 -> 0 -> 0 -> 0 -> 0 -> 0 -> 0 -> 0 -> 0 -> 0 -> 0 -> 0 -> 0 -> 0 -> 0],[3; 2; 3; 2; 1; 1; 1; 1; 1; 1; 1; 1; 1; 1; 1; 1; 1; 1],0.356,,,,,,,,0,0.002,,,,,,,
chain,15,DELETE_CREATE,0.4,,,,,[0 -> 0 -> 0 -> 0 -> 0 -> 0 -> 0 -> 0 -> 0 -> 0 -> 0 -> 0 -> 0 -> 0 -> 0],[0 -> 0 -> 0 -> 0 -> 0 -> 0 -> 0 -> 0 -> 0 -> 0 -> 0 -> 0 -> 0 -> 0 -> 0],[4; 3; 2; 2; 1; 1; 1; 1; 1; 1],0.248,,,,FALSE,2.391,,,6,0,,,,,,,
chain,15,DELETE_CREATE,0.4,,,,,[0 -> 0 -> 0 -> 0 -> 0 -> 0 -> 0 -> 0 -> 0 -> 0 -> 0 -> 0 -> 0 -> 0 -> 0],[0 -> 0 -> 0 -> 0 -> 0 -> 0 -> 0 -> 0 -> 0 -> 0 -> 0 -> 0 -> 0 -> 0 -> 0],[4; 3; 4; 4; 2; 1; 1; 1; 1; 1],0.252,,,,FALSE,2.924,,,5,0,,,,,,,
chain,15,DELETE_CREATE,0.7,,,,,[0 -> 0 -> 0 -> 0 -> 0 -> 0 -> 0 -> 0 -> 0 -> 0 -> 0 -> 0 -> 0 -> 0 -> 0],[0 -> 0 -> 0 -> 0 -> 0 -> 0 -> 0 -> 0 -> 0 -> 0 -> 0 -> 0 -> 0 -> 0 -> 0],[2; 2; 2; 2; 1; 1; 1; 1; 1; 1; 1; 1; 1; 1; 1; 1; 1; 1],0.356,,,,,,,,0,0.001,,,,,,,
chain,15,DELETE_CREATE,0.7,,,,,[0 -> 0 -> 0 -> 0 -> 0 -> 0 -> 0 -> 0 -> 0 -> 0 -> 0 -> 0 -> 0 -> 0 -> 0],[0 -> 0 -> 0 -> 0 -> 0 -> 0 -> 0 -> 0 -> 0 -> 0 -> 0 -> 0 -> 0 -> 0 -> 0],[1; 1; 2; 2; 1; 1; 1; 1; 1; 1; 1; 1; 1; 1; 1; 1; 1; 1; 1; 1; 1; 1; 1; 1; 1],0.252,,,,FALSE,0.868,,,18,0.001,,,,,,,
chain,15,DELETE_CREATE,0.7,,,,,[0 -> 0 -> 0 -> 0 -> 0 -> 0 -> 0 -> 0 -> 0 -> 0 -> 0 -> 0 -> 0 -> 0 -> 0],[0 -> 0 -> 0 -> 0 -> 0 -> 0 -> 0 -> 0 -> 0 -> 0 -> 0 -> 0 -> 0 -> 0 -> 0],[2; 1; 1; 1; 1; 2; 2; 2; 2; 2; 1; 1; 1; 1; 1; 1; 1; 1; 1; 1; 1],0.256,,,,FALSE,1.203,,,8,0.001,,,,,,,
chain,15,CREATE_DELETE,0.4,,,,,[0 -> 0 -> 0 -> 0 -> 0 -> 0 -> 0 -> 0 -> 0 -> 0 -> 0 -> 0 -> 0 -> 0 -> 0],[0 -> 0 -> 0 -> 0 -> 0 -> 0 -> 0 -> 0 -> 0 -> 0 -> 0 -> 0 -> 0 -> 0 -> 0],[3; 3; 2; 1; 1; 1; 1; 2; 2; 1; 1; 1; 1; 1; 1],0.356,,,,FALSE,4.282,,,2,0.001,,,,,,,
chain,15,CREATE_DELETE,0.4,,,,,[0 -> 0 -> 0 -> 0 -> 0 -> 0 -> 0 -> 0 -> 0 -> 0 -> 0 -> 0 -> 0 -> 0 -> 0],[0 -> 0 -> 0 -> 0 -> 0 -> 0 -> 0 -> 0 -> 0 -> 0 -> 0 -> 0 -> 0 -> 0 -> 0],[4; 3; 2; 2; 1; 1; 1; 1; 1; 1; 1; 1; 1],0.26,,,,,,,,0,0.001,,,,,,,
chain,15,CREATE_DELETE,0.4,,,,,[0 -> 0 -> 0 -> 0 -> 0 -> 0 -> 0 -> 0 -> 0 -> 0 -> 0 -> 0 -> 0 -> 0 -> 0],[0 -> 0 -> 0 -> 0 -> 0 -> 0 -> 0 -> 0 -> 0 -> 0 -> 0 -> 0 -> 0 -> 0 -> 0],[2; 2; 2; 2; 1; 1; 1; 1; 1; 1; 1; 1; 1; 1; 1; 1; 1; 1; 1],0.248,,,,,,,,0,0.001,,,,,,,
chain,15,CREATE_DELETE,0.7,,,,,[0 -> 0 -> 0 -> 0 -> 0 -> 0 -> 0 -> 0 -> 0 -> 0 -> 0 -> 0 -> 0 -> 0 -> 0],[0 -> 0 -> 0 -> 0 -> 0 -> 0 -> 0 -> 0 -> 0 -> 0 -> 0 -> 0 -> 0 -> 0 -> 0],[3; 3; 1; 1; 1; 1; 1; 1; 1; 1; 1; 1; 1; 1; 1; 1; 1; 1; 1; 1; 1; 1],0.356,,,,,,,,0,0.001,,,,,,,
chain,15,CREATE_DELETE,0.7,,,,,[0 -> 0 -> 0 -> 0 -> 0 -> 0 -> 0 -> 0 -> 0 -> 0 -> 0 -> 0 -> 0 -> 0 -> 0],[0 -> 0 -> 0 -> 0 -> 0 -> 0 -> 0 -> 0 -> 0 -> 0 -> 0 -> 0 -> 0 -> 0 -> 0],[3; 3; 3; 3; 1; 1; 1; 1; 1; 1; 1; 1; 1; 1; 1],0.252,,,,,,,,0,0.001,,,,,,,
chain,15,CREATE_DELETE,0.7,,,,,[0 -> 0 -> 0 -> 0 -> 0 -> 0 -> 0 -> 0 -> 0 -> 0 -> 0 -> 0 -> 0 -> 0 -> 0],[0 -> 0 -> 0 -> 0 -> 0 -> 0 -> 0 -> 0 -> 0 -> 0 -> 0 -> 0 -> 0 -> 0 -> 0],[3; 2; 2; 2; 2; 1; 1; 1; 1; 1; 1; 1; 1; 1; 1; 1],0.264,,,,,,,,0,0.001,,,,,,,
chain,20,UPDATE,0.4,,,,,[0 -> 0 -> 0 -> 0 -> 0 -> 0 -> 0 -> 0 -> 0 -> 0 -> 0 -> 0 -> 0 -> 0 -> 0 -> 0 -> 0 -> 0 -> 0 -> 0],[0 -> 0 -> 0 -> 0 -> 0 -> 0 -> 0 -> 0 -> 0 -> 0 -> 0 -> 0 -> 0 -> 0 -> 0 -> 0 -> 0 -> 0 -> 0 -> 0],[5; 3; 3; 2; 2; 2; 1; 1; 1; 1; 1; 1],1.892,,,,,,,,0,0.001,,,,,,,
chain,20,UPDATE,0.4,,,,,[0 -> 0 -> 0 -> 0 -> 0 -> 0 -> 0 -> 0 -> 0 -> 0 -> 0 -> 0 -> 0 -> 0 -> 0 -> 0 -> 0 -> 0 -> 0 -> 0],[0 -> 0 -> 0 -> 0 -> 0 -> 0 -> 0 -> 0 -> 0 -> 0 -> 0 -> 0 -> 0 -> 0 -> 0 -> 0 -> 0 -> 0 -> 0 -> 0],[4; 3; 2; 2; 2; 2; 2; 1; 1],1.344,,,,FALSE,8.706,,,25,0.001,,,,,,,
chain,20,UPDATE,0.4,,,,,[0 -> 0 -> 0 -> 0 -> 0 -> 0 -> 0 -> 0 -> 0 -> 0 -> 0 -> 0 -> 0 -> 0 -> 0 -> 0 -> 0 -> 0 -> 0 -> 0],[0 -> 0 -> 0 -> 0 -> 0 -> 0 -> 0 -> 0 -> 0 -> 0 -> 0 -> 0 -> 0 -> 0 -> 0 -> 0 -> 0 -> 0 -> 0 -> 0],[5; 4; 3; 2; 2; 2; 2; 2; 1],1.356,,,,FALSE,13.846,,,7,0.001,,,,,,,
chain,20,UPDATE,0.7,,,,,[0 -> 0 -> 0 -> 0 -> 0 -> 0 -> 0 -> 0 -> 0 -> 0 -> 0 -> 0 -> 0 -> 0 -> 0 -> 0 -> 0 -> 0 -> 0 -> 0],[0 -> 0 -> 0 -> 0 -> 0 -> 0 -> 0 -> 0 -> 0 -> 0 -> 0 -> 0 -> 0 -> 0 -> 0 -> 0 -> 0 -> 0 -> 0 -> 0],[4; 2; 2; 2; 1; 1; 1; 1; 1; 2; 2; 1],1.864,,,,,,,,0,0.001,,,,,,,
chain,20,UPDATE,0.7,,,,,[0 -> 0 -> 0 -> 0 -> 0 -> 0 -> 0 -> 0 -> 0 -> 0 -> 0 -> 0 -> 0 -> 0 -> 0 -> 0 -> 0 -> 0 -> 0 -> 0],[0 -> 0 -> 0 -> 0 -> 0 -> 0 -> 0 -> 0 -> 0 -> 0 -> 0 -> 0 -> 0 -> 0 -> 0 -> 0 -> 0 -> 0 -> 0 -> 0],[4; 3; 1; 1; 1; 1; 1; 1; 1; 2; 2; 1; 1],1.392,,,,,,,,0,0.001,,,,,,,
chain,20,UPDATE,0.7,,,,,[0 -> 0 -> 0 -> 0 -> 0 -> 0 -> 0 -> 0 -> 0 -> 0 -> 0 -> 0 -> 0 -> 0 -> 0 -> 0 -> 0 -> 0 -> 0 -> 0],[0 -> 0 -> 0 -> 0 -> 0 -> 0 -> 0 -> 0 -> 0 -> 0 -> 0 -> 0 -> 0 -> 0 -> 0 -> 0 -> 0 -> 0 -> 0 -> 0],[4; 2; 2; 1; 1; 1; 1; 1; 1; 2; 2; 2; 2],1.36,,,,FALSE,16.847,,,2,0.001,,,,,,,
chain,20,NOOP,0.4,,,,,[0 -> 0 -> 0 -> 0 -> 0 -> 0 -> 0 -> 0 -> 0 -> 0 -> 0 -> 0 -> 0 -> 0 -> 0 -> 0 -> 0 -> 0 -> 0 -> 0],[0 -> 0 -> 0 -> 0 -> 0 -> 0 -> 0 -> 0 -> 0 -> 0 -> 0 -> 0 -> 0 -> 0 -> 0 -> 0 -> 0 -> 0 -> 0 -> 0],[6; 5; 2; 1; 1; 1],1.888,,,,,,,,0,0.001,,,,,,,
chain,20,NOOP,0.4,,,,,[0 -> 0 -> 0 -> 0 -> 0 -> 0 -> 0 -> 0 -> 0 -> 0 -> 0 -> 0 -> 0 -> 0 -> 0 -> 0 -> 0 -> 0 -> 0 -> 0],[0 -> 0 -> 0 -> 0 -> 0 -> 0 -> 0 -> 0 -> 0 -> 0 -> 0 -> 0 -> 0 -> 0 -> 0 -> 0 -> 0 -> 0 -> 0 -> 0],[6; 4; 3; 1; 1; 1; 1; 1; 1; 1; 1],1.368,,,,,,,,0,0.001,,,,,,,
chain,20,NOOP,0.4,,,,,[0 -> 0 -> 0 -> 0 -> 0 -> 0 -> 0 -> 0 -> 0 -> 0 -> 0 -> 0 -> 0 -> 0 -> 0 -> 0 -> 0 -> 0 -> 0 -> 0],[0 -> 0 -> 0 -> 0 -> 0 -> 0 -> 0 -> 0 -> 0 -> 0 -> 0 -> 0 -> 0 -> 0 -> 0 -> 0 -> 0 -> 0 -> 0 -> 0],[5; 2; 2; 2; 1; 1; 1; 1; 1; 1],1.324,,,,,,,,0,0.001,,,,,,,
chain,20,NOOP,0.7,,,,,[0 -> 0 -> 0 -> 0 -> 0 -> 0 -> 0 -> 0 -> 0 -> 0 -> 0 -> 0 -> 0 -> 0 -> 0 -> 0 -> 0 -> 0 -> 0 -> 0],[0 -> 0 -> 0 -> 0 -> 0 -> 0 -> 0 -> 0 -> 0 -> 0 -> 0 -> 0 -> 0 -> 0 -> 0 -> 0 -> 0 -> 0 -> 0 -> 0],[2; 1],1.876,,TRUE,53.278,TRUE,53.296,0,42.72,0,0,,,,,,,
chain,20,NOOP,0.7,,,,,[0 -> 0 -> 0 -> 0 -> 0 -> 0 -> 0 -> 0 -> 0 -> 0 -> 0 -> 0 -> 0 -> 0 -> 0 -> 0 -> 0 -> 0 -> 0 -> 0],[0 -> 0 -> 0 -> 0 -> 0 -> 0 -> 0 -> 0 -> 0 -> 0 -> 0 -> 0 -> 0 -> 0 -> 0 -> 0 -> 0 -> 0 -> 0 -> 0],[5; 1; 1; 1],1.364,,,,,,,,0,0,,,,,,,
chain,20,NOOP,0.7,,,,,[0 -> 0 -> 0 -> 0 -> 0 -> 0 -> 0 -> 0 -> 0 -> 0 -> 0 -> 0 -> 0 -> 0 -> 0 -> 0 -> 0 -> 0 -> 0 -> 0],[0 -> 0 -> 0 -> 0 -> 0 -> 0 -> 0 -> 0 -> 0 -> 0 -> 0 -> 0 -> 0 -> 0 -> 0 -> 0 -> 0 -> 0 -> 0 -> 0],[5; 2; 1; 1; 1; 1],1.416,,,,,,,,0,0,,,,,,,
chain,20,DELETE_CREATE,0.4,,,,,[0 -> 0 -> 0 -> 0 -> 0 -> 0 -> 0 -> 0 -> 0 -> 0 -> 0 -> 0 -> 0 -> 0 -> 0 -> 0 -> 0 -> 0 -> 0 -> 0],[0 -> 0 -> 0 -> 0 -> 0 -> 0 -> 0 -> 0 -> 0 -> 0 -> 0 -> 0 -> 0 -> 0 -> 0 -> 0 -> 0 -> 0 -> 0 -> 0],[5; 4; 3; 2; 2; 1; 1; 1; 1; 1; 1; 1; 1; 1; 1; 1; 1; 1; 1],1.92,,,,,,,,0,0.001,,,,,,,
chain,20,DELETE_CREATE,0.4,,,,,[0 -> 0 -> 0 -> 0 -> 0 -> 0 -> 0 -> 0 -> 0 -> 0 -> 0 -> 0 -> 0 -> 0 -> 0 -> 0 -> 0 -> 0 -> 0 -> 0],[0 -> 0 -> 0 -> 0 -> 0 -> 0 -> 0 -> 0 -> 0 -> 0 -> 0 -> 0 -> 0 -> 0 -> 0 -> 0 -> 0 -> 0 -> 0 -> 0],[5; 3; 3; 3; 2; 2; 1; 1; 1; 1; 1; 1; 1; 1; 1],1.316,,,,,,,,0,0.001,,,,,,,
chain,20,DELETE_CREATE,0.4,,,,,[0 -> 0 -> 0 -> 0 -> 0 -> 0 -> 0 -> 0 -> 0 -> 0 -> 0 -> 0 -> 0 -> 0 -> 0 -> 0 -> 0 -> 0 -> 0 -> 0],[0 -> 0 -> 0 -> 0 -> 0 -> 0 -> 0 -> 0 -> 0 -> 0 -> 0 -> 0 -> 0 -> 0 -> 0 -> 0 -> 0 -> 0 -> 0 -> 0],[5; 3; 2; 1; 1; 1; 1; 1; 1; 1; 1; 1; 1; 1],1.344,,,,,,,,0,0.001,,,,,,,
chain,20,DELETE_CREATE,0.7,,,,,[0 -> 0 -> 0 -> 0 -> 0 -> 0 -> 0 -> 0 -> 0 -> 0 -> 0 -> 0 -> 0 -> 0 -> 0 -> 0 -> 0 -> 0 -> 0 -> 0],[0 -> 0 -> 0 -> 0 -> 0 -> 0 -> 0 -> 0 -> 0 -> 0 -> 0 -> 0 -> 0 -> 0 -> 0 -> 0 -> 0 -> 0 -> 0 -> 0],[4; 4; 3; 3; 2; 2; 1; 1; 1; 1; 1; 1; 1; 1; 1; 1; 1; 1; 1; 1],1.908,,,,FALSE,33.129,,,2,0.002,,,,,,,
chain,20,DELETE_CREATE,0.7,,,,,[0 -> 0 -> 0 -> 0 -> 0 -> 0 -> 0 -> 0 -> 0 -> 0 -> 0 -> 0 -> 0 -> 0 -> 0 -> 0 -> 0 -> 0 -> 0 -> 0],[0 -> 0 -> 0 -> 0 -> 0 -> 0 -> 0 -> 0 -> 0 -> 0 -> 0 -> 0 -> 0 -> 0 -> 0 -> 0 -> 0 -> 0 -> 0 -> 0],[3; 3; 4; 4; 2; 1; 1; 1; 1; 1; 1; 1; 1; 1; 1; 1; 1; 1; 1; 1; 1],1.388,,,,FALSE,27.383,,,1,0.001,,,,,,,
chain,20,DELETE_CREATE,0.7,,,,,[0 -> 0 -> 0 -> 0 -> 0 -> 0 -> 0 -> 0 -> 0 -> 0 -> 0 -> 0 -> 0 -> 0 -> 0 -> 0 -> 0 -> 0 -> 0 -> 0],[0 -> 0 -> 0 -> 0 -> 0 -> 0 -> 0 -> 0 -> 0 -> 0 -> 0 -> 0 -> 0 -> 0 -> 0 -> 0 -> 0 -> 0 -> 0 -> 0],[4; 3; 3; 2; 3; 3; 3; 2; 1; 1; 1; 1; 1; 1; 1; 1; 1],1.428,,,,,,,,0,0.001,,,,,,,
chain,20,CREATE_DELETE,0.4,,,,,[0 -> 0 -> 0 -> 0 -> 0 -> 0 -> 0 -> 0 -> 0 -> 0 -> 0 -> 0 -> 0 -> 0 -> 0 -> 0 -> 0 -> 0 -> 0 -> 0],[0 -> 0 -> 0 -> 0 -> 0 -> 0 -> 0 -> 0 -> 0 -> 0 -> 0 -> 0 -> 0 -> 0 -> 0 -> 0 -> 0 -> 0 -> 0 -> 0],[3; 3; 3; 3; 1; 1; 1; 1; 1; 1; 1; 1; 1; 1; 1; 1; 1; 1; 1; 1; 1; 1; 1; 1; 1; 1],1.928,,,,,,,,0,0.003,,,,,,,
chain,20,CREATE_DELETE,0.4,,,,,[0 -> 0 -> 0 -> 0 -> 0 -> 0 -> 0 -> 0 -> 0 -> 0 -> 0 -> 0 -> 0 -> 0 -> 0 -> 0 -> 0 -> 0 -> 0 -> 0],[0 -> 0 -> 0 -> 0 -> 0 -> 0 -> 0 -> 0 -> 0 -> 0 -> 0 -> 0 -> 0 -> 0 -> 0 -> 0 -> 0 -> 0 -> 0 -> 0],[5; 5; 3; 2; 2; 1; 1; 1; 1; 1; 1; 1; 1; 1; 1],1.308,,,,,,,,0,0.001,,,,,,,
chain,20,CREATE_DELETE,0.4,,,,,[0 -> 0 -> 0 -> 0 -> 0 -> 0 -> 0 -> 0 -> 0 -> 0 -> 0 -> 0 -> 0 -> 0 -> 0 -> 0 -> 0 -> 0 -> 0 -> 0],[0 -> 0 -> 0 -> 0 -> 0 -> 0 -> 0 -> 0 -> 0 -> 0 -> 0 -> 0 -> 0 -> 0 -> 0 -> 0 -> 0 -> 0 -> 0 -> 0],[3; 3; 2; 2; 2; 2; 2; 1; 1; 1; 1; 1; 1; 1; 1; 1; 1; 1; 1],1.4,,,,,,,,0,0.001,,,,,,,
chain,20,CREATE_DELETE,0.7,,,,,[0 -> 0 -> 0 -> 0 -> 0 -> 0 -> 0 -> 0 -> 0 -> 0 -> 0 -> 0 -> 0 -> 0 -> 0 -> 0 -> 0 -> 0 -> 0 -> 0],[0 -> 0 -> 0 -> 0 -> 0 -> 0 -> 0 -> 0 -> 0 -> 0 -> 0 -> 0 -> 0 -> 0 -> 0 -> 0 -> 0 -> 0 -> 0 -> 0],[3; 3; 2; 2; 2; 2; 2; 2; 1; 1; 1; 1; 1; 1; 1; 1; 1; 1; 1; 1; 1; 1],1.9,,,,,,,,0,0.002,,,,,,,
chain,20,CREATE_DELETE,0.7,,,,,[0 -> 0 -> 0 -> 0 -> 0 -> 0 -> 0 -> 0 -> 0 -> 0 -> 0 -> 0 -> 0 -> 0 -> 0 -> 0 -> 0 -> 0 -> 0 -> 0],[0 -> 0 -> 0 -> 0 -> 0 -> 0 -> 0 -> 0 -> 0 -> 0 -> 0 -> 0 -> 0 -> 0 -> 0 -> 0 -> 0 -> 0 -> 0 -> 0],[4; 4; 4; 2; 1; 1; 1; 1; 1; 1; 1; 1; 1; 1; 1; 1; 1; 1; 1; 1],1.436,,,,,,,,0,0.001,,,,,,,
chain,20,CREATE_DELETE,0.7,,,,,[0 -> 0 -> 0 -> 0 -> 0 -> 0 -> 0 -> 0 -> 0 -> 0 -> 0 -> 0 -> 0 -> 0 -> 0 -> 0 -> 0 -> 0 -> 0 -> 0],[0 -> 0 -> 0 -> 0 -> 0 -> 0 -> 0 -> 0 -> 0 -> 0 -> 0 -> 0 -> 0 -> 0 -> 0 -> 0 -> 0 -> 0 -> 0 -> 0],[3; 3; 3; 3; 2; 2; 2; 2; 2; 1; 1; 1; 1; 1; 1; 1; 1; 1; 1; 1],1.364,,,,,,,,0,0.001,,,,,,,
chain,25,UPDATE,0.4,,,,,[0 -> 0 -> 0 -> 0 -> 0 -> 0 -> 0 -> 0 -> 0 -> 0 -> 0 -> 0 -> 0 -> 0 -> 0 -> 0 -> 0 -> 0 -> 0 -> 0 -> 0 -> 0 -> 0 -> 0 -> 0],[0 -> 0 -> 0 -> 0 -> 0 -> 0 -> 0 -> 0 -> 0 -> 0 -> 0 -> 0 -> 0 -> 0 -> 0 -> 0 -> 0 -> 0 -> 0 -> 0 -> 0 -> 0 -> 0 -> 0 -> 0],[5; 5; 3; 2; 2; 2; 2; 1; 2; 1; 1; 1; 1; 1; 1; 1],7.476,,,,,,,,0,0.004,,,,,,,
chain,25,UPDATE,0.4,,,,,[0 -> 0 -> 0 -> 0 -> 0 -> 0 -> 0 -> 0 -> 0 -> 0 -> 0 -> 0 -> 0 -> 0 -> 0 -> 0 -> 0 -> 0 -> 0 -> 0 -> 0 -> 0 -> 0 -> 0 -> 0],[0 -> 0 -> 0 -> 0 -> 0 -> 0 -> 0 -> 0 -> 0 -> 0 -> 0 -> 0 -> 0 -> 0 -> 0 -> 0 -> 0 -> 0 -> 0 -> 0 -> 0 -> 0 -> 0 -> 0 -> 0],[5; 2; 2; 2; 2; 2; 2; 1; 2; 1; 1; 1; 1; 1; 1; 1; 1; 1],5.48,,,,FALSE,83.16,,,2,0.002,,,,,,,
chain,25,UPDATE,0.4,,,,,[0 -> 0 -> 0 -> 0 -> 0 -> 0 -> 0 -> 0 -> 0 -> 0 -> 0 -> 0 -> 0 -> 0 -> 0 -> 0 -> 0 -> 0 -> 0 -> 0 -> 0 -> 0 -> 0 -> 0 -> 0],[0 -> 0 -> 0 -> 0 -> 0 -> 0 -> 0 -> 0 -> 0 -> 0 -> 0 -> 0 -> 0 -> 0 -> 0 -> 0 -> 0 -> 0 -> 0 -> 0 -> 0 -> 0 -> 0 -> 0 -> 0],[3; 2; 2; 2; 2; 2; 2; 1; 1; 1; 1; 1; 2; 2; 2; 2; 1; 1; 1; 1; 1; 1; 1; 1; 1; 1],5.556,,,,FALSE,98.513,,,3,0.005,,,,,,,
chain,25,UPDATE,0.7,,,,,[0 -> 0 -> 0 -> 0 -> 0 -> 0 -> 0 -> 0 -> 0 -> 0 -> 0 -> 0 -> 0 -> 0 -> 0 -> 0 -> 0 -> 0 -> 0 -> 0 -> 0 -> 0 -> 0 -> 0 -> 0],[0 -> 0 -> 0 -> 0 -> 0 -> 0 -> 0 -> 0 -> 0 -> 0 -> 0 -> 0 -> 0 -> 0 -> 0 -> 0 -> 0 -> 0 -> 0 -> 0 -> 0 -> 0 -> 0 -> 0 -> 0],[4; 3; 2; 3; 2; 2; 1; 1; 1; 1; 1; 1; 1; 1; 1],7.548,,,,FALSE,59.787,,,18,0.003,,,,,,,
chain,25,UPDATE,0.7,,,,,[0 -> 0 -> 0 -> 0 -> 0 -> 0 -> 0 -> 0 -> 0 -> 0 -> 0 -> 0 -> 0 -> 0 -> 0 -> 0 -> 0 -> 0 -> 0 -> 0 -> 0 -> 0 -> 0 -> 0 -> 0],[0 -> 0 -> 0 -> 0 -> 0 -> 0 -> 0 -> 0 -> 0 -> 0 -> 0 -> 0 -> 0 -> 0 -> 0 -> 0 -> 0 -> 0 -> 0 -> 0 -> 0 -> 0 -> 0 -> 0 -> 0],[4; 1; 1; 1; 1; 1; 1; 1; 1; 1; 1; 1; 1; 1; 1; 1; 1; 2; 2; 2; 2; 1; 1; 1; 1],5.492,,,,FALSE,76.331,,,6,0.003,,,,,,,
chain,25,UPDATE,0.7,,,,,[0 -> 0 -> 0 -> 0 -> 0 -> 0 -> 0 -> 0 -> 0 -> 0 -> 0 -> 0 -> 0 -> 0 -> 0 -> 0 -> 0 -> 0 -> 0 -> 0 -> 0 -> 0 -> 0 -> 0 -> 0],[0 -> 0 -> 0 -> 0 -> 0 -> 0 -> 0 -> 0 -> 0 -> 0 -> 0 -> 0 -> 0 -> 0 -> 0 -> 0 -> 0 -> 0 -> 0 -> 0 -> 0 -> 0 -> 0 -> 0 -> 0],[3; 2; 3; 2; 2; 2; 2; 2; 2; 2; 2; 1; 1; 1],5.728,,,,FALSE,26.635,,,45,0.003,,,,,,,
chain,25,NOOP,0.4,,,,,[0 -> 0 -> 0 -> 0 -> 0 -> 0 -> 0 -> 0 -> 0 -> 0 -> 0 -> 0 -> 0 -> 0 -> 0 -> 0 -> 0 -> 0 -> 0 -> 0 -> 0 -> 0 -> 0 -> 0 -> 0],[0 -> 0 -> 0 -> 0 -> 0 -> 0 -> 0 -> 0 -> 0 -> 0 -> 0 -> 0 -> 0 -> 0 -> 0 -> 0 -> 0 -> 0 -> 0 -> 0 -> 0 -> 0 -> 0 -> 0 -> 0],[7; 4; 2; 1; 1; 1; 1; 1; 1],7.512,,,,,,,,0,0.002,,,,,,,
chain,25,NOOP,0.4,,,,,[0 -> 0 -> 0 -> 0 -> 0 -> 0 -> 0 -> 0 -> 0 -> 0 -> 0 -> 0 -> 0 -> 0 -> 0 -> 0 -> 0 -> 0 -> 0 -> 0 -> 0 -> 0 -> 0 -> 0 -> 0],[0 -> 0 -> 0 -> 0 -> 0 -> 0 -> 0 -> 0 -> 0 -> 0 -> 0 -> 0 -> 0 -> 0 -> 0 -> 0 -> 0 -> 0 -> 0 -> 0 -> 0 -> 0 -> 0 -> 0 -> 0],[4; 4; 3; 3; 1; 2; 2; 2; 2; 1; 1],5.536,,,,FALSE,59.879,,,27,0.002,,,,,,,
chain,25,NOOP,0.4,,,,,[0 -> 0 -> 0 -> 0 -> 0 -> 0 -> 0 -> 0 -> 0 -> 0 -> 0 -> 0 -> 0 -> 0 -> 0 -> 0 -> 0 -> 0 -> 0 -> 0 -> 0 -> 0 -> 0 -> 0 -> 0],[0 -> 0 -> 0 -> 0 -> 0 -> 0 -> 0 -> 0 -> 0 -> 0 -> 0 -> 0 -> 0 -> 0 -> 0 -> 0 -> 0 -> 0 -> 0 -> 0 -> 0 -> 0 -> 0 -> 0 -> 0],[8; 3; 2; 1; 1; 1; 1; 1; 1],5.52,,,,FALSE,61.896,,,2,0.001,,,,,,,
chain,25,NOOP,0.7,,,,,[0 -> 0 -> 0 -> 0 -> 0 -> 0 -> 0 -> 0 -> 0 -> 0 -> 0 -> 0 -> 0 -> 0 -> 0 -> 0 -> 0 -> 0 -> 0 -> 0 -> 0 -> 0 -> 0 -> 0 -> 0],[0 -> 0 -> 0 -> 0 -> 0 -> 0 -> 0 -> 0 -> 0 -> 0 -> 0 -> 0 -> 0 -> 0 -> 0 -> 0 -> 0 -> 0 -> 0 -> 0 -> 0 -> 0 -> 0 -> 0 -> 0],[5; 3; 3; 3; 1; 1; 1; 1],7.528,,,,FALSE,67.679,,,14,0.001,,,,,,,
chain,25,NOOP,0.7,,,,,[0 -> 0 -> 0 -> 0 -> 0 -> 0 -> 0 -> 0 -> 0 -> 0 -> 0 -> 0 -> 0 -> 0 -> 0 -> 0 -> 0 -> 0 -> 0 -> 0 -> 0 -> 0 -> 0 -> 0 -> 0],[0 -> 0 -> 0 -> 0 -> 0 -> 0 -> 0 -> 0 -> 0 -> 0 -> 0 -> 0 -> 0 -> 0 -> 0 -> 0 -> 0 -> 0 -> 0 -> 0 -> 0 -> 0 -> 0 -> 0 -> 0],[6; 4; 2; 2; 1; 1],5.784,,,,FALSE,48.556,,,14,0.001,,,,,,,
chain,25,NOOP,0.7,,,,,[0 -> 0 -> 0 -> 0 -> 0 -> 0 -> 0 -> 0 -> 0 -> 0 -> 0 -> 0 -> 0 -> 0 -> 0 -> 0 -> 0 -> 0 -> 0 -> 0 -> 0 -> 0 -> 0 -> 0 -> 0],[0 -> 0 -> 0 -> 0 -> 0 -> 0 -> 0 -> 0 -> 0 -> 0 -> 0 -> 0 -> 0 -> 0 -> 0 -> 0 -> 0 -> 0 -> 0 -> 0 -> 0 -> 0 -> 0 -> 0 -> 0],[5; 1; 1; 1],5.52,,,,,,,,0,0.001,,,,,,,
chain,25,DELETE_CREATE,0.4,,,,,[0 -> 0 -> 0 -> 0 -> 0 -> 0 -> 0 -> 0 -> 0 -> 0 -> 0 -> 0 -> 0 -> 0 -> 0 -> 0 -> 0 -> 0 -> 0 -> 0 -> 0 -> 0 -> 0 -> 0 -> 0],[0 -> 0 -> 0 -> 0 -> 0 -> 0 -> 0 -> 0 -> 0 -> 0 -> 0 -> 0 -> 0 -> 0 -> 0 -> 0 -> 0 -> 0 -> 0 -> 0 -> 0 -> 0 -> 0 -> 0 -> 0],[4; 4; 3; 3; 3; 2; 2; 1; 1; 1; 1; 1; 1; 1; 1; 1; 1; 1; 1; 1],7.556,,,,FALSE,116.907,,,3,0.002,,,,,,,
chain,25,DELETE_CREATE,0.4,,,,,[0 -> 0 -> 0 -> 0 -> 0 -> 0 -> 0 -> 0 -> 0 -> 0 -> 0 -> 0 -> 0 -> 0 -> 0 -> 0 -> 0 -> 0 -> 0 -> 0 -> 0 -> 0 -> 0 -> 0 -> 0],[0 -> 0 -> 0 -> 0 -> 0 -> 0 -> 0 -> 0 -> 0 -> 0 -> 0 -> 0 -> 0 -> 0 -> 0 -> 0 -> 0 -> 0 -> 0 -> 0 -> 0 -> 0 -> 0 -> 0 -> 0],[4; 4; 3; 3; 3; 2; 1; 1; 1; 2; 2; 2; 1; 1; 1; 1; 1; 1; 1; 1; 1; 1; 1],5.692,,,,,,,,0,0.003,,,,,,,
chain,25,DELETE_CREATE,0.4,,,,,[0 -> 0 -> 0 -> 0 -> 0 -> 0 -> 0 -> 0 -> 0 -> 0 -> 0 -> 0 -> 0 -> 0 -> 0 -> 0 -> 0 -> 0 -> 0 -> 0 -> 0 -> 0 -> 0 -> 0 -> 0],[0 -> 0 -> 0 -> 0 -> 0 -> 0 -> 0 -> 0 -> 0 -> 0 -> 0 -> 0 -> 0 -> 0 -> 0 -> 0 -> 0 -> 0 -> 0 -> 0 -> 0 -> 0 -> 0 -> 0 -> 0],[5; 5; 3; 2; 1; 1; 1; 1; 1; 1; 1; 1; 1; 1; 1; 1; 1; 1; 1; 1; 1],5.688,,,,,,,,0,0.003,,,,,,,
chain,25,DELETE_CREATE,0.7,,,,,[0 -> 0 -> 0 -> 0 -> 0 -> 0 -> 0 -> 0 -> 0 -> 0 -> 0 -> 0 -> 0 -> 0 -> 0 -> 0 -> 0 -> 0 -> 0 -> 0 -> 0 -> 0 -> 0 -> 0 -> 0],[0 -> 0 -> 0 -> 0 -> 0 -> 0 -> 0 -> 0 -> 0 -> 0 -> 0 -> 0 -> 0 -> 0 -> 0 -> 0 -> 0 -> 0 -> 0 -> 0 -> 0 -> 0 -> 0 -> 0 -> 0],[3; 3; 3; 3; 3; 3; 2; 3; 3; 3; 2; 2; 2; 2; 2; 1; 1; 1; 1; 1],7.672,,,,FALSE,139.42,,,4,0.002,,,,,,,
chain,25,DELETE_CREATE,0.7,,,,,[0 -> 0 -> 0 -> 0 -> 0 -> 0 -> 0 -> 0 -> 0 -> 0 -> 0 -> 0 -> 0 -> 0 -> 0 -> 0 -> 0 -> 0 -> 0 -> 0 -> 0 -> 0 -> 0 -> 0 -> 0],[0 -> 0 -> 0 -> 0 -> 0 -> 0 -> 0 -> 0 -> 0 -> 0 -> 0 -> 0 -> 0 -> 0 -> 0 -> 0 -> 0 -> 0 -> 0 -> 0 -> 0 -> 0 -> 0 -> 0 -> 0],[2; 2; 1; 1; 1; 1; 1; 1; 1; 1; 1; 1; 1; 1; 1; 1; 1; 1; 1; 1; 1; 2; 2; 2; 2; 1; 1; 1; 1; 1; 1; 1; 1; 1; 1; 1; 1; 1; 1; 1; 1],5.584,,,,FALSE,134.216,,,2,0.004,,,,,,,
chain,25,DELETE_CREATE,0.7,,,,,[0 -> 0 -> 0 -> 0 -> 0 -> 0 -> 0 -> 0 -> 0 -> 0 -> 0 -> 0 -> 0 -> 0 -> 0 -> 0 -> 0 -> 0 -> 0 -> 0 -> 0 -> 0 -> 0 -> 0 -> 0],[0 -> 0 -> 0 -> 0 -> 0 -> 0 -> 0 -> 0 -> 0 -> 0 -> 0 -> 0 -> 0 -> 0 -> 0 -> 0 -> 0 -> 0 -> 0 -> 0 -> 0 -> 0 -> 0 -> 0 -> 0],[6; 6; 3; 4; 3; 1; 1; 1; 1; 1; 1; 1; 1; 1; 1; 1; 1; 1; 1],5.496,,,,FALSE,106.804,,,2,0.002,,,,,,,
chain,25,CREATE_DELETE,0.4,,,,,[0 -> 0 -> 0 -> 0 -> 0 -> 0 -> 0 -> 0 -> 0 -> 0 -> 0 -> 0 -> 0 -> 0 -> 0 -> 0 -> 0 -> 0 -> 0 -> 0 -> 0 -> 0 -> 0 -> 0 -> 0],[0 -> 0 -> 0 -> 0 -> 0 -> 0 -> 0 -> 0 -> 0 -> 0 -> 0 -> 0 -> 0 -> 0 -> 0 -> 0 -> 0 -> 0 -> 0 -> 0 -> 0 -> 0 -> 0 -> 0 -> 0],[5; 4; 5; 4; 1; 1; 1; 1; 1; 1; 1; 1; 1; 1; 1; 1; 1; 1; 1; 1; 1; 1; 1; 1; 1; 1; 1],7.54,,,,,,,,0,0.003,,,,,,,
chain,25,CREATE_DELETE,0.4,,,,,[0 -> 0 -> 0 -> 0 -> 0 -> 0 -> 0 -> 0 -> 0 -> 0 -> 0 -> 0 -> 0 -> 0 -> 0 -> 0 -> 0 -> 0 -> 0 -> 0 -> 0 -> 0 -> 0 -> 0 -> 0],[0 -> 0 -> 0 -> 0 -> 0 -> 0 -> 0 -> 0 -> 0 -> 0 -> 0 -> 0 -> 0 -> 0 -> 0 -> 0 -> 0 -> 0 -> 0 -> 0 -> 0 -> 0 -> 0 -> 0 -> 0],[5; 5; 3; 2; 2; 1; 1; 1; 1; 1; 1; 1; 1; 1; 1; 1; 1; 1; 1; 1; 1; 1],5.668,,,,,,,,0,0.002,,,,,,,
chain,25,CREATE_DELETE,0.4,,,,,[0 -> 0 -> 0 -> 0 -> 0 -> 0 -> 0 -> 0 -> 0 -> 0 -> 0 -> 0 -> 0 -> 0 -> 0 -> 0 -> 0 -> 0 -> 0 -> 0 -> 0 -> 0 -> 0 -> 0 -> 0],[0 -> 0 -> 0 -> 0 -> 0 -> 0 -> 0 -> 0 -> 0 -> 0 -> 0 -> 0 -> 0 -> 0 -> 0 -> 0 -> 0 -> 0 -> 0 -> 0 -> 0 -> 0 -> 0 -> 0 -> 0],[4; 3; 2; 2; 2; 2; 2; 1; 1; 1; 1; 1; 1; 2; 2; 1; 1; 1; 1; 1; 1; 1; 1; 1; 1; 1; 1; 1; 1; 1; 1; 1],5.756,,,,,,,,0,0.003,,,,,,,
chain,25,CREATE_DELETE,0.7,,,,,[0 -> 0 -> 0 -> 0 -> 0 -> 0 -> 0 -> 0 -> 0 -> 0 -> 0 -> 0 -> 0 -> 0 -> 0 -> 0 -> 0 -> 0 -> 0 -> 0 -> 0 -> 0 -> 0 -> 0 -> 0],[0 -> 0 -> 0 -> 0 -> 0 -> 0 -> 0 -> 0 -> 0 -> 0 -> 0 -> 0 -> 0 -> 0 -> 0 -> 0 -> 0 -> 0 -> 0 -> 0 -> 0 -> 0 -> 0 -> 0 -> 0],[3; 3; 3; 3; 3; 3; 3; 2; 2; 2; 2; 1; 1; 1; 1; 1; 1; 1; 1; 1; 1; 1; 1; 1; 1; 1; 1; 1],7.66,,,,,,,,0,0.006,,,,,,,
chain,25,CREATE_DELETE,0.7,,,,,[0 -> 0 -> 0 -> 0 -> 0 -> 0 -> 0 -> 0 -> 0 -> 0 -> 0 -> 0 -> 0 -> 0 -> 0 -> 0 -> 0 -> 0 -> 0 -> 0 -> 0 -> 0 -> 0 -> 0 -> 0],[0 -> 0 -> 0 -> 0 -> 0 -> 0 -> 0 -> 0 -> 0 -> 0 -> 0 -> 0 -> 0 -> 0 -> 0 -> 0 -> 0 -> 0 -> 0 -> 0 -> 0 -> 0 -> 0 -> 0 -> 0],[4; 4; 3; 3; 3; 1; 1; 1; 1; 1; 1; 1; 1; 1; 1; 1; 1; 1; 1; 1; 1; 1; 1; 1; 1; 1; 1; 1; 1; 1],5.632,,,,,,,,0,0.003,,,,,,,
chain,25,CREATE_DELETE,0.7,,,,,[0 -> 0 -> 0 -> 0 -> 0 -> 0 -> 0 -> 0 -> 0 -> 0 -> 0 -> 0 -> 0 -> 0 -> 0 -> 0 -> 0 -> 0 -> 0 -> 0 -> 0 -> 0 -> 0 -> 0 -> 0],[0 -> 0 -> 0 -> 0 -> 0 -> 0 -> 0 -> 0 -> 0 -> 0 -> 0 -> 0 -> 0 -> 0 -> 0 -> 0 -> 0 -> 0 -> 0 -> 0 -> 0 -> 0 -> 0 -> 0 -> 0],[3; 3; 2; 2; 2; 2; 2; 2; 2; 2; 1; 1; 1; 1; 1; 1; 1; 1; 1; 1; 1; 1; 1; 1; 1; 1; 1; 1; 1; 1],5.572,,,,,,,,0,0.003,,,,,,,
chain,30,UPDATE,0.4,,,,,[0 -> 0 -> 0 -> 0 -> 0 -> 0 -> 0 -> 0 -> 0 -> 0 -> 0 -> 0 -> 0 -> 0 -> 0 -> 0 -> 0 -> 0 -> 0 -> 0 -> 0 -> 0 -> 0 -> 0 -> 0 -> 0 -> 0 -> 0 -> 0 -> 0],[0 -> 0 -> 0 -> 0 -> 0 -> 0 -> 0 -> 0 -> 0 -> 0 -> 0 -> 0 -> 0 -> 0 -> 0 -> 0 -> 0 -> 0 -> 0 -> 0 -> 0 -> 0 -> 0 -> 0 -> 0 -> 0 -> 0 -> 0 -> 0 -> 0],[5; 5; 4; 4; 3; 3; 2; 2; 2; 1; 2; 1; 1; 1; 1; 1; 1; 1],22.98,,,,FALSE,429.391,,,3,0.005,,,,,,,
chain,30,UPDATE,0.4,,,,,[0 -> 0 -> 0 -> 0 -> 0 -> 0 -> 0 -> 0 -> 0 -> 0 -> 0 -> 0 -> 0 -> 0 -> 0 -> 0 -> 0 -> 0 -> 0 -> 0 -> 0 -> 0 -> 0 -> 0 -> 0 -> 0 -> 0 -> 0 -> 0 -> 0],[0 -> 0 -> 0 -> 0 -> 0 -> 0 -> 0 -> 0 -> 0 -> 0 -> 0 -> 0 -> 0 -> 0 -> 0 -> 0 -> 0 -> 0 -> 0 -> 0 -> 0 -> 0 -> 0 -> 0 -> 0 -> 0 -> 0 -> 0 -> 0 -> 0],[7; 6; 4; 3; 2; 1; 1; 1; 1; 1],18.048,,,,FALSE,249.311,,,1,0.001,,,,,,,
chain,30,UPDATE,0.4,,,,,[0 -> 0 -> 0 -> 0 -> 0 -> 0 -> 0 -> 0 -> 0 -> 0 -> 0 -> 0 -> 0 -> 0 -> 0 -> 0 -> 0 -> 0 -> 0 -> 0 -> 0 -> 0 -> 0 -> 0 -> 0 -> 0 -> 0 -> 0 -> 0 -> 0],[0 -> 0 -> 0 -> 0 -> 0 -> 0 -> 0 -> 0 -> 0 -> 0 -> 0 -> 0 -> 0 -> 0 -> 0 -> 0 -> 0 -> 0 -> 0 -> 0 -> 0 -> 0 -> 0 -> 0 -> 0 -> 0 -> 0 -> 0 -> 0 -> 0],[4; 4; 3; 3; 2; 2; 2; 1; 1; 1; 1; 1; 1; 1; 1; 1; 1; 1; 1; 1; 1; 1; 1; 1; 1; 1; 1; 1; 1],18.048,,,,FALSE,379.553,,,2,0.004,,,,,,,
chain,30,UPDATE,0.7,,,,,[0 -> 0 -> 0 -> 0 -> 0 -> 0 -> 0 -> 0 -> 0 -> 0 -> 0 -> 0 -> 0 -> 0 -> 0 -> 0 -> 0 -> 0 -> 0 -> 0 -> 0 -> 0 -> 0 -> 0 -> 0 -> 0 -> 0 -> 0 -> 0 -> 0],[0 -> 0 -> 0 -> 0 -> 0 -> 0 -> 0 -> 0 -> 0 -> 0 -> 0 -> 0 -> 0 -> 0 -> 0 -> 0 -> 0 -> 0 -> 0 -> 0 -> 0 -> 0 -> 0 -> 0 -> 0 -> 0 -> 0 -> 0 -> 0 -> 0],[6; 4; 4; 3; 3; 4; 4; 2; 1; 1],22.848,,,,FALSE,334.442,,,5,0.002,,,,,,,
chain,30,UPDATE,0.7,,,,,[0 -> 0 -> 0 -> 0 -> 0 -> 0 -> 0 -> 0 -> 0 -> 0 -> 0 -> 0 -> 0 -> 0 -> 0 -> 0 -> 0 -> 0 -> 0 -> 0 -> 0 -> 0 -> 0 -> 0 -> 0 -> 0 -> 0 -> 0 -> 0 -> 0],[0 -> 0 -> 0 -> 0 -> 0 -> 0 -> 0 -> 0 -> 0 -> 0 -> 0 -> 0 -> 0 -> 0 -> 0 -> 0 -> 0 -> 0 -> 0 -> 0 -> 0 -> 0 -> 0 -> 0 -> 0 -> 0 -> 0 -> 0 -> 0 -> 0],[3; 2; 2; 2; 2; 2; 2; 2; 1; 1; 1; 1; 1; 1; 1; 1; 1; 1; 1; 1; 1; 1; 1; 1],17.084,,,,FALSE,54.068,,,64,0.007,,,,,,,
chain,30,UPDATE,0.7,,,,,[0 -> 0 -> 0 -> 0 -> 0 -> 0 -> 0 -> 0 -> 0 -> 0 -> 0 -> 0 -> 0 -> 0 -> 0 -> 0 -> 0 -> 0 -> 0 -> 0 -> 0 -> 0 -> 0 -> 0 -> 0 -> 0 -> 0 -> 0 -> 0 -> 0],[0 -> 0 -> 0 -> 0 -> 0 -> 0 -> 0 -> 0 -> 0 -> 0 -> 0 -> 0 -> 0 -> 0 -> 0 -> 0 -> 0 -> 0 -> 0 -> 0 -> 0 -> 0 -> 0 -> 0 -> 0 -> 0 -> 0 -> 0 -> 0 -> 0],[2; 1; 1; 1; 1; 1; 1; 1; 1; 1; 1; 1; 1; 1; 1; 1; 1; 1; 1; 1; 1; 1; 1; 1; 1; 2; 2; 2; 2; 2; 1; 1; 1; 1],17.148,,,,FALSE,318.571,,,4,0.005,,,,,,,
chain,30,NOOP,0.4,,,,,[0 -> 0 -> 0 -> 0 -> 0 -> 0 -> 0 -> 0 -> 0 -> 0 -> 0 -> 0 -> 0 -> 0 -> 0 -> 0 -> 0 -> 0 -> 0 -> 0 -> 0 -> 0 -> 0 -> 0 -> 0 -> 0 -> 0 -> 0 -> 0 -> 0],[0 -> 0 -> 0 -> 0 -> 0 -> 0 -> 0 -> 0 -> 0 -> 0 -> 0 -> 0 -> 0 -> 0 -> 0 -> 0 -> 0 -> 0 -> 0 -> 0 -> 0 -> 0 -> 0 -> 0 -> 0 -> 0 -> 0 -> 0 -> 0 -> 0],[5; 3; 3; 2; 2; 2; 2; 1; 1; 1; 1; 1; 1; 1; 1; 1],23.324,,,,,,,,0,0.003,,,,,,,
chain,30,NOOP,0.4,,,,,[0 -> 0 -> 0 -> 0 -> 0 -> 0 -> 0 -> 0 -> 0 -> 0 -> 0 -> 0 -> 0 -> 0 -> 0 -> 0 -> 0 -> 0 -> 0 -> 0 -> 0 -> 0 -> 0 -> 0 -> 0 -> 0 -> 0 -> 0 -> 0 -> 0],[0 -> 0 -> 0 -> 0 -> 0 -> 0 -> 0 -> 0 -> 0 -> 0 -> 0 -> 0 -> 0 -> 0 -> 0 -> 0 -> 0 -> 0 -> 0 -> 0 -> 0 -> 0 -> 0 -> 0 -> 0 -> 0 -> 0 -> 0 -> 0 -> 0],[6; 5; 5; 2; 2; 2; 1; 2; 1; 1; 1],18.012,,,,FALSE,257.21,,,1,0.002,,,,,,,
chain,30,NOOP,0.4,,,,,[0 -> 0 -> 0 -> 0 -> 0 -> 0 -> 0 -> 0 -> 0 -> 0 -> 0 -> 0 -> 0 -> 0 -> 0 -> 0 -> 0 -> 0 -> 0 -> 0 -> 0 -> 0 -> 0 -> 0 -> 0 -> 0 -> 0 -> 0 -> 0 -> 0],[0 -> 0 -> 0 -> 0 -> 0 -> 0 -> 0 -> 0 -> 0 -> 0 -> 0 -> 0 -> 0 -> 0 -> 0 -> 0 -> 0 -> 0 -> 0 -> 0 -> 0 -> 0 -> 0 -> 0 -> 0 -> 0 -> 0 -> 0 -> 0 -> 0],[9; 6; 3; 2; 1; 1; 1; 1; 1; 1],18.1,,,,,,,,0,0.001,,,,,,,
chain,30,NOOP,0.7,,,,,[0 -> 0 -> 0 -> 0 -> 0 -> 0 -> 0 -> 0 -> 0 -> 0 -> 0 -> 0 -> 0 -> 0 -> 0 -> 0 -> 0 -> 0 -> 0 -> 0 -> 0 -> 0 -> 0 -> 0 -> 0 -> 0 -> 0 -> 0 -> 0 -> 0],[0 -> 0 -> 0 -> 0 -> 0 -> 0 -> 0 -> 0 -> 0 -> 0 -> 0 -> 0 -> 0 -> 0 -> 0 -> 0 -> 0 -> 0 -> 0 -> 0 -> 0 -> 0 -> 0 -> 0 -> 0 -> 0 -> 0 -> 0 -> 0 -> 0],[7; 5; 2; 1; 1; 1; 1],23.056,,,,FALSE,222.723,,,7,0.001,,,,,,,
chain,30,NOOP,0.7,,,,,[0 -> 0 -> 0 -> 0 -> 0 -> 0 -> 0 -> 0 -> 0 -> 0 -> 0 -> 0 -> 0 -> 0 -> 0 -> 0 -> 0 -> 0 -> 0 -> 0 -> 0 -> 0 -> 0 -> 0 -> 0 -> 0 -> 0 -> 0 -> 0 -> 0],[0 -> 0 -> 0 -> 0 -> 0 -> 0 -> 0 -> 0 -> 0 -> 0 -> 0 -> 0 -> 0 -> 0 -> 0 -> 0 -> 0 -> 0 -> 0 -> 0 -> 0 -> 0 -> 0 -> 0 -> 0 -> 0 -> 0 -> 0 -> 0 -> 0],[5; 2; 2; 1; 1; 1],17.904,,,,,,,,0,0.001,,,,,,,
chain,30,NOOP,0.7,,,,,[0 -> 0 -> 0 -> 0 -> 0 -> 0 -> 0 -> 0 -> 0 -> 0 -> 0 -> 0 -> 0 -> 0 -> 0 -> 0 -> 0 -> 0 -> 0 -> 0 -> 0 -> 0 -> 0 -> 0 -> 0 -> 0 -> 0 -> 0 -> 0 -> 0],[0 -> 0 -> 0 -> 0 -> 0 -> 0 -> 0 -> 0 -> 0 -> 0 -> 0 -> 0 -> 0 -> 0 -> 0 -> 0 -> 0 -> 0 -> 0 -> 0 -> 0 -> 0 -> 0 -> 0 -> 0 -> 0 -> 0 -> 0 -> 0 -> 0],[7; 3; 2; 1; 1; 1; 1],17.176,,,,,,,,0,0.001,,,,,,,
chain,30,DELETE_CREATE,0.4,,,,,[0 -> 0 -> 0 -> 0 -> 0 -> 0 -> 0 -> 0 -> 0 -> 0 -> 0 -> 0 -> 0 -> 0 -> 0 -> 0 -> 0 -> 0 -> 0 -> 0 -> 0 -> 0 -> 0 -> 0 -> 0 -> 0 -> 0 -> 0 -> 0 -> 0],[0 -> 0 -> 0 -> 0 -> 0 -> 0 -> 0 -> 0 -> 0 -> 0 -> 0 -> 0 -> 0 -> 0 -> 0 -> 0 -> 0 -> 0 -> 0 -> 0 -> 0 -> 0 -> 0 -> 0 -> 0 -> 0 -> 0 -> 0 -> 0 -> 0],[6; 6; 4; 4; 3; 3; 2; 1; 1; 1; 1; 1; 1; 1; 1; 1; 1; 1; 1; 1; 1; 1; 1; 1],23.168,,,,,,,,0,0.003,,,,,,,
chain,30,DELETE_CREATE,0.4,,,,,[0 -> 0 -> 0 -> 0 -> 0 -> 0 -> 0 -> 0 -> 0 -> 0 -> 0 -> 0 -> 0 -> 0 -> 0 -> 0 -> 0 -> 0 -> 0 -> 0 -> 0 -> 0 -> 0 -> 0 -> 0 -> 0 -> 0 -> 0 -> 0 -> 0],[0 -> 0 -> 0 -> 0 -> 0 -> 0 -> 0 -> 0 -> 0 -> 0 -> 0 -> 0 -> 0 -> 0 -> 0 -> 0 -> 0 -> 0 -> 0 -> 0 -> 0 -> 0 -> 0 -> 0 -> 0 -> 0 -> 0 -> 0 -> 0 -> 0],[7; 5; 3; 3; 1; 1; 1; 1; 2; 2; 1; 1; 1; 1; 1; 1; 1; 1; 1; 1; 1; 1; 1; 1; 1],17.28,,,,,,,,0,0.003,,,,,,,
chain,30,DELETE_CREATE,0.4,,,,,[0 -> 0 -> 0 -> 0 -> 0 -> 0 -> 0 -> 0 -> 0 -> 0 -> 0 -> 0 -> 0 -> 0 -> 0 -> 0 -> 0 -> 0 -> 0 -> 0 -> 0 -> 0 -> 0 -> 0 -> 0 -> 0 -> 0 -> 0 -> 0 -> 0],[0 -> 0 -> 0 -> 0 -> 0 -> 0 -> 0 -> 0 -> 0 -> 0 -> 0 -> 0 -> 0 -> 0 -> 0 -> 0 -> 0 -> 0 -> 0 -> 0 -> 0 -> 0 -> 0 -> 0 -> 0 -> 0 -> 0 -> 0 -> 0 -> 0],[5; 4; 4; 3; 3; 2; 3; 2; 2; 1; 1; 1; 1; 1; 1; 1; 1; 1],17.492,,,,FALSE,310.678,,,13,0.003,,,,,,,
chain,30,DELETE_CREATE,0.7,,,,,[0 -> 0 -> 0 -> 0 -> 0 -> 0 -> 0 -> 0 -> 0 -> 0 -> 0 -> 0 -> 0 -> 0 -> 0 -> 0 -> 0 -> 0 -> 0 -> 0 -> 0 -> 0 -> 0 -> 0 -> 0 -> 0 -> 0 -> 0 -> 0 -> 0],[0 -> 0 -> 0 -> 0 -> 0 -> 0 -> 0 -> 0 -> 0 -> 0 -> 0 -> 0 -> 0 -> 0 -> 0 -> 0 -> 0 -> 0 -> 0 -> 0 -> 0 -> 0 -> 0 -> 0 -> 0 -> 0 -> 0 -> 0 -> 0 -> 0],[2; 2; 3; 3; 2; 2; 2; 2; 2; 2; 1; 1; 1; 1; 1; 2; 2; 2; 2; 2; 2; 2; 2; 2; 2; 1; 1; 1],23.128,,,,FALSE,360.894,,,32,0.006,,,,,,,
chain,30,DELETE_CREATE,0.7,,,,,[0 -> 0 -> 0 -> 0 -> 0 -> 0 -> 0 -> 0 -> 0 -> 0 -> 0 -> 0 -> 0 -> 0 -> 0 -> 0 -> 0 -> 0 -> 0 -> 0 -> 0 -> 0 -> 0 -> 0 -> 0 -> 0 -> 0 -> 0 -> 0 -> 0],[0 -> 0 -> 0 -> 0 -> 0 -> 0 -> 0 -> 0 -> 0 -> 0 -> 0 -> 0 -> 0 -> 0 -> 0 -> 0 -> 0 -> 0 -> 0 -> 0 -> 0 -> 0 -> 0 -> 0 -> 0 -> 0 -> 0 -> 0 -> 0 -> 0],[3; 2; 2; 1; 1; 1; 1; 1; 1; 1; 1; 1; 1; 1; 1; 1; 1; 1; 1; 1; 1; 1; 1; 1; 1; 2; 1; 1; 1; 1; 1; 1; 1; 1; 1; 1; 1; 1; 1; 1; 1; 1; 1; 1; 1; 1; 1; 1; 1],17.244,,,,,,,,0,0.006,,,,,,,
chain,30,DELETE_CREATE,0.7,,,,,[0 -> 0 -> 0 -> 0 -> 0 -> 0 -> 0 -> 0 -> 0 -> 0 -> 0 -> 0 -> 0 -> 0 -> 0 -> 0 -> 0 -> 0 -> 0 -> 0 -> 0 -> 0 -> 0 -> 0 -> 0 -> 0 -> 0 -> 0 -> 0 -> 0],[0 -> 0 -> 0 -> 0 -> 0 -> 0 -> 0 -> 0 -> 0 -> 0 -> 0 -> 0 -> 0 -> 0 -> 0 -> 0 -> 0 -> 0 -> 0 -> 0 -> 0 -> 0 -> 0 -> 0 -> 0 -> 0 -> 0 -> 0 -> 0 -> 0],[2; 2; 2; 2; 2; 2; 2; 2; 2; 2; 2; 2; 2; 1; 2; 2; 2; 2; 2; 2; 2; 2; 2; 2; 2; 1; 1; 1],17.628,,,,,,,,0,0.003,,,,,,,
chain,30,CREATE_DELETE,0.4,,,,,[0 -> 0 -> 0 -> 0 -> 0 -> 0 -> 0 -> 0 -> 0 -> 0 -> 0 -> 0 -> 0 -> 0 -> 0 -> 0 -> 0 -> 0 -> 0 -> 0 -> 0 -> 0 -> 0 -> 0 -> 0 -> 0 -> 0 -> 0 -> 0 -> 0],[0 -> 0 -> 0 -> 0 -> 0 -> 0 -> 0 -> 0 -> 0 -> 0 -> 0 -> 0 -> 0 -> 0 -> 0 -> 0 -> 0 -> 0 -> 0 -> 0 -> 0 -> 0 -> 0 -> 0 -> 0 -> 0 -> 0 -> 0 -> 0 -> 0],[5; 4; 4; 3; 3; 4; 3; 1; 1; 1; 1; 1; 1; 1; 1; 1; 1; 1; 1; 1; 1; 1],22.92,,,,,,,,0,0.004,,,,,,,
chain,30,CREATE_DELETE,0.4,,,,,[0 -> 0 -> 0 -> 0 -> 0 -> 0 -> 0 -> 0 -> 0 -> 0 -> 0 -> 0 -> 0 -> 0 -> 0 -> 0 -> 0 -> 0 -> 0 -> 0 -> 0 -> 0 -> 0 -> 0 -> 0 -> 0 -> 0 -> 0 -> 0 -> 0],[0 -> 0 -> 0 -> 0 -> 0 -> 0 -> 0 -> 0 -> 0 -> 0 -> 0 -> 0 -> 0 -> 0 -> 0 -> 0 -> 0 -> 0 -> 0 -> 0 -> 0 -> 0 -> 0 -> 0 -> 0 -> 0 -> 0 -> 0 -> 0 -> 0],[5; 3; 3; 1; 1; 1; 1; 1; 1; 1; 1; 1; 1; 1; 1; 1; 1; 2; 2; 1; 1; 1; 1; 1; 1; 1; 1; 1; 1; 1; 1],17.304,,,,FALSE,357.681,,,8,0.004,,,,,,,
chain,30,CREATE_DELETE,0.4,,,,,[0 -> 0 -> 0 -> 0 -> 0 -> 0 -> 0 -> 0 -> 0 -> 0 -> 0 -> 0 -> 0 -> 0 -> 0 -> 0 -> 0 -> 0 -> 0 -> 0 -> 0 -> 0 -> 0 -> 0 -> 0 -> 0 -> 0 -> 0 -> 0 -> 0],[0 -> 0 -> 0 -> 0 -> 0 -> 0 -> 0 -> 0 -> 0 -> 0 -> 0 -> 0 -> 0 -> 0 -> 0 -> 0 -> 0 -> 0 -> 0 -> 0 -> 0 -> 0 -> 0 -> 0 -> 0 -> 0 -> 0 -> 0 -> 0 -> 0],[7; 5; 4; 3; 2; 2; 2; 1; 1; 1; 1; 1; 1; 1; 1; 1; 1; 1; 1; 1; 1; 1],16.908,,,,,,,,0,0.003,,,,,,,
chain,30,CREATE_DELETE,0.7,,,,,[0 -> 0 -> 0 -> 0 -> 0 -> 0 -> 0 -> 0 -> 0 -> 0 -> 0 -> 0 -> 0 -> 0 -> 0 -> 0 -> 0 -> 0 -> 0 -> 0 -> 0 -> 0 -> 0 -> 0 -> 0 -> 0 -> 0 -> 0 -> 0 -> 0],[0 -> 0 -> 0 -> 0 -> 0 -> 0 -> 0 -> 0 -> 0 -> 0 -> 0 -> 0 -> 0 -> 0 -> 0 -> 0 -> 0 -> 0 -> 0 -> 0 -> 0 -> 0 -> 0 -> 0 -> 0 -> 0 -> 0 -> 0 -> 0 -> 0],[2; 2; 2; 2; 2; 2; 2; 2; 2; 2; 2; 2; 2; 2; 1; 1; 1; 1; 1; 1; 1; 1; 1; 1; 1; 1; 1; 1; 1; 1; 1; 1; 1; 1; 1; 1; 1; 1; 1; 1; 1; 1],22.912,,,,,,,,0,0.009,,,,,,,
chain,30,CREATE_DELETE,0.7,,,,,[0 -> 0 -> 0 -> 0 -> 0 -> 0 -> 0 -> 0 -> 0 -> 0 -> 0 -> 0 -> 0 -> 0 -> 0 -> 0 -> 0 -> 0 -> 0 -> 0 -> 0 -> 0 -> 0 -> 0 -> 0 -> 0 -> 0 -> 0 -> 0 -> 0],[0 -> 0 -> 0 -> 0 -> 0 -> 0 -> 0 -> 0 -> 0 -> 0 -> 0 -> 0 -> 0 -> 0 -> 0 -> 0 -> 0 -> 0 -> 0 -> 0 -> 0 -> 0 -> 0 -> 0 -> 0 -> 0 -> 0 -> 0 -> 0 -> 0],[4; 4; 4; 3; 3; 3; 2; 1; 1; 1; 1; 1; 1; 1; 1; 1; 1; 1; 1; 1; 1; 1; 1; 1; 1; 1; 1; 1; 1; 1; 1; 1; 1; 1; 1; 1],17.252,,,,,,,,0,0.004,,,,,,,
chain,30,CREATE_DELETE,0.7,,,,,[0 -> 0 -> 0 -> 0 -> 0 -> 0 -> 0 -> 0 -> 0 -> 0 -> 0 -> 0 -> 0 -> 0 -> 0 -> 0 -> 0 -> 0 -> 0 -> 0 -> 0 -> 0 -> 0 -> 0 -> 0 -> 0 -> 0 -> 0 -> 0 -> 0],[0 -> 0 -> 0 -> 0 -> 0 -> 0 -> 0 -> 0 -> 0 -> 0 -> 0 -> 0 -> 0 -> 0 -> 0 -> 0 -> 0 -> 0 -> 0 -> 0 -> 0 -> 0 -> 0 -> 0 -> 0 -> 0 -> 0 -> 0 -> 0 -> 0],[2; 2; 2; 1; 1; 1; 1; 1; 1; 1; 1; 1; 1; 1; 1; 1; 1; 1; 1; 1; 1; 1; 1; 1; 1; 1; 1; 1; 1; 1; 1; 1; 1; 1; 1; 1; 1; 1; 1; 1; 1; 1; 1; 1; 1; 1; 1; 1; 1; 1],17.292,,,,,,,,0,0.011,,,,,,,
chain,40,UPDATE,0.4,,,,,[0 -> 0 -> 0 -> 0 -> 0 -> 0 -> 0 -> 0 -> 0 -> 0 -> 0 -> 0 -> 0 -> 0 -> 0 -> 0 -> 0 -> 0 -> 0 -> 0 -> 0 -> 0 -> 0 -> 0 -> 0 -> 0 -> 0 -> 0 -> 0 -> 0 -> 0 -> 0 -> 0 -> 0 -> 0 -> 0 -> 0 -> 0 -> 0 -> 0],[0 -> 0 -> 0 -> 0 -> 0 -> 0 -> 0 -> 0 -> 0 -> 0 -> 0 -> 0 -> 0 -> 0 -> 0 -> 0 -> 0 -> 0 -> 0 -> 0 -> 0 -> 0 -> 0 -> 0 -> 0 -> 0 -> 0 -> 0 -> 0 -> 0 -> 0 -> 0 -> 0 -> 0 -> 0 -> 0 -> 0 -> 0 -> 0 -> 0],[7; 6; 6; 4; 4; 2; 2; 1; 1; 2; 2; 2; 2; 1; 1; 1; 1; 1; 1; 1; 1; 1; 1],94.368,,,,,,,,0,0.004,,,,,,,
chain,40,UPDATE,0.4,,,,,[0 -> 0 -> 0 -> 0 -> 0 -> 0 -> 0 -> 0 -> 0 -> 0 -> 0 -> 0 -> 0 -> 0 -> 0 -> 0 -> 0 -> 0 -> 0 -> 0 -> 0 -> 0 -> 0 -> 0 -> 0 -> 0 -> 0 -> 0 -> 0 -> 0 -> 0 -> 0 -> 0 -> 0 -> 0 -> 0 -> 0 -> 0 -> 0 -> 0],[0 -> 0 -> 0 -> 0 -> 0 -> 0 -> 0 -> 0 -> 0 -> 0 -> 0 -> 0 -> 0 -> 0 -> 0 -> 0 -> 0 -> 0 -> 0 -> 0 -> 0 -> 0 -> 0 -> 0 -> 0 -> 0 -> 0 -> 0 -> 0 -> 0 -> 0 -> 0 -> 0 -> 0 -> 0 -> 0 -> 0 -> 0 -> 0 -> 0],[6; 5; 4; 4; 3; 3; 2; 2; 2; 2; 2; 1; 1; 1; 1; 1; 1; 1; 1; 1; 1; 1; 1; 1; 1; 1; 1; 1; 1; 1],103.708,,,,,,,,0,0.005,,,,,,,
chain,40,UPDATE,0.4,,,,,[0 -> 0 -> 0 -> 0 -> 0 -> 0 -> 0 -> 0 -> 0 -> 0 -> 0 -> 0 -> 0 -> 0 -> 0 -> 0 -> 0 -> 0 -> 0 -> 0 -> 0 -> 0 -> 0 -> 0 -> 0 -> 0 -> 0 -> 0 -> 0 -> 0 -> 0 -> 0 -> 0 -> 0 -> 0 -> 0 -> 0 -> 0 -> 0 -> 0],[0 -> 0 -> 0 -> 0 -> 0 -> 0 -> 0 -> 0 -> 0 -> 0 -> 0 -> 0 -> 0 -> 0 -> 0 -> 0 -> 0 -> 0 -> 0 -> 0 -> 0 -> 0 -> 0 -> 0 -> 0 -> 0 -> 0 -> 0 -> 0 -> 0 -> 0 -> 0 -> 0 -> 0 -> 0 -> 0 -> 0 -> 0 -> 0 -> 0],[8; 7; 5; 5; 2; 3; 2; 2; 2; 1; 1; 1; 1; 1; 1; 1; 1; 1; 1; 1],102.612,,,,,,,,5,0.004,,,,,,,
chain,40,UPDATE,0.7,,,,,[0 -> 0 -> 0 -> 0 -> 0 -> 0 -> 0 -> 0 -> 0 -> 0 -> 0 -> 0 -> 0 -> 0 -> 0 -> 0 -> 0 -> 0 -> 0 -> 0 -> 0 -> 0 -> 0 -> 0 -> 0 -> 0 -> 0 -> 0 -> 0 -> 0 -> 0 -> 0 -> 0 -> 0 -> 0 -> 0 -> 0 -> 0 -> 0 -> 0],[0 -> 0 -> 0 -> 0 -> 0 -> 0 -> 0 -> 0 -> 0 -> 0 -> 0 -> 0 -> 0 -> 0 -> 0 -> 0 -> 0 -> 0 -> 0 -> 0 -> 0 -> 0 -> 0 -> 0 -> 0 -> 0 -> 0 -> 0 -> 0 -> 0 -> 0 -> 0 -> 0 -> 0 -> 0 -> 0 -> 0 -> 0 -> 0 -> 0],[4; 4; 4; 5; 3; 3; 1; 1; 1; 1; 1; 1; 1; 1; 1; 1; 1; 1; 2; 2; 1; 1; 1; 1; 1; 1; 1],93.6,,,,,,,,0,0.006,,,,,,,
chain,40,UPDATE,0.7,,,,,[0 -> 0 -> 0 -> 0 -> 0 -> 0 -> 0 -> 0 -> 0 -> 0 -> 0 -> 0 -> 0 -> 0 -> 0 -> 0 -> 0 -> 0 -> 0 -> 0 -> 0 -> 0 -> 0 -> 0 -> 0 -> 0 -> 0 -> 0 -> 0 -> 0 -> 0 -> 0 -> 0 -> 0 -> 0 -> 0 -> 0 -> 0 -> 0 -> 0],[0 -> 0 -> 0 -> 0 -> 0 -> 0 -> 0 -> 0 -> 0 -> 0 -> 0 -> 0 -> 0 -> 0 -> 0 -> 0 -> 0 -> 0 -> 0 -> 0 -> 0 -> 0 -> 0 -> 0 -> 0 -> 0 -> 0 -> 0 -> 0 -> 0 -> 0 -> 0 -> 0 -> 0 -> 0 -> 0 -> 0 -> 0 -> 0 -> 0],[6; 6; 5; 3; 3; 3; 2; 2; 2; 3; 2; 1; 1; 1],98.84,,,,,,,,0,0.004,,,,,,,
chain,40,UPDATE,0.7,,,,,[0 -> 0 -> 0 -> 0 -> 0 -> 0 -> 0 -> 0 -> 0 -> 0 -> 0 -> 0 -> 0 -> 0 -> 0 -> 0 -> 0 -> 0 -> 0 -> 0 -> 0 -> 0 -> 0 -> 0 -> 0 -> 0 -> 0 -> 0 -> 0 -> 0 -> 0 -> 0 -> 0 -> 0 -> 0 -> 0 -> 0 -> 0 -> 0 -> 0],[0 -> 0 -> 0 -> 0 -> 0 -> 0 -> 0 -> 0 -> 0 -> 0 -> 0 -> 0 -> 0 -> 0 -> 0 -> 0 -> 0 -> 0 -> 0 -> 0 -> 0 -> 0 -> 0 -> 0 -> 0 -> 0 -> 0 -> 0 -> 0 -> 0 -> 0 -> 0 -> 0 -> 0 -> 0 -> 0 -> 0 -> 0 -> 0 -> 0],[4; 4; 4; 2; 2; 2; 3; 2; 1; 1; 1; 1; 1; 1; 1; 1; 1; 1; 1; 1; 1; 1; 1; 1; 1; 1; 1; 1; 1; 1; 1; 1; 1],101.848,,,,,,,,0,0.006,,,,,,,
chain,40,NOOP,0.4,,,,,[0 -> 0 -> 0 -> 0 -> 0 -> 0 -> 0 -> 0 -> 0 -> 0 -> 0 -> 0 -> 0 -> 0 -> 0 -> 0 -> 0 -> 0 -> 0 -> 0 -> 0 -> 0 -> 0 -> 0 -> 0 -> 0 -> 0 -> 0 -> 0 -> 0 -> 0 -> 0 -> 0 -> 0 -> 0 -> 0 -> 0 -> 0 -> 0 -> 0],[0 -> 0 -> 0 -> 0 -> 0 -> 0 -> 0 -> 0 -> 0 -> 0 -> 0 -> 0 -> 0 -> 0 -> 0 -> 0 -> 0 -> 0 -> 0 -> 0 -> 0 -> 0 -> 0 -> 0 -> 0 -> 0 -> 0 -> 0 -> 0 -> 0 -> 0 -> 0 -> 0 -> 0 -> 0 -> 0 -> 0 -> 0 -> 0 -> 0],[13; 7; 3; 2; 2; 1; 1; 1; 1; 1; 1; 1; 1; 1; 1; 1; 1; 1; 1; 1],98.868,,,,,,,,2,0.004,,,,,,,
chain,40,NOOP,0.4,,,,,[0 -> 0 -> 0 -> 0 -> 0 -> 0 -> 0 -> 0 -> 0 -> 0 -> 0 -> 0 -> 0 -> 0 -> 0 -> 0 -> 0 -> 0 -> 0 -> 0 -> 0 -> 0 -> 0 -> 0 -> 0 -> 0 -> 0 -> 0 -> 0 -> 0 -> 0 -> 0 -> 0 -> 0 -> 0 -> 0 -> 0 -> 0 -> 0 -> 0],[0 -> 0 -> 0 -> 0 -> 0 -> 0 -> 0 -> 0 -> 0 -> 0 -> 0 -> 0 -> 0 -> 0 -> 0 -> 0 -> 0 -> 0 -> 0 -> 0 -> 0 -> 0 -> 0 -> 0 -> 0 -> 0 -> 0 -> 0 -> 0 -> 0 -> 0 -> 0 -> 0 -> 0 -> 0 -> 0 -> 0 -> 0 -> 0 -> 0],[12; 9; 5; 2; 1; 1; 1; 1; 1; 1; 1; 1; 1; 1],99.936,,,,,,,,0,0.003,,,,,,,
chain,40,NOOP,0.4,,,,,[0 -> 0 -> 0 -> 0 -> 0 -> 0 -> 0 -> 0 -> 0 -> 0 -> 0 -> 0 -> 0 -> 0 -> 0 -> 0 -> 0 -> 0 -> 0 -> 0 -> 0 -> 0 -> 0 -> 0 -> 0 -> 0 -> 0 -> 0 -> 0 -> 0 -> 0 -> 0 -> 0 -> 0 -> 0 -> 0 -> 0 -> 0 -> 0 -> 0],[0 -> 0 -> 0 -> 0 -> 0 -> 0 -> 0 -> 0 -> 0 -> 0 -> 0 -> 0 -> 0 -> 0 -> 0 -> 0 -> 0 -> 0 -> 0 -> 0 -> 0 -> 0 -> 0 -> 0 -> 0 -> 0 -> 0 -> 0 -> 0 -> 0 -> 0 -> 0 -> 0 -> 0 -> 0 -> 0 -> 0 -> 0 -> 0 -> 0],[9; 7; 4; 4; 4; 2; 1; 1; 1; 1; 1; 1; 1; 1; 1; 1; 1; 1; 1; 1; 1; 1; 1; 1; 1],102.584,,,,,,,,0,0.005,,,,,,,
chain,40,NOOP,0.7,,,,,[0 -> 0 -> 0 -> 0 -> 0 -> 0 -> 0 -> 0 -> 0 -> 0 -> 0 -> 0 -> 0 -> 0 -> 0 -> 0 -> 0 -> 0 -> 0 -> 0 -> 0 -> 0 -> 0 -> 0 -> 0 -> 0 -> 0 -> 0 -> 0 -> 0 -> 0 -> 0 -> 0 -> 0 -> 0 -> 0 -> 0 -> 0 -> 0 -> 0],[0 -> 0 -> 0 -> 0 -> 0 -> 0 -> 0 -> 0 -> 0 -> 0 -> 0 -> 0 -> 0 -> 0 -> 0 -> 0 -> 0 -> 0 -> 0 -> 0 -> 0 -> 0 -> 0 -> 0 -> 0 -> 0 -> 0 -> 0 -> 0 -> 0 -> 0 -> 0 -> 0 -> 0 -> 0 -> 0 -> 0 -> 0 -> 0 -> 0],[9; 3; 2; 1; 1; 1; 1; 1; 1],94.644,,,,,,,,0,0.002,,,,,,,
chain,40,NOOP,0.7,,,,,[0 -> 0 -> 0 -> 0 -> 0 -> 0 -> 0 -> 0 -> 0 -> 0 -> 0 -> 0 -> 0 -> 0 -> 0 -> 0 -> 0 -> 0 -> 0 -> 0 -> 0 -> 0 -> 0 -> 0 -> 0 -> 0 -> 0 -> 0 -> 0 -> 0 -> 0 -> 0 -> 0 -> 0 -> 0 -> 0 -> 0 -> 0 -> 0 -> 0],[0 -> 0 -> 0 -> 0 -> 0 -> 0 -> 0 -> 0 -> 0 -> 0 -> 0 -> 0 -> 0 -> 0 -> 0 -> 0 -> 0 -> 0 -> 0 -> 0 -> 0 -> 0 -> 0 -> 0 -> 0 -> 0 -> 0 -> 0 -> 0 -> 0 -> 0 -> 0 -> 0 -> 0 -> 0 -> 0 -> 0 -> 0 -> 0 -> 0],[10; 1; 1; 1; 1],100.392,,,,,,,,0,0.001,,,,,,,
chain,40,NOOP,0.7,,,,,[0 -> 0 -> 0 -> 0 -> 0 -> 0 -> 0 -> 0 -> 0 -> 0 -> 0 -> 0 -> 0 -> 0 -> 0 -> 0 -> 0 -> 0 -> 0 -> 0 -> 0 -> 0 -> 0 -> 0 -> 0 -> 0 -> 0 -> 0 -> 0 -> 0 -> 0 -> 0 -> 0 -> 0 -> 0 -> 0 -> 0 -> 0 -> 0 -> 0],[0 -> 0 -> 0 -> 0 -> 0 -> 0 -> 0 -> 0 -> 0 -> 0 -> 0 -> 0 -> 0 -> 0 -> 0 -> 0 -> 0 -> 0 -> 0 -> 0 -> 0 -> 0 -> 0 -> 0 -> 0 -> 0 -> 0 -> 0 -> 0 -> 0 -> 0 -> 0 -> 0 -> 0 -> 0 -> 0 -> 0 -> 0 -> 0 -> 0],[9; 3; 1; 1; 1],100.264,,,,,,,,6,0.002,,,,,,,
chain,40,DELETE_CREATE,0.4,,,,,[0 -> 0 -> 0 -> 0 -> 0 -> 0 -> 0 -> 0 -> 0 -> 0 -> 0 -> 0 -> 0 -> 0 -> 0 -> 0 -> 0 -> 0 -> 0 -> 0 -> 0 -> 0 -> 0 -> 0 -> 0 -> 0 -> 0 -> 0 -> 0 -> 0 -> 0 -> 0 -> 0 -> 0 -> 0 -> 0 -> 0 -> 0 -> 0 -> 0],[0 -> 0 -> 0 -> 0 -> 0 -> 0 -> 0 -> 0 -> 0 -> 0 -> 0 -> 0 -> 0 -> 0 -> 0 -> 0 -> 0 -> 0 -> 0 -> 0 -> 0 -> 0 -> 0 -> 0 -> 0 -> 0 -> 0 -> 0 -> 0 -> 0 -> 0 -> 0 -> 0 -> 0 -> 0 -> 0 -> 0 -> 0 -> 0 -> 0],[6; 5; 5; 6; 3; 3; 3; 2; 2; 3; 2; 1; 1; 1; 1; 1; 1; 1; 1; 1; 1; 1; 1; 1; 1; 1; 1; 1; 1],104.14,,,,,,,,7,0.006,,,,,,,
chain,40,DELETE_CREATE,0.4,,,,,[0 -> 0 -> 0 -> 0 -> 0 -> 0 -> 0 -> 0 -> 0 -> 0 -> 0 -> 0 -> 0 -> 0 -> 0 -> 0 -> 0 -> 0 -> 0 -> 0 -> 0 -> 0 -> 0 -> 0 -> 0 -> 0 -> 0 -> 0 -> 0 -> 0 -> 0 -> 0 -> 0 -> 0 -> 0 -> 0 -> 0 -> 0 -> 0 -> 0],[0 -> 0 -> 0 -> 0 -> 0 -> 0 -> 0 -> 0 -> 0 -> 0 -> 0 -> 0 -> 0 -> 0 -> 0 -> 0 -> 0 -> 0 -> 0 -> 0 -> 0 -> 0 -> 0 -> 0 -> 0 -> 0 -> 0 -> 0 -> 0 -> 0 -> 0 -> 0 -> 0 -> 0 -> 0 -> 0 -> 0 -> 0 -> 0 -> 0],[7; 3; 3; 3; 3; 3; 1; 1; 1; 1; 1; 1; 1; 1; 1; 1; 1; 2; 1; 1; 1; 1; 1; 1; 1; 1; 1; 1; 1; 1; 1; 1; 1; 1; 1; 1; 1; 1; 1],101.512,,,,,,,,1,0.014,,,,,,,
chain,40,DELETE_CREATE,0.4,,,,,[0 -> 0 -> 0 -> 0 -> 0 -> 0 -> 0 -> 0 -> 0 -> 0 -> 0 -> 0 -> 0 -> 0 -> 0 -> 0 -> 0 -> 0 -> 0 -> 0 -> 0 -> 0 -> 0 -> 0 -> 0 -> 0 -> 0 -> 0 -> 0 -> 0 -> 0 -> 0 -> 0 -> 0 -> 0 -> 0 -> 0 -> 0 -> 0 -> 0],[0 -> 0 -> 0 -> 0 -> 0 -> 0 -> 0 -> 0 -> 0 -> 0 -> 0 -> 0 -> 0 -> 0 -> 0 -> 0 -> 0 -> 0 -> 0 -> 0 -> 0 -> 0 -> 0 -> 0 -> 0 -> 0 -> 0 -> 0 -> 0 -> 0 -> 0 -> 0 -> 0 -> 0 -> 0 -> 0 -> 0 -> 0 -> 0 -> 0],[7; 7; 4; 4; 3; 3; 1; 1; 1; 1; 1; 1; 1; 1; 1; 1; 1; 1; 1; 1; 1; 1; 1; 1; 1; 1; 1; 1; 1; 1; 1; 1; 1; 1; 1],101.144,,,,,,,,0,0.007,,,,,,,
chain,40,DELETE_CREATE,0.7,,,,,[0 -> 0 -> 0 -> 0 -> 0 -> 0 -> 0 -> 0 -> 0 -> 0 -> 0 -> 0 -> 0 -> 0 -> 0 -> 0 -> 0 -> 0 -> 0 -> 0 -> 0 -> 0 -> 0 -> 0 -> 0 -> 0 -> 0 -> 0 -> 0 -> 0 -> 0 -> 0 -> 0 -> 0 -> 0 -> 0 -> 0 -> 0 -> 0 -> 0],[0 -> 0 -> 0 -> 0 -> 0 -> 0 -> 0 -> 0 -> 0 -> 0 -> 0 -> 0 -> 0 -> 0 -> 0 -> 0 -> 0 -> 0 -> 0 -> 0 -> 0 -> 0 -> 0 -> 0 -> 0 -> 0 -> 0 -> 0 -> 0 -> 0 -> 0 -> 0 -> 0 -> 0 -> 0 -> 0 -> 0 -> 0 -> 0 -> 0],[4; 4; 4; 4; 4; 4; 3; 2; 2; 2; 2; 1; 2; 2; 2; 2; 2; 2; 2; 2; 2; 2; 2; 2; 2; 1; 1; 1; 1; 1; 1; 1; 1; 1; 1],99.828,,,,,,,,6,0.006,,,,,,,
chain,40,DELETE_CREATE,0.7,,,,,[0 -> 0 -> 0 -> 0 -> 0 -> 0 -> 0 -> 0 -> 0 -> 0 -> 0 -> 0 -> 0 -> 0 -> 0 -> 0 -> 0 -> 0 -> 0 -> 0 -> 0 -> 0 -> 0 -> 0 -> 0 -> 0 -> 0 -> 0 -> 0 -> 0 -> 0 -> 0 -> 0 -> 0 -> 0 -> 0 -> 0 -> 0 -> 0 -> 0],[0 -> 0 -> 0 -> 0 -> 0 -> 0 -> 0 -> 0 -> 0 -> 0 -> 0 -> 0 -> 0 -> 0 -> 0 -> 0 -> 0 -> 0 -> 0 -> 0 -> 0 -> 0 -> 0 -> 0 -> 0 -> 0 -> 0 -> 0 -> 0 -> 0 -> 0 -> 0 -> 0 -> 0 -> 0 -> 0 -> 0 -> 0 -> 0 -> 0],[5; 4; 3; 3; 3; 3; 3; 3; 3; 2; 2; 3; 2; 2; 2; 2; 2; 2; 2; 2; 2; 1; 1; 1; 1; 1; 1; 1; 1; 1; 1; 1; 1; 1; 1],105.748,,,,,,,,3,0.006,,,,,,,
chain,40,DELETE_CREATE,0.7,,,,,[0 -> 0 -> 0 -> 0 -> 0 -> 0 -> 0 -> 0 -> 0 -> 0 -> 0 -> 0 -> 0 -> 0 -> 0 -> 0 -> 0 -> 0 -> 0 -> 0 -> 0 -> 0 -> 0 -> 0 -> 0 -> 0 -> 0 -> 0 -> 0 -> 0 -> 0 -> 0 -> 0 -> 0 -> 0 -> 0 -> 0 -> 0 -> 0 -> 0],[0 -> 0 -> 0 -> 0 -> 0 -> 0 -> 0 -> 0 -> 0 -> 0 -> 0 -> 0 -> 0 -> 0 -> 0 -> 0 -> 0 -> 0 -> 0 -> 0 -> 0 -> 0 -> 0 -> 0 -> 0 -> 0 -> 0 -> 0 -> 0 -> 0 -> 0 -> 0 -> 0 -> 0 -> 0 -> 0 -> 0 -> 0 -> 0 -> 0],[3; 3; 2; 2; 2; 2; 2; 2; 2; 2; 2; 2; 2; 2; 2; 2; 2; 2; 1; 1; 1; 1; 1; 1; 1; 1; 1; 1; 1; 1; 1; 1; 1; 1; 1; 1; 1; 1; 1; 1; 1; 1; 1; 1; 1; 1; 1; 1; 1; 1; 1; 1; 1; 1],104.272,,,,,,,,0,0.011,,,,,,,
chain,40,CREATE_DELETE,0.4,,,,,[0 -> 0 -> 0 -> 0 -> 0 -> 0 -> 0 -> 0 -> 0 -> 0 -> 0 -> 0 -> 0 -> 0 -> 0 -> 0 -> 0 -> 0 -> 0 -> 0 -> 0 -> 0 -> 0 -> 0 -> 0 -> 0 -> 0 -> 0 -> 0 -> 0 -> 0 -> 0 -> 0 -> 0 -> 0 -> 0 -> 0 -> 0 -> 0 -> 0],[0 -> 0 -> 0 -> 0 -> 0 -> 0 -> 0 -> 0 -> 0 -> 0 -> 0 -> 0 -> 0 -> 0 -> 0 -> 0 -> 0 -> 0 -> 0 -> 0 -> 0 -> 0 -> 0 -> 0 -> 0 -> 0 -> 0 -> 0 -> 0 -> 0 -> 0 -> 0 -> 0 -> 0 -> 0 -> 0 -> 0 -> 0 -> 0 -> 0],[4; 4; 4; 4; 4; 3; 3; 2; 2; 2; 2; 2; 2; 2; 2; 1; 1; 1; 1; 1; 1; 1; 1; 1; 1; 1; 1; 1; 1; 1; 1; 1; 1; 1; 1; 1],97.792,,,,,,,,0,0.006,,,,,,,
chain,40,CREATE_DELETE,0.4,,,,,[0 -> 0 -> 0 -> 0 -> 0 -> 0 -> 0 -> 0 -> 0 -> 0 -> 0 -> 0 -> 0 -> 0 -> 0 -> 0 -> 0 -> 0 -> 0 -> 0 -> 0 -> 0 -> 0 -> 0 -> 0 -> 0 -> 0 -> 0 -> 0 -> 0 -> 0 -> 0 -> 0 -> 0 -> 0 -> 0 -> 0 -> 0 -> 0 -> 0],[0 -> 0 -> 0 -> 0 -> 0 -> 0 -> 0 -> 0 -> 0 -> 0 -> 0 -> 0 -> 0 -> 0 -> 0 -> 0 -> 0 -> 0 -> 0 -> 0 -> 0 -> 0 -> 0 -> 0 -> 0 -> 0 -> 0 -> 0 -> 0 -> 0 -> 0 -> 0 -> 0 -> 0 -> 0 -> 0 -> 0 -> 0 -> 0 -> 0],[3; 3; 3; 3; 3; 3; 3; 3; 2; 2; 1; 1; 1; 1; 1; 1; 1; 1; 2; 2; 1; 1; 1; 1; 1; 1; 1; 1; 1; 1; 1; 1; 1; 1; 1; 1; 1; 1; 1; 1; 1; 1; 1; 1; 1],104.58,,,,,,,,0,0.009,,,,,,,
chain,40,CREATE_DELETE,0.4,,,,,[0 -> 0 -> 0 -> 0 -> 0 -> 0 -> 0 -> 0 -> 0 -> 0 -> 0 -> 0 -> 0 -> 0 -> 0 -> 0 -> 0 -> 0 -> 0 -> 0 -> 0 -> 0 -> 0 -> 0 -> 0 -> 0 -> 0 -> 0 -> 0 -> 0 -> 0 -> 0 -> 0 -> 0 -> 0 -> 0 -> 0 -> 0 -> 0 -> 0],[0 -> 0 -> 0 -> 0 -> 0 -> 0 -> 0 -> 0 -> 0 -> 0 -> 0 -> 0 -> 0 -> 0 -> 0 -> 0 -> 0 -> 0 -> 0 -> 0 -> 0 -> 0 -> 0 -> 0 -> 0 -> 0 -> 0 -> 0 -> 0 -> 0 -> 0 -> 0 -> 0 -> 0 -> 0 -> 0 -> 0 -> 0 -> 0 -> 0],[8; 6; 4; 4; 4; 3; 2; 1; 1; 1; 1; 1; 1; 1; 1; 1; 1; 1; 1; 1; 1; 1; 1; 1; 1; 1; 1; 1; 1; 1; 1; 1],100.944,,,,,,,,0,0.006,,,,,,,
chain,40,CREATE_DELETE,0.7,,,,,[0 -> 0 -> 0 -> 0 -> 0 -> 0 -> 0 -> 0 -> 0 -> 0 -> 0 -> 0 -> 0 -> 0 -> 0 -> 0 -> 0 -> 0 -> 0 -> 0 -> 0 -> 0 -> 0 -> 0 -> 0 -> 0 -> 0 -> 0 -> 0 -> 0 -> 0 -> 0 -> 0 -> 0 -> 0 -> 0 -> 0 -> 0 -> 0 -> 0],[0 -> 0 -> 0 -> 0 -> 0 -> 0 -> 0 -> 0 -> 0 -> 0 -> 0 -> 0 -> 0 -> 0 -> 0 -> 0 -> 0 -> 0 -> 0 -> 0 -> 0 -> 0 -> 0 -> 0 -> 0 -> 0 -> 0 -> 0 -> 0 -> 0 -> 0 -> 0 -> 0 -> 0 -> 0 -> 0 -> 0 -> 0 -> 0 -> 0],[4; 3; 3; 2; 2; 2; 2; 2; 2; 2; 2; 2; 2; 2; 2; 3; 2; 2; 2; 1; 1; 1; 1; 1; 1; 1; 1; 1; 1; 1; 1; 1; 1; 1; 1; 1; 1; 1; 1; 1; 1; 1; 1; 1; 1; 1; 1; 1; 1; 1; 1],100.2,,,,,,,,0,0.009,,,,,,,
chain,40,CREATE_DELETE,0.7,,,,,[0 -> 0 -> 0 -> 0 -> 0 -> 0 -> 0 -> 0 -> 0 -> 0 -> 0 -> 0 -> 0 -> 0 -> 0 -> 0 -> 0 -> 0 -> 0 -> 0 -> 0 -> 0 -> 0 -> 0 -> 0 -> 0 -> 0 -> 0 -> 0 -> 0 -> 0 -> 0 -> 0 -> 0 -> 0 -> 0 -> 0 -> 0 -> 0 -> 0],[0 -> 0 -> 0 -> 0 -> 0 -> 0 -> 0 -> 0 -> 0 -> 0 -> 0 -> 0 -> 0 -> 0 -> 0 -> 0 -> 0 -> 0 -> 0 -> 0 -> 0 -> 0 -> 0 -> 0 -> 0 -> 0 -> 0 -> 0 -> 0 -> 0 -> 0 -> 0 -> 0 -> 0 -> 0 -> 0 -> 0 -> 0 -> 0 -> 0],[2; 2; 2; 3; 2; 2; 1; 1; 1; 1; 1; 1; 1; 1; 1; 1; 1; 1; 1; 1; 1; 1; 1; 1; 1; 1; 1; 1; 1; 1; 1; 1; 1; 1; 1; 1; 1; 1; 1; 1; 1; 1; 1; 1; 1; 1; 1; 1; 1; 1; 1; 1; 1; 1; 1; 1; 1; 1; 1; 1; 1; 1; 1; 1; 1; 1],106.34,,,,,,,,0,0.013,,,,,,,
chain,40,CREATE_DELETE,0.7,,,,,[0 -> 0 -> 0 -> 0 -> 0 -> 0 -> 0 -> 0 -> 0 -> 0 -> 0 -> 0 -> 0 -> 0 -> 0 -> 0 -> 0 -> 0 -> 0 -> 0 -> 0 -> 0 -> 0 -> 0 -> 0 -> 0 -> 0 -> 0 -> 0 -> 0 -> 0 -> 0 -> 0 -> 0 -> 0 -> 0 -> 0 -> 0 -> 0 -> 0],[0 -> 0 -> 0 -> 0 -> 0 -> 0 -> 0 -> 0 -> 0 -> 0 -> 0 -> 0 -> 0 -> 0 -> 0 -> 0 -> 0 -> 0 -> 0 -> 0 -> 0 -> 0 -> 0 -> 0 -> 0 -> 0 -> 0 -> 0 -> 0 -> 0 -> 0 -> 0 -> 0 -> 0 -> 0 -> 0 -> 0 -> 0 -> 0 -> 0],[3; 3; 3; 2; 2; 2; 2; 2; 2; 2; 2; 2; 2; 1; 1; 1; 1; 1; 1; 1; 1; 1; 1; 1; 1; 1; 1; 1; 1; 1; 1; 1; 1; 1; 1; 1; 1; 1; 1; 1; 1; 1; 1; 1; 1; 1; 1; 1; 1; 1; 1; 1; 1; 1; 1; 1],106.36,,,,,,,,0,0.01,,,,,,,
chain,50,UPDATE,0.4,,,,,[0 -> 0 -> 0 -> 0 -> 0 -> 0 -> 0 -> 0 -> 0 -> 0 -> 0 -> 0 -> 0 -> 0 -> 0 -> 0 -> 0 -> 0 -> 0 -> 0 -> 0 -> 0 -> 0 -> 0 -> 0 -> 0 -> 0 -> 0 -> 0 -> 0 -> 0 -> 0 -> 0 -> 0 -> 0 -> 0 -> 0 -> 0 -> 0 -> 0 -> 0 -> 0 -> 0 -> 0 -> 0 -> 0 -> 0 -> 0 -> 0 -> 0],[0 -> 0 -> 0 -> 0 -> 0 -> 0 -> 0 -> 0 -> 0 -> 0 -> 0 -> 0 -> 0 -> 0 -> 0 -> 0 -> 0 -> 0 -> 0 -> 0 -> 0 -> 0 -> 0 -> 0 -> 0 -> 0 -> 0 -> 0 -> 0 -> 0 -> 0 -> 0 -> 0 -> 0 -> 0 -> 0 -> 0 -> 0 -> 0 -> 0 -> 0 -> 0 -> 0 -> 0 -> 0 -> 0 -> 0 -> 0 -> 0 -> 0],[10; 10; 8; 4; 4; 2; 1; 1; 1; 1; 1; 1; 1; 1; 1; 1; 1; 1; 1; 1; 1; 1; 1; 1; 1; 1],354.508,,,,,,,,5,0.008,,,,,,,
chain,50,UPDATE,0.4,,,,,[0 -> 0 -> 0 -> 0 -> 0 -> 0 -> 0 -> 0 -> 0 -> 0 -> 0 -> 0 -> 0 -> 0 -> 0 -> 0 -> 0 -> 0 -> 0 -> 0 -> 0 -> 0 -> 0 -> 0 -> 0 -> 0 -> 0 -> 0 -> 0 -> 0 -> 0 -> 0 -> 0 -> 0 -> 0 -> 0 -> 0 -> 0 -> 0 -> 0 -> 0 -> 0 -> 0 -> 0 -> 0 -> 0 -> 0 -> 0 -> 0 -> 0],[0 -> 0 -> 0 -> 0 -> 0 -> 0 -> 0 -> 0 -> 0 -> 0 -> 0 -> 0 -> 0 -> 0 -> 0 -> 0 -> 0 -> 0 -> 0 -> 0 -> 0 -> 0 -> 0 -> 0 -> 0 -> 0 -> 0 -> 0 -> 0 -> 0 -> 0 -> 0 -> 0 -> 0 -> 0 -> 0 -> 0 -> 0 -> 0 -> 0 -> 0 -> 0 -> 0 -> 0 -> 0 -> 0 -> 0 -> 0 -> 0 -> 0],[9; 7; 7; 5; 5; 3; 2; 2; 2; 2; 2; 1; 1; 1; 1; 1; 1; 1; 1; 1; 1; 1; 1; 1; 1],387.952,,,,,,,,0,0.008,,,,,,,
chain,50,UPDATE,0.4,,,,,[0 -> 0 -> 0 -> 0 -> 0 -> 0 -> 0 -> 0 -> 0 -> 0 -> 0 -> 0 -> 0 -> 0 -> 0 -> 0 -> 0 -> 0 -> 0 -> 0 -> 0 -> 0 -> 0 -> 0 -> 0 -> 0 -> 0 -> 0 -> 0 -> 0 -> 0 -> 0 -> 0 -> 0 -> 0 -> 0 -> 0 -> 0 -> 0 -> 0 -> 0 -> 0 -> 0 -> 0 -> 0 -> 0 -> 0 -> 0 -> 0 -> 0],[0 -> 0 -> 0 -> 0 -> 0 -> 0 -> 0 -> 0 -> 0 -> 0 -> 0 -> 0 -> 0 -> 0 -> 0 -> 0 -> 0 -> 0 -> 0 -> 0 -> 0 -> 0 -> 0 -> 0 -> 0 -> 0 -> 0 -> 0 -> 0 -> 0 -> 0 -> 0 -> 0 -> 0 -> 0 -> 0 -> 0 -> 0 -> 0 -> 0 -> 0 -> 0 -> 0 -> 0 -> 0 -> 0 -> 0 -> 0 -> 0 -> 0],[10; 9; 8; 5; 5; 3; 2; 1; 1; 1; 1; 1; 1; 1; 1; 1; 1; 1; 1; 1; 1; 1],392.076,,,,,,,,0,0.007,,,,,,,
chain,50,UPDATE,0.7,,,,,[0 -> 0 -> 0 -> 0 -> 0 -> 0 -> 0 -> 0 -> 0 -> 0 -> 0 -> 0 -> 0 -> 0 -> 0 -> 0 -> 0 -> 0 -> 0 -> 0 -> 0 -> 0 -> 0 -> 0 -> 0 -> 0 -> 0 -> 0 -> 0 -> 0 -> 0 -> 0 -> 0 -> 0 -> 0 -> 0 -> 0 -> 0 -> 0 -> 0 -> 0 -> 0 -> 0 -> 0 -> 0 -> 0 -> 0 -> 0 -> 0 -> 0],[0 -> 0 -> 0 -> 0 -> 0 -> 0 -> 0 -> 0 -> 0 -> 0 -> 0 -> 0 -> 0 -> 0 -> 0 -> 0 -> 0 -> 0 -> 0 -> 0 -> 0 -> 0 -> 0 -> 0 -> 0 -> 0 -> 0 -> 0 -> 0 -> 0 -> 0 -> 0 -> 0 -> 0 -> 0 -> 0 -> 0 -> 0 -> 0 -> 0 -> 0 -> 0 -> 0 -> 0 -> 0 -> 0 -> 0 -> 0 -> 0 -> 0],[6; 5; 3; 3; 3; 3; 3; 3; 3; 3; 4; 3; 3; 1; 1; 1],360.18,,,,,,,,2,0.006,,,,,,,
chain,50,UPDATE,0.7,,,,,[0 -> 0 -> 0 -> 0 -> 0 -> 0 -> 0 -> 0 -> 0 -> 0 -> 0 -> 0 -> 0 -> 0 -> 0 -> 0 -> 0 -> 0 -> 0 -> 0 -> 0 -> 0 -> 0 -> 0 -> 0 -> 0 -> 0 -> 0 -> 0 -> 0 -> 0 -> 0 -> 0 -> 0 -> 0 -> 0 -> 0 -> 0 -> 0 -> 0 -> 0 -> 0 -> 0 -> 0 -> 0 -> 0 -> 0 -> 0 -> 0 -> 0],[0 -> 0 -> 0 -> 0 -> 0 -> 0 -> 0 -> 0 -> 0 -> 0 -> 0 -> 0 -> 0 -> 0 -> 0 -> 0 -> 0 -> 0 -> 0 -> 0 -> 0 -> 0 -> 0 -> 0 -> 0 -> 0 -> 0 -> 0 -> 0 -> 0 -> 0 -> 0 -> 0 -> 0 -> 0 -> 0 -> 0 -> 0 -> 0 -> 0 -> 0 -> 0 -> 0 -> 0 -> 0 -> 0 -> 0 -> 0 -> 0 -> 0],[4; 4; 4; 3; 3; 3; 2; 2; 2; 2; 2; 2; 2; 2; 2; 1; 1; 1; 1; 1; 1; 1; 1; 1; 2; 2; 2; 1],405.88,,,,,,,,0,0.01,,,,,,,
chain,50,UPDATE,0.7,,,,,[0 -> 0 -> 0 -> 0 -> 0 -> 0 -> 0 -> 0 -> 0 -> 0 -> 0 -> 0 -> 0 -> 0 -> 0 -> 0 -> 0 -> 0 -> 0 -> 0 -> 0 -> 0 -> 0 -> 0 -> 0 -> 0 -> 0 -> 0 -> 0 -> 0 -> 0 -> 0 -> 0 -> 0 -> 0 -> 0 -> 0 -> 0 -> 0 -> 0 -> 0 -> 0 -> 0 -> 0 -> 0 -> 0 -> 0 -> 0 -> 0 -> 0],[0 -> 0 -> 0 -> 0 -> 0 -> 0 -> 0 -> 0 -> 0 -> 0 -> 0 -> 0 -> 0 -> 0 -> 0 -> 0 -> 0 -> 0 -> 0 -> 0 -> 0 -> 0 -> 0 -> 0 -> 0 -> 0 -> 0 -> 0 -> 0 -> 0 -> 0 -> 0 -> 0 -> 0 -> 0 -> 0 -> 0 -> 0 -> 0 -> 0 -> 0 -> 0 -> 0 -> 0 -> 0 -> 0 -> 0 -> 0 -> 0 -> 0],[3; 2; 2; 2; 2; 2; 2; 2; 2; 2; 2; 3; 2; 2; 2; 1; 1; 1; 1; 1; 1; 1; 1; 1; 1; 1; 1; 1; 1; 1; 1; 1; 1; 1; 1; 1; 1; 1; 1],399.084,,,,,,,,1,0.015,,,,,,,
chain,50,NOOP,0.4,,,,,[0 -> 0 -> 0 -> 0 -> 0 -> 0 -> 0 -> 0 -> 0 -> 0 -> 0 -> 0 -> 0 -> 0 -> 0 -> 0 -> 0 -> 0 -> 0 -> 0 -> 0 -> 0 -> 0 -> 0 -> 0 -> 0 -> 0 -> 0 -> 0 -> 0 -> 0 -> 0 -> 0 -> 0 -> 0 -> 0 -> 0 -> 0 -> 0 -> 0 -> 0 -> 0 -> 0 -> 0 -> 0 -> 0 -> 0 -> 0 -> 0 -> 0],[0 -> 0 -> 0 -> 0 -> 0 -> 0 -> 0 -> 0 -> 0 -> 0 -> 0 -> 0 -> 0 -> 0 -> 0 -> 0 -> 0 -> 0 -> 0 -> 0 -> 0 -> 0 -> 0 -> 0 -> 0 -> 0 -> 0 -> 0 -> 0 -> 0 -> 0 -> 0 -> 0 -> 0 -> 0 -> 0 -> 0 -> 0 -> 0 -> 0 -> 0 -> 0 -> 0 -> 0 -> 0 -> 0 -> 0 -> 0 -> 0 -> 0],[11; 7; 4; 2; 1; 1; 1; 1; 1; 1; 1; 1; 1; 1; 1; 1],340.452,,,,,,,,0,0.005,,,,,,,
chain,50,NOOP,0.4,,,,,[0 -> 0 -> 0 -> 0 -> 0 -> 0 -> 0 -> 0 -> 0 -> 0 -> 0 -> 0 -> 0 -> 0 -> 0 -> 0 -> 0 -> 0 -> 0 -> 0 -> 0 -> 0 -> 0 -> 0 -> 0 -> 0 -> 0 -> 0 -> 0 -> 0 -> 0 -> 0 -> 0 -> 0 -> 0 -> 0 -> 0 -> 0 -> 0 -> 0 -> 0 -> 0 -> 0 -> 0 -> 0 -> 0 -> 0 -> 0 -> 0 -> 0],[0 -> 0 -> 0 -> 0 -> 0 -> 0 -> 0 -> 0 -> 0 -> 0 -> 0 -> 0 -> 0 -> 0 -> 0 -> 0 -> 0 -> 0 -> 0 -> 0 -> 0 -> 0 -> 0 -> 0 -> 0 -> 0 -> 0 -> 0 -> 0 -> 0 -> 0 -> 0 -> 0 -> 0 -> 0 -> 0 -> 0 -> 0 -> 0 -> 0 -> 0 -> 0 -> 0 -> 0 -> 0 -> 0 -> 0 -> 0 -> 0 -> 0],[12; 7; 5; 4; 4; 1; 1; 1; 1; 1; 1; 1; 1; 1; 1; 1; 1; 1; 1; 1; 1],406.568,,,,,,,,3,0.007,,,,,,,
chain,50,NOOP,0.4,,,,,[0 -> 0 -> 0 -> 0 -> 0 -> 0 -> 0 -> 0 -> 0 -> 0 -> 0 -> 0 -> 0 -> 0 -> 0 -> 0 -> 0 -> 0 -> 0 -> 0 -> 0 -> 0 -> 0 -> 0 -> 0 -> 0 -> 0 -> 0 -> 0 -> 0 -> 0 -> 0 -> 0 -> 0 -> 0 -> 0 -> 0 -> 0 -> 0 -> 0 -> 0 -> 0 -> 0 -> 0 -> 0 -> 0 -> 0 -> 0 -> 0 -> 0],[0 -> 0 -> 0 -> 0 -> 0 -> 0 -> 0 -> 0 -> 0 -> 0 -> 0 -> 0 -> 0 -> 0 -> 0 -> 0 -> 0 -> 0 -> 0 -> 0 -> 0 -> 0 -> 0 -> 0 -> 0 -> 0 -> 0 -> 0 -> 0 -> 0 -> 0 -> 0 -> 0 -> 0 -> 0 -> 0 -> 0 -> 0 -> 0 -> 0 -> 0 -> 0 -> 0 -> 0 -> 0 -> 0 -> 0 -> 0 -> 0 -> 0],[13; 7; 4; 2; 2; 2; 2; 2; 2; 1; 1; 1; 1; 1; 1; 1; 1; 1; 1; 1; 1; 1; 1],387.004,,,,,,,,0,0.007,,,,,,,
chain,50,NOOP,0.7,,,,,[0 -> 0 -> 0 -> 0 -> 0 -> 0 -> 0 -> 0 -> 0 -> 0 -> 0 -> 0 -> 0 -> 0 -> 0 -> 0 -> 0 -> 0 -> 0 -> 0 -> 0 -> 0 -> 0 -> 0 -> 0 -> 0 -> 0 -> 0 -> 0 -> 0 -> 0 -> 0 -> 0 -> 0 -> 0 -> 0 -> 0 -> 0 -> 0 -> 0 -> 0 -> 0 -> 0 -> 0 -> 0 -> 0 -> 0 -> 0 -> 0 -> 0],[0 -> 0 -> 0 -> 0 -> 0 -> 0 -> 0 -> 0 -> 0 -> 0 -> 0 -> 0 -> 0 -> 0 -> 0 -> 0 -> 0 -> 0 -> 0 -> 0 -> 0 -> 0 -> 0 -> 0 -> 0 -> 0 -> 0 -> 0 -> 0 -> 0 -> 0 -> 0 -> 0 -> 0 -> 0 -> 0 -> 0 -> 0 -> 0 -> 0 -> 0 -> 0 -> 0 -> 0 -> 0 -> 0 -> 0 -> 0 -> 0 -> 0],[12; 7; 1; 1; 1; 1; 1; 1; 1; 1; 1; 1; 1],349.448,,,,,,,,2,0.005,,,,,,,
chain,50,NOOP,0.7,,,,,[0 -> 0 -> 0 -> 0 -> 0 -> 0 -> 0 -> 0 -> 0 -> 0 -> 0 -> 0 -> 0 -> 0 -> 0 -> 0 -> 0 -> 0 -> 0 -> 0 -> 0 -> 0 -> 0 -> 0 -> 0 -> 0 -> 0 -> 0 -> 0 -> 0 -> 0 -> 0 -> 0 -> 0 -> 0 -> 0 -> 0 -> 0 -> 0 -> 0 -> 0 -> 0 -> 0 -> 0 -> 0 -> 0 -> 0 -> 0 -> 0 -> 0],[0 -> 0 -> 0 -> 0 -> 0 -> 0 -> 0 -> 0 -> 0 -> 0 -> 0 -> 0 -> 0 -> 0 -> 0 -> 0 -> 0 -> 0 -> 0 -> 0 -> 0 -> 0 -> 0 -> 0 -> 0 -> 0 -> 0 -> 0 -> 0 -> 0 -> 0 -> 0 -> 0 -> 0 -> 0 -> 0 -> 0 -> 0 -> 0 -> 0 -> 0 -> 0 -> 0 -> 0 -> 0 -> 0 -> 0 -> 0 -> 0 -> 0],[11; 3; 2; 1; 1; 1; 1; 1; 1; 1; 1],402.896,,,,,,,,7,0.004,,,,,,,
chain,50,NOOP,0.7,,,,,[0 -> 0 -> 0 -> 0 -> 0 -> 0 -> 0 -> 0 -> 0 -> 0 -> 0 -> 0 -> 0 -> 0 -> 0 -> 0 -> 0 -> 0 -> 0 -> 0 -> 0 -> 0 -> 0 -> 0 -> 0 -> 0 -> 0 -> 0 -> 0 -> 0 -> 0 -> 0 -> 0 -> 0 -> 0 -> 0 -> 0 -> 0 -> 0 -> 0 -> 0 -> 0 -> 0 -> 0 -> 0 -> 0 -> 0 -> 0 -> 0 -> 0],[0 -> 0 -> 0 -> 0 -> 0 -> 0 -> 0 -> 0 -> 0 -> 0 -> 0 -> 0 -> 0 -> 0 -> 0 -> 0 -> 0 -> 0 -> 0 -> 0 -> 0 -> 0 -> 0 -> 0 -> 0 -> 0 -> 0 -> 0 -> 0 -> 0 -> 0 -> 0 -> 0 -> 0 -> 0 -> 0 -> 0 -> 0 -> 0 -> 0 -> 0 -> 0 -> 0 -> 0 -> 0 -> 0 -> 0 -> 0 -> 0 -> 0],[9; 4; 2; 2; 2; 2; 1; 1; 1; 1],408.84,,,,,,,,0,0.004,,,,,,,
chain,50,DELETE_CREATE,0.4,,,,,[0 -> 0 -> 0 -> 0 -> 0 -> 0 -> 0 -> 0 -> 0 -> 0 -> 0 -> 0 -> 0 -> 0 -> 0 -> 0 -> 0 -> 0 -> 0 -> 0 -> 0 -> 0 -> 0 -> 0 -> 0 -> 0 -> 0 -> 0 -> 0 -> 0 -> 0 -> 0 -> 0 -> 0 -> 0 -> 0 -> 0 -> 0 -> 0 -> 0 -> 0 -> 0 -> 0 -> 0 -> 0 -> 0 -> 0 -> 0 -> 0 -> 0],[0 -> 0 -> 0 -> 0 -> 0 -> 0 -> 0 -> 0 -> 0 -> 0 -> 0 -> 0 -> 0 -> 0 -> 0 -> 0 -> 0 -> 0 -> 0 -> 0 -> 0 -> 0 -> 0 -> 0 -> 0 -> 0 -> 0 -> 0 -> 0 -> 0 -> 0 -> 0 -> 0 -> 0 -> 0 -> 0 -> 0 -> 0 -> 0 -> 0 -> 0 -> 0 -> 0 -> 0 -> 0 -> 0 -> 0 -> 0 -> 0 -> 0],[11; 6; 5; 4; 2; 2; 2; 2; 1; 1; 1; 1; 1; 1; 2; 1; 1; 1; 1; 1; 1; 1; 1; 1; 1; 1; 1; 1; 1; 1; 1; 1; 1; 1; 1; 1; 1; 1; 1; 1; 1; 1],331.532,,,,,,,,2,0.013,,,,,,,
chain,50,DELETE_CREATE,0.4,,,,,[0 -> 0 -> 0 -> 0 -> 0 -> 0 -> 0 -> 0 -> 0 -> 0 -> 0 -> 0 -> 0 -> 0 -> 0 -> 0 -> 0 -> 0 -> 0 -> 0 -> 0 -> 0 -> 0 -> 0 -> 0 -> 0 -> 0 -> 0 -> 0 -> 0 -> 0 -> 0 -> 0 -> 0 -> 0 -> 0 -> 0 -> 0 -> 0 -> 0 -> 0 -> 0 -> 0 -> 0 -> 0 -> 0 -> 0 -> 0 -> 0 -> 0],[0 -> 0 -> 0 -> 0 -> 0 -> 0 -> 0 -> 0 -> 0 -> 0 -> 0 -> 0 -> 0 -> 0 -> 0 -> 0 -> 0 -> 0 -> 0 -> 0 -> 0 -> 0 -> 0 -> 0 -> 0 -> 0 -> 0 -> 0 -> 0 -> 0 -> 0 -> 0 -> 0 -> 0 -> 0 -> 0 -> 0 -> 0 -> 0 -> 0 -> 0 -> 0 -> 0 -> 0 -> 0 -> 0 -> 0 -> 0 -> 0 -> 0],[8; 7; 5; 3; 3; 3; 3; 3; 2; 2; 2; 2; 1; 1; 1; 1; 1; 1; 1; 1; 1; 1; 1; 1; 1; 1; 1; 1; 1; 1; 1; 1; 1; 1; 1; 1; 1; 1; 1; 1; 1],388.268,,,,,,,,0,0.011,,,,,,,
chain,50,DELETE_CREATE,0.4,,,,,[0 -> 0 -> 0 -> 0 -> 0 -> 0 -> 0 -> 0 -> 0 -> 0 -> 0 -> 0 -> 0 -> 0 -> 0 -> 0 -> 0 -> 0 -> 0 -> 0 -> 0 -> 0 -> 0 -> 0 -> 0 -> 0 -> 0 -> 0 -> 0 -> 0 -> 0 -> 0 -> 0 -> 0 -> 0 -> 0 -> 0 -> 0 -> 0 -> 0 -> 0 -> 0 -> 0 -> 0 -> 0 -> 0 -> 0 -> 0 -> 0 -> 0],[0 -> 0 -> 0 -> 0 -> 0 -> 0 -> 0 -> 0 -> 0 -> 0 -> 0 -> 0 -> 0 -> 0 -> 0 -> 0 -> 0 -> 0 -> 0 -> 0 -> 0 -> 0 -> 0 -> 0 -> 0 -> 0 -> 0 -> 0 -> 0 -> 0 -> 0 -> 0 -> 0 -> 0 -> 0 -> 0 -> 0 -> 0 -> 0 -> 0 -> 0 -> 0 -> 0 -> 0 -> 0 -> 0 -> 0 -> 0 -> 0 -> 0],[8; 6; 5; 4; 3; 3; 3; 3; 3; 2; 1; 1; 1; 1; 1; 1; 1; 1; 1; 1; 1; 1; 1; 1; 1; 1; 1; 1; 1; 1; 1; 1],388.816,,,,,,,,0,0.01,,,,,,,
chain,50,DELETE_CREATE,0.7,,,,,[0 -> 0 -> 0 -> 0 -> 0 -> 0 -> 0 -> 0 -> 0 -> 0 -> 0 -> 0 -> 0 -> 0 -> 0 -> 0 -> 0 -> 0 -> 0 -> 0 -> 0 -> 0 -> 0 -> 0 -> 0 -> 0 -> 0 -> 0 -> 0 -> 0 -> 0 -> 0 -> 0 -> 0 -> 0 -> 0 -> 0 -> 0 -> 0 -> 0 -> 0 -> 0 -> 0 -> 0 -> 0 -> 0 -> 0 -> 0 -> 0 -> 0],[0 -> 0 -> 0 -> 0 -> 0 -> 0 -> 0 -> 0 -> 0 -> 0 -> 0 -> 0 -> 0 -> 0 -> 0 -> 0 -> 0 -> 0 -> 0 -> 0 -> 0 -> 0 -> 0 -> 0 -> 0 -> 0 -> 0 -> 0 -> 0 -> 0 -> 0 -> 0 -> 0 -> 0 -> 0 -> 0 -> 0 -> 0 -> 0 -> 0 -> 0 -> 0 -> 0 -> 0 -> 0 -> 0 -> 0 -> 0 -> 0 -> 0],[3; 3; 3; 4; 4; 4; 4; 5; 3; 2; 2; 2; 2; 2; 1; 1; 1; 1; 1; 1; 1; 1; 1; 1; 2; 2; 2; 2; 2; 2; 2; 2; 2; 2; 2; 2; 2; 2; 2; 2; 2; 1; 1],333.488,,,,,,,,56,0.018,,,,,,,
chain,50,DELETE_CREATE,0.7,,,,,[0 -> 0 -> 0 -> 0 -> 0 -> 0 -> 0 -> 0 -> 0 -> 0 -> 0 -> 0 -> 0 -> 0 -> 0 -> 0 -> 0 -> 0 -> 0 -> 0 -> 0 -> 0 -> 0 -> 0 -> 0 -> 0 -> 0 -> 0 -> 0 -> 0 -> 0 -> 0 -> 0 -> 0 -> 0 -> 0 -> 0 -> 0 -> 0 -> 0 -> 0 -> 0 -> 0 -> 0 -> 0 -> 0 -> 0 -> 0 -> 0 -> 0],[0 -> 0 -> 0 -> 0 -> 0 -> 0 -> 0 -> 0 -> 0 -> 0 -> 0 -> 0 -> 0 -> 0 -> 0 -> 0 -> 0 -> 0 -> 0 -> 0 -> 0 -> 0 -> 0 -> 0 -> 0 -> 0 -> 0 -> 0 -> 0 -> 0 -> 0 -> 0 -> 0 -> 0 -> 0 -> 0 -> 0 -> 0 -> 0 -> 0 -> 0 -> 0 -> 0 -> 0 -> 0 -> 0 -> 0 -> 0 -> 0 -> 0],[6; 7; 6; 6; 4; 4; 2; 2; 2; 2; 1; 1; 1; 1; 2; 2; 2; 2; 2; 2; 1; 1; 1; 1; 1; 1; 1; 1; 1; 1; 1; 1; 1; 1; 1; 1; 1; 1; 1; 1; 1; 1; 1; 1; 1; 1; 1],395.012,,,,,,,,7,0.013,,,,,,,
chain,50,DELETE_CREATE,0.7,,,,,[0 -> 0 -> 0 -> 0 -> 0 -> 0 -> 0 -> 0 -> 0 -> 0 -> 0 -> 0 -> 0 -> 0 -> 0 -> 0 -> 0 -> 0 -> 0 -> 0 -> 0 -> 0 -> 0 -> 0 -> 0 -> 0 -> 0 -> 0 -> 0 -> 0 -> 0 -> 0 -> 0 -> 0 -> 0 -> 0 -> 0 -> 0 -> 0 -> 0 -> 0 -> 0 -> 0 -> 0 -> 0 -> 0 -> 0 -> 0 -> 0 -> 0],[0 -> 0 -> 0 -> 0 -> 0 -> 0 -> 0 -> 0 -> 0 -> 0 -> 0 -> 0 -> 0 -> 0 -> 0 -> 0 -> 0 -> 0 -> 0 -> 0 -> 0 -> 0 -> 0 -> 0 -> 0 -> 0 -> 0 -> 0 -> 0 -> 0 -> 0 -> 0 -> 0 -> 0 -> 0 -> 0 -> 0 -> 0 -> 0 -> 0 -> 0 -> 0 -> 0 -> 0 -> 0 -> 0 -> 0 -> 0 -> 0 -> 0],[9; 7; 5; 4; 4; 4; 5; 4; 2; 2; 2; 2; 1; 1; 1; 1; 1; 1; 1; 1; 1; 1; 1; 1; 1; 1; 1; 1; 1; 1; 1; 1; 1; 1; 1; 1; 1; 1; 1; 1; 1; 1; 1; 1],396.272,,,,,,,,0,0.011,,,,,,,
chain,50,CREATE_DELETE,0.4,,,,,[0 -> 0 -> 0 -> 0 -> 0 -> 0 -> 0 -> 0 -> 0 -> 0 -> 0 -> 0 -> 0 -> 0 -> 0 -> 0 -> 0 -> 0 -> 0 -> 0 -> 0 -> 0 -> 0 -> 0 -> 0 -> 0 -> 0 -> 0 -> 0 -> 0 -> 0 -> 0 -> 0 -> 0 -> 0 -> 0 -> 0 -> 0 -> 0 -> 0 -> 0 -> 0 -> 0 -> 0 -> 0 -> 0 -> 0 -> 0 -> 0 -> 0],[0 -> 0 -> 0 -> 0 -> 0 -> 0 -> 0 -> 0 -> 0 -> 0 -> 0 -> 0 -> 0 -> 0 -> 0 -> 0 -> 0 -> 0 -> 0 -> 0 -> 0 -> 0 -> 0 -> 0 -> 0 -> 0 -> 0 -> 0 -> 0 -> 0 -> 0 -> 0 -> 0 -> 0 -> 0 -> 0 -> 0 -> 0 -> 0 -> 0 -> 0 -> 0 -> 0 -> 0 -> 0 -> 0 -> 0 -> 0 -> 0 -> 0],[4; 4; 4; 3; 3; 2; 2; 2; 2; 2; 2; 2; 2; 2; 2; 2; 2; 1; 1; 1; 1; 1; 1; 1; 1; 1; 1; 1; 1; 1; 1; 1; 1; 1; 1; 1; 1; 1; 1; 1; 1; 1; 1; 1; 1; 1],345.848,,,,,,,,0,0.015,,,,,,,
chain,50,CREATE_DELETE,0.4,,,,,[0 -> 0 -> 0 -> 0 -> 0 -> 0 -> 0 -> 0 -> 0 -> 0 -> 0 -> 0 -> 0 -> 0 -> 0 -> 0 -> 0 -> 0 -> 0 -> 0 -> 0 -> 0 -> 0 -> 0 -> 0 -> 0 -> 0 -> 0 -> 0 -> 0 -> 0 -> 0 -> 0 -> 0 -> 0 -> 0 -> 0 -> 0 -> 0 -> 0 -> 0 -> 0 -> 0 -> 0 -> 0 -> 0 -> 0 -> 0 -> 0 -> 0],[0 -> 0 -> 0 -> 0 -> 0 -> 0 -> 0 -> 0 -> 0 -> 0 -> 0 -> 0 -> 0 -> 0 -> 0 -> 0 -> 0 -> 0 -> 0 -> 0 -> 0 -> 0 -> 0 -> 0 -> 0 -> 0 -> 0 -> 0 -> 0 -> 0 -> 0 -> 0 -> 0 -> 0 -> 0 -> 0 -> 0 -> 0 -> 0 -> 0 -> 0 -> 0 -> 0 -> 0 -> 0 -> 0 -> 0 -> 0 -> 0 -> 0],[6; 6; 5; 4; 4; 4; 4; 4; 2; 2; 2; 2; 2; 2; 2; 2; 2; 1; 1; 1; 1; 1; 1; 1; 1; 1; 1; 1; 1; 1; 1; 1; 1; 1; 1; 1; 1; 1; 1; 1; 1; 1],392.916,,,,,,,,0,0.011,,,,,,,
chain,50,CREATE_DELETE,0.4,,,,,[0 -> 0 -> 0 -> 0 -> 0 -> 0 -> 0 -> 0 -> 0 -> 0 -> 0 -> 0 -> 0 -> 0 -> 0 -> 0 -> 0 -> 0 -> 0 -> 0 -> 0 -> 0 -> 0 -> 0 -> 0 -> 0 -> 0 -> 0 -> 0 -> 0 -> 0 -> 0 -> 0 -> 0 -> 0 -> 0 -> 0 -> 0 -> 0 -> 0 -> 0 -> 0 -> 0 -> 0 -> 0 -> 0 -> 0 -> 0 -> 0 -> 0],[0 -> 0 -> 0 -> 0 -> 0 -> 0 -> 0 -> 0 -> 0 -> 0 -> 0 -> 0 -> 0 -> 0 -> 0 -> 0 -> 0 -> 0 -> 0 -> 0 -> 0 -> 0 -> 0 -> 0 -> 0 -> 0 -> 0 -> 0 -> 0 -> 0 -> 0 -> 0 -> 0 -> 0 -> 0 -> 0 -> 0 -> 0 -> 0 -> 0 -> 0 -> 0 -> 0 -> 0 -> 0 -> 0 -> 0 -> 0 -> 0 -> 0],[13; 9; 7; 3; 2; 1; 1; 1; 1; 1; 1; 1; 1; 1; 1; 1; 1; 1; 1; 1; 1; 1; 1; 1; 1; 1; 1; 1; 1; 1; 1; 1; 1; 1; 1],391.264,,,,,,,,0,0.01,,,,,,,
chain,50,CREATE_DELETE,0.7,,,,,[0 -> 0 -> 0 -> 0 -> 0 -> 0 -> 0 -> 0 -> 0 -> 0 -> 0 -> 0 -> 0 -> 0 -> 0 -> 0 -> 0 -> 0 -> 0 -> 0 -> 0 -> 0 -> 0 -> 0 -> 0 -> 0 -> 0 -> 0 -> 0 -> 0 -> 0 -> 0 -> 0 -> 0 -> 0 -> 0 -> 0 -> 0 -> 0 -> 0 -> 0 -> 0 -> 0 -> 0 -> 0 -> 0 -> 0 -> 0 -> 0 -> 0],[0 -> 0 -> 0 -> 0 -> 0 -> 0 -> 0 -> 0 -> 0 -> 0 -> 0 -> 0 -> 0 -> 0 -> 0 -> 0 -> 0 -> 0 -> 0 -> 0 -> 0 -> 0 -> 0 -> 0 -> 0 -> 0 -> 0 -> 0 -> 0 -> 0 -> 0 -> 0 -> 0 -> 0 -> 0 -> 0 -> 0 -> 0 -> 0 -> 0 -> 0 -> 0 -> 0 -> 0 -> 0 -> 0 -> 0 -> 0 -> 0 -> 0],[6; 6; 6; 5; 5; 4; 4; 5; 2; 2; 2; 2; 1; 1; 1; 1; 1; 1; 1; 1; 1; 1; 1; 1; 1; 1; 1; 1; 1; 1; 1; 1; 1; 1; 1; 1; 1; 1; 1; 1; 1; 1; 1; 1; 1; 1],333.08,,,,,,,,0,0.013,,,,,,,
chain,50,CREATE_DELETE,0.7,,,,,[0 -> 0 -> 0 -> 0 -> 0 -> 0 -> 0 -> 0 -> 0 -> 0 -> 0 -> 0 -> 0 -> 0 -> 0 -> 0 -> 0 -> 0 -> 0 -> 0 -> 0 -> 0 -> 0 -> 0 -> 0 -> 0 -> 0 -> 0 -> 0 -> 0 -> 0 -> 0 -> 0 -> 0 -> 0 -> 0 -> 0 -> 0 -> 0 -> 0 -> 0 -> 0 -> 0 -> 0 -> 0 -> 0 -> 0 -> 0 -> 0 -> 0],[0 -> 0 -> 0 -> 0 -> 0 -> 0 -> 0 -> 0 -> 0 -> 0 -> 0 -> 0 -> 0 -> 0 -> 0 -> 0 -> 0 -> 0 -> 0 -> 0 -> 0 -> 0 -> 0 -> 0 -> 0 -> 0 -> 0 -> 0 -> 0 -> 0 -> 0 -> 0 -> 0 -> 0 -> 0 -> 0 -> 0 -> 0 -> 0 -> 0 -> 0 -> 0 -> 0 -> 0 -> 0 -> 0 -> 0 -> 0 -> 0 -> 0],[3; 3; 3; 3; 3; 3; 3; 3; 2; 2; 1; 1; 1; 1; 1; 1; 1; 1; 1; 1; 1; 1; 1; 1; 1; 1; 1; 1; 1; 1; 1; 1; 1; 1; 1; 1; 1; 1; 1; 1; 1; 1; 1; 1; 1; 1; 1; 1; 1; 1; 1; 1; 1; 1; 1; 1; 1; 1; 1; 1; 1; 1; 1; 1; 1; 1; 1; 1; 1; 1],392.588,,,,,,,,0,0.019,,,,,,,
chain,50,CREATE_DELETE,0.7,,,,,[0 -> 0 -> 0 -> 0 -> 0 -> 0 -> 0 -> 0 -> 0 -> 0 -> 0 -> 0 -> 0 -> 0 -> 0 -> 0 -> 0 -> 0 -> 0 -> 0 -> 0 -> 0 -> 0 -> 0 -> 0 -> 0 -> 0 -> 0 -> 0 -> 0 -> 0 -> 0 -> 0 -> 0 -> 0 -> 0 -> 0 -> 0 -> 0 -> 0 -> 0 -> 0 -> 0 -> 0 -> 0 -> 0 -> 0 -> 0 -> 0 -> 0],[0 -> 0 -> 0 -> 0 -> 0 -> 0 -> 0 -> 0 -> 0 -> 0 -> 0 -> 0 -> 0 -> 0 -> 0 -> 0 -> 0 -> 0 -> 0 -> 0 -> 0 -> 0 -> 0 -> 0 -> 0 -> 0 -> 0 -> 0 -> 0 -> 0 -> 0 -> 0 -> 0 -> 0 -> 0 -> 0 -> 0 -> 0 -> 0 -> 0 -> 0 -> 0 -> 0 -> 0 -> 0 -> 0 -> 0 -> 0 -> 0 -> 0],[5; 5; 4; 4; 3; 3; 3; 3; 3; 3; 2; 2; 2; 2; 2; 2; 2; 2; 2; 1; 1; 1; 1; 1; 1; 1; 1; 1; 1; 1; 1; 1; 1; 1; 1; 1; 1; 1; 1; 1; 1; 1; 1; 1; 1; 1; 1; 1; 1; 1],386.764,,,,,,,,0,0.014,,,,,,,
diamond,5,UPDATE,0.4,,,CREATE_DELETE,CREATE_DELETE,[0 -> 0|1|2|3|4 -> 0],[0 -> 0|1|2|3|4 -> 0],[1; 2; 1; 1; 2; 1],0,,TRUE,0.135,TRUE,0.125,0,0.588,0,0,,,,,,,
diamond,5,UPDATE,0.4,,,CREATE_DELETE,DELETE_CREATE,[0 -> 0|1|2|3|4 -> 0],[0 -> 0|1|2|3|4 -> 0],[2; 5; 2; 2],0,,,,,,,,0,0,,,,,,,
diamond,5,UPDATE,0.4,,,CREATE_DELETE,NOOP,[0 -> 0|1|2|3|4 -> 0],[0 -> 0|1|2|3|4 -> 0],[2; 5; 1; 1],0.004,,,,FALSE,0.018,,,1,0,,,,,,,
diamond,5,UPDATE,0.4,,,CREATE_DELETE,UPDATE,[0 -> 0|1|2|3|4 -> 0],[0 -> 0|1|2|3|4 -> 0],[2; 5; 2; 1],0.004,,,,FALSE,0.02,,,1,0,,,,,,,
diamond,5,UPDATE,0.4,,,DELETE_CREATE,CREATE_DELETE,[0 -> 0|1|2|3|4 -> 0],[0 -> 0|1|2|3|4 -> 0],[1; 3; 1; 1; 1; 1],0,,TRUE,0.624,TRUE,0.616,0,3.514,0,0,,,,,,,
diamond,5,UPDATE,0.4,,,DELETE_CREATE,DELETE_CREATE,[0 -> 0|1|2|3|4 -> 0],[0 -> 0|1|2|3|4 -> 0],[1; 1; 1; 1; 4; 1],0.004,,TRUE,3.674,FALSE,0.012,8,16.057,4,0,,,,,,,
diamond,5,UPDATE,0.4,,,DELETE_CREATE,NOOP,[0 -> 0|1|2|3|4 -> 0],[0 -> 0|1|2|3|4 -> 0],[2; 3; 1; 1],0.004,,TRUE,43.975,FALSE,0.016,2,199.04,1,0,,,,,,,
diamond,5,UPDATE,0.4,,,DELETE_CREATE,UPDATE,[0 -> 0|1|2|3|4 -> 0],[0 -> 0|1|2|3|4 -> 0],[1; 4; 2; 1],0.004,,TRUE,626.145,TRUE,596.221,,,0,0,,,,,,,
diamond,5,UPDATE,0.4,,,NOOP,CREATE_DELETE,[0 -> 0|1|2|3|4 -> 0],[0 -> 0|1|2|3|4 -> 0],[4; 1; 1; 1],0,,TRUE,17.36,TRUE,15.693,0,28.134,0,0,,,,,,,
diamond,5,UPDATE,0.4,,,NOOP,DELETE_CREATE,[0 -> 0|1|2|3|4 -> 0],[0 -> 0|1|2|3|4 -> 0],[4; 3; 1; 1],0.004,,,,,,,,0,0,,,,,,,
diamond,5,UPDATE,0.4,,,NOOP,NOOP,[0 -> 0|1|2|3|4 -> 0],[0 -> 0|1|2|3|4 -> 0],[5; 3],0,,,,FALSE,0.015,,,2,0,,,,,,,
diamond,5,UPDATE,0.4,,,NOOP,UPDATE,[0 -> 0|1|2|3|4 -> 0],[0 -> 0|1|2|3|4 -> 0],[3; 2; 1],0.004,,TRUE,7.965,FALSE,0.012,4,4.175,2,0,,,,,,,
diamond,5,UPDATE,0.4,,,UPDATE,CREATE_DELETE,[0 -> 0|1|2|3|4 -> 0],[0 -> 0|1|2|3|4 -> 0],[1; 5; 1; 1; 2],0.004,,,,,,,,0,0,,,,,,,
diamond,5,UPDATE,0.4,,,UPDATE,DELETE_CREATE,[0 -> 0|1|2|3|4 -> 0],[0 -> 0|1|2|3|4 -> 0],[2; 3; 2],0.004,,TRUE,64.129,TRUE,57.73,0,266.177,0,0,,,,,,,
diamond,5,UPDATE,0.4,,,UPDATE,NOOP,[0 -> 0|1|2|3|4 -> 0],[0 -> 0|1|2|3|4 -> 0],[1; 5; 3],0,,,,,,,,0,0,,,,,,,
diamond,5,UPDATE,0.4,,,UPDATE,UPDATE,[0 -> 0|1|2|3|4 -> 0],[0 -> 0|1|2|3|4 -> 0],[3; 4; 1],0.004,,,,FALSE,0.015,,,2,0,,,,,,,
diamond,5,UPDATE,0.7,,,CREATE_DELETE,CREATE_DELETE,[0 -> 0|1|2|3|4 -> 0],[0 -> 0|1|2|3|4 -> 0],[1; 5; 1; 1; 1],0,,TRUE,694.332,TRUE,658.656,,,0,0,,,,,,,
diamond,5,UPDATE,0.7,,,CREATE_DELETE,DELETE_CREATE,[0 -> 0|1|2|3|4 -> 0],[0 -> 0|1|2|3|4 -> 0],[2; 5; 2; 1],0.004,,,,,,,,0,0,,,,,,,
diamond,5,UPDATE,0.7,,,CREATE_DELETE,NOOP,[0 -> 0|1|2|3|4 -> 0],[0 -> 0|1|2|3|4 -> 0],[2; 6],0,,,,FALSE,0.017,,,1,0,,,,,,,
diamond,5,UPDATE,0.7,,,CREATE_DELETE,UPDATE,[0 -> 0|1|2|3|4 -> 0],[0 -> 0|1|2|3|4 -> 0],[1; 4; 2; 1],0,,TRUE,611.765,TRUE,592.102,,,0,0,,,,,,,
diamond,5,UPDATE,0.7,,,DELETE_CREATE,CREATE_DELETE,[0 -> 0|1|2|3|4 -> 0],[0 -> 0|1|2|3|4 -> 0],[1; 5; 1; 1; 2; 1],0.004,,,,,,,,0,0,,,,,,,
diamond,5,UPDATE,0.7,,,DELETE_CREATE,DELETE_CREATE,[0 -> 0|1|2|3|4 -> 0],[0 -> 0|1|2|3|4 -> 0],[1; 1; 1; 5; 1],0.004,,TRUE,167.148,FALSE,0.013,10,648.803,5,0,,,,,,,
diamond,5,UPDATE,0.7,,,DELETE_CREATE,NOOP,[0 -> 0|1|2|3|4 -> 0],[0 -> 0|1|2|3|4 -> 0],[1; 1; 5],0,,TRUE,207.003,FALSE,0.013,12,327.49,6,0,,,,,,,
diamond,5,UPDATE,0.7,,,DELETE_CREATE,UPDATE,[0 -> 0|1|2|3|4 -> 0],[0 -> 0|1|2|3|4 -> 0],[2; 5; 3; 1],0.004,,,,FALSE,0.023,,,1,0,,,,,,,
diamond,5,UPDATE,0.7,,,NOOP,CREATE_DELETE,[0 -> 0|1|2|3|4 -> 0],[0 -> 0|1|2|3|4 -> 0],[5; 1; 1],0,,TRUE,546.002,TRUE,533.129,,,0,0,,,,,,,
diamond,5,UPDATE,0.7,,,NOOP,DELETE_CREATE,[0 -> 0|1|2|3|4 -> 0],[0 -> 0|1|2|3|4 -> 0],[6; 1],0.004,,,,,,,,0,0,,,,,,,
diamond,5,UPDATE,0.7,,,NOOP,NOOP,[0 -> 0|1|2|3|4 -> 0],[0 -> 0|1|2|3|4 -> 0],[4; 1],0.004,,TRUE,33.923,FALSE,0.015,2,33.084,1,0,,,,,,,
diamond,5,UPDATE,0.7,,,NOOP,UPDATE,[0 -> 0|1|2|3|4 -> 0],[0 -> 0|1|2|3|4 -> 0],[3; 2],0.004,,TRUE,2.814,TRUE,2.535,0,4.84,0,0,,,,,,,
diamond,5,UPDATE,0.7,,,UPDATE,CREATE_DELETE,[0 -> 0|1|2|3|4 -> 0],[0 -> 0|1|2|3|4 -> 0],[1; 4; 1; 1; 1],0.004,,TRUE,18.722,TRUE,17.381,0,59.488,0,0,,,,,,,
diamond,5,UPDATE,0.7,,,UPDATE,DELETE_CREATE,[0 -> 0|1|2|3|4 -> 0],[0 -> 0|1|2|3|4 -> 0],[2; 4; 2],0,,,,,,,,0,0,,,,,,,
diamond,5,UPDATE,0.7,,,UPDATE,NOOP,[0 -> 0|1|2|3|4 -> 0],[0 -> 0|1|2|3|4 -> 0],[2; 4; 1],0,,TRUE,719.049,FALSE,0.017,,,1,0,,,,,,,
diamond,5,UPDATE,0.7,,,UPDATE,UPDATE,[0 -> 0|1|2|3|4 -> 0],[0 -> 0|1|2|3|4 -> 0],[3; 5; 1],0.004,,,,FALSE,0.017,,,2,0,,,,,,,
diamond,5,NOOP,0.4,,,CREATE_DELETE,CREATE_DELETE,[0 -> 0|1|2|3|4 -> 0],[0 -> 0|1|2|3|4 -> 0],[1; 2; 1; 1; 2; 1],0.004,,TRUE,0.125,TRUE,0.123,0,0.573,0,0,,,,,,,
diamond,5,NOOP,0.4,,,CREATE_DELETE,DELETE_CREATE,[0 -> 0|1|2|3|4 -> 0],[0 -> 0|1|2|3|4 -> 0],[2; 3; 3; 1],0,,,,,,,,0,0,,,,,,,
diamond,5,NOOP,0.4,,,CREATE_DELETE,NOOP,[0 -> 0|1|2|3|4 -> 0],[0 -> 0|1|2|3|4 -> 0],[1; 3; 3; 1],0,,TRUE,110.316,TRUE,104.908,0,442.437,0,0,,,,,,,
diamond,5,NOOP,0.4,,,CREATE_DELETE,UPDATE,[0 -> 0|1|2|3|4 -> 0],[0 -> 0|1|2|3|4 -> 0],[2; 2; 1],0,,TRUE,0.182,FALSE,0.012,2,0.945,1,0,,,,,,,
diamond,5,NOOP,0.4,,,DELETE_CREATE,CREATE_DELETE,[0 -> 0|1|2|3|4 -> 0],[0 -> 0|1|2|3|4 -> 0],[1; 2; 1; 1; 1; 1],0.004,,TRUE,0.054,TRUE,0.051,0,0.249,0,0,,,,,,,
diamond,5,NOOP,0.4,,,DELETE_CREATE,DELETE_CREATE,[0 -> 0|1|2|3|4 -> 0],[0 -> 0|1|2|3|4 -> 0],[2; 4; 4; 1],0,,,,,,,,0,0,,,,,,,
diamond,5,NOOP,0.4,,,DELETE_CREATE,NOOP,[0 -> 0|1|2|3|4 -> 0],[0 -> 0|1|2|3|4 -> 0],[2; 4; 2; 1],0,,,,FALSE,0.017,,,1,0,,,,,,,
diamond,5,NOOP,0.4,,,DELETE_CREATE,UPDATE,[0 -> 0|1|2|3|4 -> 0],[0 -> 0|1|2|3|4 -> 0],[1; 1; 1; 1],0,,TRUE,0.013,FALSE,0.011,12,0.054,6,0,,,,,,,
diamond,5,NOOP,0.4,,,NOOP,CREATE_DELETE,[0 -> 0|1|2|3|4 -> 0],[0 -> 0|1|2|3|4 -> 0],[2; 1; 1],0,,TRUE,0.037,TRUE,0.034,0,0.033,0,0,,,,,,,
diamond,5,NOOP,0.4,,,NOOP,DELETE_CREATE,[0 -> 0|1|2|3|4 -> 0],[0 -> 0|1|2|3|4 -> 0],[4; 3; 1; 1],0.004,,,,,,,,0,0,,,,,,,
diamond,5,NOOP,0.4,,,NOOP,NOOP,[0 -> 0|1|2|3|4 -> 0],[0 -> 0|1|2|3|4 -> 0],[2; 2],0.004,,TRUE,0.105,FALSE,0.011,2,0.099,1,0,,,,,,,
diamond,5,NOOP,0.4,,,NOOP,UPDATE,[0 -> 0|1|2|3|4 -> 0],[0 -> 0|1|2|3|4 -> 0],[3; 2; 1],0.004,,TRUE,15.662,FALSE,0.014,2,19.796,1,0,,,,,,,
diamond,5,NOOP,0.4,,,UPDATE,CREATE_DELETE,[0 -> 0|1|2|3|4 -> 0],[0 -> 0|1|2|3|4 -> 0],[1; 2; 1; 1; 2],0,,TRUE,0.106,TRUE,0.106,0,0.291,0,0,,,,,,,
diamond,5,NOOP,0.4,,,UPDATE,DELETE_CREATE,[0 -> 0|1|2|3|4 -> 0],[0 -> 0|1|2|3|4 -> 0],[2; 5; 2; 1],0,,,,,,,,0,0,,,,,,,
diamond,5,NOOP,0.4,,,UPDATE,NOOP,[0 -> 0|1|2|3|4 -> 0],[0 -> 0|1|2|3|4 -> 0],[3; 2],0,,TRUE,1.091,FALSE,0.011,4,2.933,2,0,,,,,,,
diamond,5,NOOP,0.4,,,UPDATE,UPDATE,[0 -> 0|1|2|3|4 -> 0],[0 -> 0|1|2|3|4 -> 0],[1; 3; 3],0,,TRUE,48.058,TRUE,45.311,0,191.668,0,0,,,,,,,
diamond,5,NOOP,0.7,,,CREATE_DELETE,CREATE_DELETE,[0 -> 0|1|2|3|4 -> 0],[0 -> 0|1|2|3|4 -> 0],[1; 5; 1; 1; 3; 1],0,,,,,,,,0,0,,,,,,,
diamond,5,NOOP,0.7,,,CREATE_DELETE,DELETE_CREATE,[0 -> 0|1|2|3|4 -> 0],[0 -> 0|1|2|3|4 -> 0],[2; 4; 3; 1],0,,,,,,,,0,0,,,,,,,
diamond,5,NOOP,0.7,,,CREATE_DELETE,NOOP,[0 -> 0|1|2|3|4 -> 0],[0 -> 0|1|2|3|4 -> 0],[2; 2],0,,TRUE,0.066,FALSE,0.011,2,0.247,1,0,,,,,,,
diamond,5,NOOP,0.7,,,CREATE_DELETE,UPDATE,[0 -> 0|1|2|3|4 -> 0],[0 -> 0|1|2|3|4 -> 0],[1; 2; 2; 1],0,,TRUE,0.43,TRUE,0.419,0,2.424,0,0,,,,,,,
diamond,5,NOOP,0.7,,,DELETE_CREATE,CREATE_DELETE,[0 -> 0|1|2|3|4 -> 0],[0 -> 0|1|2|3|4 -> 0],[1; 1; 1; 1; 1; 1],0,,TRUE,0.018,TRUE,0.017,0,0.064,0,0,,,,,,,
diamond,5,NOOP,0.7,,,DELETE_CREATE,DELETE_CREATE,[0 -> 0|1|2|3|4 -> 0],[0 -> 0|1|2|3|4 -> 0],[1; 1; 1; 1; 2; 1],0.004,,TRUE,0.02,FALSE,0.012,8,0.084,4,0,,,,,,,
diamond,5,NOOP,0.7,,,DELETE_CREATE,NOOP,[0 -> 0|1|2|3|4 -> 0],[0 -> 0|1|2|3|4 -> 0],[2; 3; 1; 1],0,,TRUE,41.427,FALSE,0.015,2,198.555,1,0,,,,,,,
diamond,5,NOOP,0.7,,,DELETE_CREATE,UPDATE,[0 -> 0|1|2|3|4 -> 0],[0 -> 0|1|2|3|4 -> 0],[1; 1; 2; 1],0,,TRUE,0.03,FALSE,0.012,12,0.074,6,0,,,,,,,
diamond,5,NOOP,0.7,,,NOOP,CREATE_DELETE,[0 -> 0|1|2|3|4 -> 0],[0 -> 0|1|2|3|4 -> 0],[1; 1; 1; 1],0,,TRUE,0.016,TRUE,0.015,0,0.017,0,0,,,,,,,
diamond,5,NOOP,0.7,,,NOOP,DELETE_CREATE,[0 -> 0|1|2|3|4 -> 0],[0 -> 0|1|2|3|4 -> 0],[1; 4; 4; 1],0,,,,,,,,0,0,,,,,,,
diamond,5,NOOP,0.7,,,NOOP,NOOP,[0 -> 0|1|2|3|4 -> 0],[0 -> 0|1|2|3|4 -> 0],[3; 2],0.004,,TRUE,7.13,TRUE,6.472,0,7.996,0,0,,,,,,,
diamond,5,NOOP,0.7,,,NOOP,UPDATE,[0 -> 0|1|2|3|4 -> 0],[0 -> 0|1|2|3|4 -> 0],[2; 2],0,,TRUE,0.141,TRUE,0.129,0,0.151,0,0,,,,,,,
diamond,5,NOOP,0.7,,,UPDATE,CREATE_DELETE,[0 -> 0|1|2|3|4 -> 0],[0 -> 0|1|2|3|4 -> 0],[1; 2; 1; 1; 1],0,,TRUE,0.052,TRUE,0.048,0,0.134,0,0,,,,,,,
diamond,5,NOOP,0.7,,,UPDATE,DELETE_CREATE,[0 -> 0|1|2|3|4 -> 0],[0 -> 0|1|2|3|4 -> 0],[2; 1; 1],0.004,,TRUE,0.041,TRUE,0.039,0,0.108,0,0,,,,,,,
diamond,5,NOOP,0.7,,,UPDATE,NOOP,[0 -> 0|1|2|3|4 -> 0],[0 -> 0|1|2|3|4 -> 0],[2; 1],0.004,,TRUE,0.02,FALSE,0.011,2,0.065,1,0,,,,,,,
diamond,5,NOOP,0.7,,,UPDATE,UPDATE,[0 -> 0|1|2|3|4 -> 0],[0 -> 0|1|2|3|4 -> 0],[2; 1; 1],0,,TRUE,0.027,FALSE,0.012,2,0.062,1,0,,,,,,,
diamond,5,DELETE_CREATE,0.4,,,CREATE_DELETE,CREATE_DELETE,[0 -> 0|1|2|3|4 -> 0],[0 -> 0|1|2|3|4 -> 0],[1; 5; 1; 1; 4; 1],0,,,,,,,,0,0,,,,,,,
diamond,5,DELETE_CREATE,0.4,,,CREATE_DELETE,DELETE_CREATE,[0 -> 0|1|2|3|4 -> 0],[0 -> 0|1|2|3|4 -> 0],[2; 4; 5; 1],0,,,,,,,,0,0,,,,,,,
diamond,5,DELETE_CREATE,0.4,,,CREATE_DELETE,NOOP,[0 -> 0|1|2|3|4 -> 0],[0 -> 0|1|2|3|4 -> 0],[3; 4; 1; 1],0,,,,FALSE,0.016,,,2,0,,,,,,,
diamond,5,DELETE_CREATE,0.4,,,CREATE_DELETE,UPDATE,[0 -> 0|1|2|3|4 -> 0],[0 -> 0|1|2|3|4 -> 0],[4; 5; 2; 1],0,,,,FALSE,0.019,,,3,0,,,,,,,
diamond,5,DELETE_CREATE,0.4,,,DELETE_CREATE,CREATE_DELETE,[0 -> 0|1|2|3|4 -> 0],[0 -> 0|1|2|3|4 -> 0],[1; 4; 1; 1; 3; 1],0,,TRUE,609.799,TRUE,544.204,,,0,0,,,,,,,
diamond,5,DELETE_CREATE,0.4,,,DELETE_CREATE,DELETE_CREATE,[0 -> 0|1|2|3|4 -> 0],[0 -> 0|1|2|3|4 -> 0],[2; 3; 3; 2],0.004,,,,,,,,0,0,,,,,,,
diamond,5,DELETE_CREATE,0.4,,,DELETE_CREATE,NOOP,[0 -> 0|1|2|3|4 -> 0],[0 -> 0|1|2|3|4 -> 0],[3; 1; 1; 5],0,,,,FALSE,0.013,,,6,0,,,,,,,
diamond,5,DELETE_CREATE,0.4,,,DELETE_CREATE,UPDATE,[0 -> 0|1|2|3|4 -> 0],[0 -> 0|1|2|3|4 -> 0],[1; 1; 1; 3; 1],0,,TRUE,0.217,FALSE,0.011,12,0.549,6,0,,,,,,,
diamond,5,DELETE_CREATE,0.4,,,NOOP,CREATE_DELETE,[0 -> 0|1|2|3|4 -> 0],[0 -> 0|1|2|3|4 -> 0],[5; 1; 1; 4],0,,,,,,,,0,0,,,,,,,
diamond,5,DELETE_CREATE,0.4,,,NOOP,DELETE_CREATE,[0 -> 0|1|2|3|4 -> 0],[0 -> 0|1|2|3|4 -> 0],[5; 2; 1; 1],0,,,,,,,,0,0,,,,,,,
diamond,5,DELETE_CREATE,0.4,,,NOOP,NOOP,[0 -> 0|1|2|3|4 -> 0],[0 -> 0|1|2|3|4 -> 0],[5; 4],0.004,,,,FALSE,0.016,,,3,0,,,,,,,
diamond,5,DELETE_CREATE,0.4,,,NOOP,UPDATE,[0 -> 0|1|2|3|4 -> 0],[0 -> 0|1|2|3|4 -> 0],[5; 4; 1],0.004,,,,FALSE,0.019,,,2,0,,,,,,,
diamond,5,DELETE_CREATE,0.4,,,UPDATE,CREATE_DELETE,[0 -> 0|1|2|3|4 -> 0],[0 -> 0|1|2|3|4 -> 0],[1; 1; 1; 1; 1],0.004,,TRUE,0.015,TRUE,0.014,0,0.064,0,0,,,,,,,
diamond,5,DELETE_CREATE,0.4,,,UPDATE,DELETE_CREATE,[0 -> 0|1|2|3|4 -> 0],[0 -> 0|1|2|3|4 -> 0],[2; 4; 4; 1],0,,,,,,,,0,0,,,,,,,
diamond,5,DELETE_CREATE,0.4,,,UPDATE,NOOP,[0 -> 0|1|2|3|4 -> 0],[0 -> 0|1|2|3|4 -> 0],[1; 5; 2],0.004,,,,,,,,0,0,,,,,,,
diamond,5,DELETE_CREATE,0.4,,,UPDATE,UPDATE,[0 -> 0|1|2|3|4 -> 0],[0 -> 0|1|2|3|4 -> 0],[2; 4; 1],0,,TRUE,120.085,FALSE,0.014,2,445.789,1,0,,,,,,,
diamond,5,DELETE_CREATE,0.7,,,CREATE_DELETE,CREATE_DELETE,[0 -> 0|1|2|3|4 -> 0],[0 -> 0|1|2|3|4 -> 0],[1; 5; 1; 1; 3; 1],0,,,,,,,,0,0,,,,,,,
diamond,5,DELETE_CREATE,0.7,,,CREATE_DELETE,DELETE_CREATE,[0 -> 0|1|2|3|4 -> 0],[0 -> 0|1|2|3|4 -> 0],[2; 4; 5; 1],0.004,,,,,,,,0,0,,,,,,,
diamond,5,DELETE_CREATE,0.7,,,CREATE_DELETE,NOOP,[0 -> 0|1|2|3|4 -> 0],[0 -> 0|1|2|3|4 -> 0],[5; 6],0.004,,,,FALSE,0.016,,,4,0,,,,,,,
diamond,5,DELETE_CREATE,0.7,,,CREATE_DELETE,UPDATE,[0 -> 0|1|2|3|4 -> 0],[0 -> 0|1|2|3|4 -> 0],[6; 6; 1],0,,,,FALSE,0.019,,,5,0,,,,,,,
diamond,5,DELETE_CREATE,0.7,,,DELETE_CREATE,CREATE_DELETE,[0 -> 0|1|2|3|4 -> 0],[0 -> 0|1|2|3|4 -> 0],[1; 4; 1; 1; 4; 1],0,,,,,,,,0,0,,,,,,,
diamond,5,DELETE_CREATE,0.7,,,DELETE_CREATE,DELETE_CREATE,[0 -> 0|1|2|3|4 -> 0],[0 -> 0|1|2|3|4 -> 0],[1; 3; 1; 1; 4; 1],0.004,,TRUE,334.042,FALSE,0.015,,,2,0,,,,,,,
diamond,5,DELETE_CREATE,0.7,,,DELETE_CREATE,NOOP,[0 -> 0|1|2|3|4 -> 0],[0 -> 0|1|2|3|4 -> 0],[5; 1; 1; 5],0,,,,FALSE,0.016,,,6,0,,,,,,,
diamond,5,DELETE_CREATE,0.7,,,DELETE_CREATE,UPDATE,[0 -> 0|1|2|3|4 -> 0],[0 -> 0|1|2|3|4 -> 0],[5; 1; 1; 5; 1],0.004,,,,FALSE,0.019,,,6,0,,,,,,,
diamond,5,DELETE_CREATE,0.7,,,NOOP,CREATE_DELETE,[0 -> 0|1|2|3|4 -> 0],[0 -> 0|1|2|3|4 -> 0],[5; 1; 1; 5],0.004,,,,,,,,0,0,,,,,,,
diamond,5,DELETE_CREATE,0.7,,,NOOP,DELETE_CREATE,[0 -> 0|1|2|3|4 -> 0],[0 -> 0|1|2|3|4 -> 0],[2; 3; 3; 1],0.004,,,,,,,,0,0,,,,,,,
diamond,5,DELETE_CREATE,0.7,,,NOOP,NOOP,[0 -> 0|1|2|3|4 -> 0],[0 -> 0|1|2|3|4 -> 0],[5; 5],0,,,,FALSE,0.015,10,0.087,5,0,,,,,,,
diamond,5,DELETE_CREATE,0.7,,,NOOP,UPDATE,[0 -> 0|1|2|3|4 -> 0],[0 -> 0|1|2|3|4 -> 0],[5; 5; 1],0.004,,,,FALSE,0.018,,,4,0,,,,,,,
diamond,5,DELETE_CREATE,0.7,,,UPDATE,CREATE_DELETE,[0 -> 0|1|2|3|4 -> 0],[0 -> 0|1|2|3|4 -> 0],[1; 5; 1; 1; 5],0,,,,,,,,0,0,,,,,,,
diamond,5,DELETE_CREATE,0.7,,,UPDATE,DELETE_CREATE,[0 -> 0|1|2|3|4 -> 0],[0 -> 0|1|2|3|4 -> 0],[2; 5; 5; 1],0,,,,,,,,0,0,,,,,,,
diamond,5,DELETE_CREATE,0.7,,,UPDATE,NOOP,[0 -> 0|1|2|3|4 -> 0],[0 -> 0|1|2|3|4 -> 0],[4; 5; 1],0.004,,,,FALSE,0.018,,,3,0,,,,,,,
diamond,5,DELETE_CREATE,0.7,,,UPDATE,UPDATE,[0 -> 0|1|2|3|4 -> 0],[0 -> 0|1|2|3|4 -> 0],[3; 5; 2],0,,,,FALSE,0.02,,,2,0,,,,,,,
diamond,5,CREATE_DELETE,0.4,,,CREATE_DELETE,CREATE_DELETE,[0 -> 0|1|2|3|4 -> 0],[0 -> 0|1|2|3|4 -> 0],[1; 3; 1; 1; 3; 1],0,,TRUE,22.148,TRUE,19.869,0,89.798,0,0,,,,,,,
diamond,5,CREATE_DELETE,0.4,,,CREATE_DELETE,DELETE_CREATE,[0 -> 0|1|2|3|4 -> 0],[0 -> 0|1|2|3|4 -> 0],[2; 4; 4; 2],0.004,,,,,,,,0,0,,,,,,,
diamond,5,CREATE_DELETE,0.4,,,CREATE_DELETE,NOOP,[0 -> 0|1|2|3|4 -> 0],[0 -> 0|1|2|3|4 -> 0],[2; 3; 1; 1],0,,TRUE,42.567,FALSE,0.014,2,198.891,1,0,,,,,,,
diamond,5,CREATE_DELETE,0.4,,,CREATE_DELETE,UPDATE,[0 -> 0|1|2|3|4 -> 0],[0 -> 0|1|2|3|4 -> 0],[2; 5; 1],0.004,,,,FALSE,0.015,,,1,0,,,,,,,
diamond,5,CREATE_DELETE,0.4,,,DELETE_CREATE,CREATE_DELETE,[0 -> 0|1|2|3|4 -> 0],[0 -> 0|1|2|3|4 -> 0],[1; 4; 1; 1; 4; 1],0,,,,,,,,0,0,,,,,,,
diamond,5,CREATE_DELETE,0.4,,,DELETE_CREATE,DELETE_CREATE,[0 -> 0|1|2|3|4 -> 0],[0 -> 0|1|2|3|4 -> 0],[2; 4; 3; 1],0,,,,,,,,0,0,,,,,,,
diamond,5,CREATE_DELETE,0.4,,,DELETE_CREATE,NOOP,[0 -> 0|1|2|3|4 -> 0],[0 -> 0|1|2|3|4 -> 0],[2; 3; 1; 1],0.004,,TRUE,43.096,FALSE,0.014,2,198.627,1,0,,,,,,,
diamond,5,CREATE_DELETE,0.4,,,DELETE_CREATE,UPDATE,[0 -> 0|1|2|3|4 -> 0],[0 -> 0|1|2|3|4 -> 0],[1; 3; 3; 1],0.004,,TRUE,121.616,TRUE,115.539,0,785.067,0,0,,,,,,,
diamond,5,CREATE_DELETE,0.4,,,NOOP,CREATE_DELETE,[0 -> 0|1|2|3|4 -> 0],[0 -> 0|1|2|3|4 -> 0],[2; 1; 1; 2],0.004,,TRUE,0.094,TRUE,0.095,0,0.121,0,0,,,,,,,
diamond,5,CREATE_DELETE,0.4,,,NOOP,DELETE_CREATE,[0 -> 0|1|2|3|4 -> 0],[0 -> 0|1|2|3|4 -> 0],[4; 3; 1; 1],0.004,,,,,,,,0,0,,,,,,,
diamond,5,CREATE_DELETE,0.4,,,NOOP,NOOP,[0 -> 0|1|2|3|4 -> 0],[0 -> 0|1|2|3|4 -> 0],[3; 3],0,,TRUE,62.501,FALSE,0.014,2,74.489,1,0,,,,,,,
diamond,5,CREATE_DELETE,0.4,,,NOOP,UPDATE,[0 -> 0|1|2|3|4 -> 0],[0 -> 0|1|2|3|4 -> 0],[5; 4],0,,,,,,,,0,0,,,,,,,
diamond,5,CREATE_DELETE,0.4,,,UPDATE,CREATE_DELETE,[0 -> 0|1|2|3|4 -> 0],[0 -> 0|1|2|3|4 -> 0],[1; 2; 1; 1; 2],0.004,,TRUE,0.097,TRUE,0.096,0,0.285,0,0,,,,,,,
diamond,5,CREATE_DELETE,0.4,,,UPDATE,DELETE_CREATE,[0 -> 0|1|2|3|4 -> 0],[0 -> 0|1|2|3|4 -> 0],[2; 3; 1; 1],0,,TRUE,7.828,TRUE,7.159,0,39.45,0,0,,,,,,,
diamond,5,CREATE_DELETE,0.4,,,UPDATE,NOOP,[0 -> 0|1|2|3|4 -> 0],[0 -> 0|1|2|3|4 -> 0],[3; 4],0,,,,FALSE,0.014,,,2,0,,,,,,,
diamond,5,CREATE_DELETE,0.4,,,UPDATE,UPDATE,[0 -> 0|1|2|3|4 -> 0],[0 -> 0|1|2|3|4 -> 0],[1; 4; 3],0,,,,,,,,0,0,,,,,,,
diamond,5,CREATE_DELETE,0.7,,,CREATE_DELETE,CREATE_DELETE,[0 -> 0|1|2|3|4 -> 0],[0 -> 0|1|2|3|4 -> 0],[1; 5; 1; 1; 5; 1],0.004,,,,,,,,0,0,,,,,,,
diamond,5,CREATE_DELETE,0.7,,,CREATE_DELETE,DELETE_CREATE,[0 -> 0|1|2|3|4 -> 0],[0 -> 0|1|2|3|4 -> 0],[2; 5; 5; 2],0.004,,,,,,,,0,0,,,,,,,
diamond,5,CREATE_DELETE,0.7,,,CREATE_DELETE,NOOP,[0 -> 0|1|2|3|4 -> 0],[0 -> 0|1|2|3|4 -> 0],[2; 3; 2; 1],0.004,,TRUE,254.745,FALSE,0.016,,,1,0,,,,,,,
diamond,5,CREATE_DELETE,0.7,,,CREATE_DELETE,UPDATE,[0 -> 0|1|2|3|4 -> 0],[0 -> 0|1|2|3|4 -> 0],[1; 5; 5; 1],0,,,,,,,,0,0,,,,,,,
diamond,5,CREATE_DELETE,0.7,,,DELETE_CREATE,CREATE_DELETE,[0 -> 0|1|2|3|4 -> 0],[0 -> 0|1|2|3|4 -> 0],[1; 5; 1; 1; 3; 1],0.004,,,,,,,,0,0,,,,,,,
diamond,5,CREATE_DELETE,0.7,,,DELETE_CREATE,DELETE_CREATE,[0 -> 0|1|2|3|4 -> 0],[0 -> 0|1|2|3|4 -> 0],[2; 4; 5; 1],0.004,,,,,,,,0,0,,,,,,,
diamond,5,CREATE_DELETE,0.7,,,DELETE_CREATE,NOOP,[0 -> 0|1|2|3|4 -> 0],[0 -> 0|1|2|3|4 -> 0],[2; 5; 3; 1],0,,,,FALSE,0.024,,,1,0,,,,,,,
diamond,5,CREATE_DELETE,0.7,,,DELETE_CREATE,UPDATE,[0 -> 0|1|2|3|4 -> 0],[0 -> 0|1|2|3|4 -> 0],[1; 5; 6; 1],0.004,,,,,,,,0,0,,,,,,,
diamond,5,CREATE_DELETE,0.7,,,NOOP,CREATE_DELETE,[0 -> 0|1|2|3|4 -> 0],[0 -> 0|1|2|3|4 -> 0],[5; 1; 1; 4],0,,,,,,,,0,0,,,,,,,
diamond,5,CREATE_DELETE,0.7,,,NOOP,DELETE_CREATE,[0 -> 0|1|2|3|4 -> 0],[0 -> 0|1|2|3|4 -> 0],[5; 4; 1; 1],0.004,,,,,,,,0,0,,,,,,,
diamond,5,CREATE_DELETE,0.7,,,NOOP,NOOP,[0 -> 0|1|2|3|4 -> 0],[0 -> 0|1|2|3|4 -> 0],[5; 4],0.004,,,,FALSE,0.02,,,1,0,,,,,,,
diamond,5,CREATE_DELETE,0.7,,,NOOP,UPDATE,[0 -> 0|1|2|3|4 -> 0],[0 -> 0|1|2|3|4 -> 0],[4; 4; 1],0.004,,,,FALSE,0.02,,,1,0,,,,,,,
diamond,5,CREATE_DELETE,0.7,,,UPDATE,CREATE_DELETE,[0 -> 0|1|2|3|4 -> 0],[0 -> 0|1|2|3|4 -> 0],[1; 4; 1; 1; 4],0,,,,,,,,0,0,,,,,,,
diamond,5,CREATE_DELETE,0.7,,,UPDATE,DELETE_CREATE,[0 -> 0|1|2|3|4 -> 0],[0 -> 0|1|2|3|4 -> 0],[2; 4; 5],0,,,,,,,,0,0,,,,,,,
diamond,5,CREATE_DELETE,0.7,,,UPDATE,NOOP,[0 -> 0|1|2|3|4 -> 0],[0 -> 0|1|2|3|4 -> 0],[1; 4; 3],0,,,,,,,,0,0,,,,,,,
diamond,5,CREATE_DELETE,0.7,,,UPDATE,UPDATE,[0 -> 0|1|2|3|4 -> 0],[0 -> 0|1|2|3|4 -> 0],[1; 5; 5],0,,,,,,,,0,0,,,,,,,
diamond,10,UPDATE,0.4,,,CREATE_DELETE,CREATE_DELETE,[0 -> 0|1|2|3|4|5|6|7|8|9 -> 0],[0 -> 0|1|2|3|4|5|6|7|8|9 -> 0],[1; 9; 1; 1; 3; 1],0.008,,,,,,,,0,0,,,,,,,
diamond,10,UPDATE,0.4,,,CREATE_DELETE,DELETE_CREATE,[0 -> 0|1|2|3|4|5|6|7|8|9 -> 0],[0 -> 0|1|2|3|4|5|6|7|8|9 -> 0],[2; 6; 6; 2],0.012,,,,,,,,0,0,,,,,,,
diamond,10,UPDATE,0.4,,,CREATE_DELETE,NOOP,[0 -> 0|1|2|3|4|5|6|7|8|9 -> 0],[0 -> 0|1|2|3|4|5|6|7|8|9 -> 0],[4; 9],0.008,,,,FALSE,0.07,,,3,0,,,,,,,
diamond,10,UPDATE,0.4,,,CREATE_DELETE,UPDATE,[0 -> 0|1|2|3|4|5|6|7|8|9 -> 0],[0 -> 0|1|2|3|4|5|6|7|8|9 -> 0],[1; 7; 4; 1],0.008,,,,,,,,0,0,,,,,,,
diamond,10,UPDATE,0.4,,,DELETE_CREATE,CREATE_DELETE,[0 -> 0|1|2|3|4|5|6|7|8|9 -> 0],[0 -> 0|1|2|3|4|5|6|7|8|9 -> 0],[1; 10; 1; 1; 7; 1],0.012,,,,,,,,0,0,,,,,,,
diamond,10,UPDATE,0.4,,,DELETE_CREATE,DELETE_CREATE,[0 -> 0|1|2|3|4|5|6|7|8|9 -> 0],[0 -> 0|1|2|3|4|5|6|7|8|9 -> 0],[2; 8; 3; 2],0.008,,,,,,,,0,0,,,,,,,
diamond,10,UPDATE,0.4,,,DELETE_CREATE,NOOP,[0 -> 0|1|2|3|4|5|6|7|8|9 -> 0],[0 -> 0|1|2|3|4|5|6|7|8|9 -> 0],[4; 8; 2; 1],0.008,,,,FALSE,0.087,,,3,0,,,,,,,
diamond,10,UPDATE,0.4,,,DELETE_CREATE,UPDATE,[0 -> 0|1|2|3|4|5|6|7|8|9 -> 0],[0 -> 0|1|2|3|4|5|6|7|8|9 -> 0],[3; 8; 2; 1],0.008,,,,FALSE,0.084,,,2,0,,,,,,,
diamond,10,UPDATE,0.4,,,NOOP,CREATE_DELETE,[0 -> 0|1|2|3|4|5|6|7|8|9 -> 0],[0 -> 0|1|2|3|4|5|6|7|8|9 -> 0],[9; 1; 1; 4],0.008,,,,,,,,0,0,,,,,,,
diamond,10,UPDATE,0.4,,,NOOP,DELETE_CREATE,[0 -> 0|1|2|3|4|5|6|7|8|9 -> 0],[0 -> 0|1|2|3|4|5|6|7|8|9 -> 0],[5; 3; 2; 1],0.004,,,,,,,,0,0,,,,,,,
diamond,10,UPDATE,0.4,,,NOOP,NOOP,[0 -> 0|1|2|3|4|5|6|7|8|9 -> 0],[0 -> 0|1|2|3|4|5|6|7|8|9 -> 0],[6; 1],0.008,,,,FALSE,0.053,,,1,0,,,,,,,
diamond,10,UPDATE,0.4,,,NOOP,UPDATE,[0 -> 0|1|2|3|4|5|6|7|8|9 -> 0],[0 -> 0|1|2|3|4|5|6|7|8|9 -> 0],[6; 3; 1],0.012,,,,FALSE,0.06,,,2,0,,,,,,,
diamond,10,UPDATE,0.4,,,UPDATE,CREATE_DELETE,[0 -> 0|1|2|3|4|5|6|7|8|9 -> 0],[0 -> 0|1|2|3|4|5|6|7|8|9 -> 0],[1; 9; 1; 1; 5],0.008,,,,,,,,0,0,,,,,,,
diamond,10,UPDATE,0.4,,,UPDATE,DELETE_CREATE,[0 -> 0|1|2|3|4|5|6|7|8|9 -> 0],[0 -> 0|1|2|3|4|5|6|7|8|9 -> 0],[2; 9; 6],0.008,,,,,,,,0,0,,,,,,,
diamond,10,UPDATE,0.4,,,UPDATE,NOOP,[0 -> 0|1|2|3|4|5|6|7|8|9 -> 0],[0 -> 0|1|2|3|4|5|6|7|8|9 -> 0],[2; 7; 1],0.008,,,,FALSE,0.071,,,1,0,,,,,,,
diamond,10,UPDATE,0.4,,,UPDATE,UPDATE,[0 -> 0|1|2|3|4|5|6|7|8|9 -> 0],[0 -> 0|1|2|3|4|5|6|7|8|9 -> 0],[5; 7; 1],0.008,,,,FALSE,0.062,,,4,0,,,,,,,
diamond,10,UPDATE,0.7,,,CREATE_DELETE,CREATE_DELETE,[0 -> 0|1|2|3|4|5|6|7|8|9 -> 0],[0 -> 0|1|2|3|4|5|6|7|8|9 -> 0],[1; 8; 1; 1; 1; 1],0.008,,,,,,,,0,0,,,,,,,
diamond,10,UPDATE,0.7,,,CREATE_DELETE,DELETE_CREATE,[0 -> 0|1|2|3|4|5|6|7|8|9 -> 0],[0 -> 0|1|2|3|4|5|6|7|8|9 -> 0],[2; 8; 3; 1],0.008,,,,,,,,0,0,,,,,,,
diamond,10,UPDATE,0.7,,,CREATE_DELETE,NOOP,[0 -> 0|1|2|3|4|5|6|7|8|9 -> 0],[0 -> 0|1|2|3|4|5|6|7|8|9 -> 0],[4; 10; 1; 1],0.012,,,,FALSE,0.108,,,3,0,,,,,,,
diamond,10,UPDATE,0.7,,,CREATE_DELETE,UPDATE,[0 -> 0|1|2|3|4|5|6|7|8|9 -> 0],[0 -> 0|1|2|3|4|5|6|7|8|9 -> 0],[3; 11; 1],0.008,,,,FALSE,0.175,,,2,0,,,,,,,
diamond,10,UPDATE,0.7,,,DELETE_CREATE,CREATE_DELETE,[0 -> 0|1|2|3|4|5|6|7|8|9 -> 0],[0 -> 0|1|2|3|4|5|6|7|8|9 -> 0],[1; 8; 1; 1; 1],0.008,,,,,,,,0,0,,,,,,,
diamond,10,UPDATE,0.7,,,DELETE_CREATE,DELETE_CREATE,[0 -> 0|1|2|3|4|5|6|7|8|9 -> 0],[0 -> 0|1|2|3|4|5|6|7|8|9 -> 0],[2; 8; 3; 2],0.008,,,,,,,,0,0,,,,,,,
diamond,10,UPDATE,0.7,,,DELETE_CREATE,NOOP,[0 -> 0|1|2|3|4|5|6|7|8|9 -> 0],[0 -> 0|1|2|3|4|5|6|7|8|9 -> 0],[2; 10; 2; 1],0.008,,,,FALSE,0.114,,,1,0,,,,,,,
diamond,10,UPDATE,0.7,,,DELETE_CREATE,UPDATE,[0 -> 0|1|2|3|4|5|6|7|8|9 -> 0],[0 -> 0|1|2|3|4|5|6|7|8|9 -> 0],[2; 10; 3; 1],0.008,,,,FALSE,0.115,,,1,0,,,,,,,
diamond,10,UPDATE,0.7,,,NOOP,CREATE_DELETE,[0 -> 0|1|2|3|4|5|6|7|8|9 -> 0],[0 -> 0|1|2|3|4|5|6|7|8|9 -> 0],[8; 1; 1],0.008,,,,,,,,0,0,,,,,,,
diamond,10,UPDATE,0.7,,,NOOP,DELETE_CREATE,[0 -> 0|1|2|3|4|5|6|7|8|9 -> 0],[0 -> 0|1|2|3|4|5|6|7|8|9 -> 0],[9; 3; 1; 1],0.008,,,,,,,,0,0,,,,,,,
diamond,10,UPDATE,0.7,,,NOOP,NOOP,[0 -> 0|1|2|3|4|5|6|7|8|9 -> 0],[0 -> 0|1|2|3|4|5|6|7|8|9 -> 0],[10; 7],0.012,,,,FALSE,0.119,,,3,0,,,,,,,
diamond,10,UPDATE,0.7,,,NOOP,UPDATE,[0 -> 0|1|2|3|4|5|6|7|8|9 -> 0],[0 -> 0|1|2|3|4|5|6|7|8|9 -> 0],[10; 2; 1],0.008,,,,FALSE,0.082,,,2,0,,,,,,,
diamond,10,UPDATE,0.7,,,UPDATE,CREATE_DELETE,[0 -> 0|1|2|3|4|5|6|7|8|9 -> 0],[0 -> 0|1|2|3|4|5|6|7|8|9 -> 0],[1; 9; 1; 1; 1],0.008,,,,,,,,0,0,,,,,,,
diamond,10,UPDATE,0.7,,,UPDATE,DELETE_CREATE,[0 -> 0|1|2|3|4|5|6|7|8|9 -> 0],[0 -> 0|1|2|3|4|5|6|7|8|9 -> 0],[2; 9; 1; 1],0.008,,,,,,,,0,0,,,,,,,
diamond,10,UPDATE,0.7,,,UPDATE,NOOP,[0 -> 0|1|2|3|4|5|6|7|8|9 -> 0],[0 -> 0|1|2|3|4|5|6|7|8|9 -> 0],[1; 7; 1],0.008,,,,,,,,0,0,,,,,,,
diamond,10,UPDATE,0.7,,,UPDATE,UPDATE,[0 -> 0|1|2|3|4|5|6|7|8|9 -> 0],[0 -> 0|1|2|3|4|5|6|7|8|9 -> 0],[2; 9; 2],0.008,,,,FALSE,0.094,,,1,0,,,,,,,
diamond,10,NOOP,0.4,,,CREATE_DELETE,CREATE_DELETE,[0 -> 0|1|2|3|4|5|6|7|8|9 -> 0],[0 -> 0|1|2|3|4|5|6|7|8|9 -> 0],[1; 9; 1; 1; 7; 1],0.012,,,,,,,,0,0,,,,,,,
diamond,10,NOOP,0.4,,,CREATE_DELETE,DELETE_CREATE,[0 -> 0|1|2|3|4|5|6|7|8|9 -> 0],[0 -> 0|1|2|3|4|5|6|7|8|9 -> 0],[2; 5; 3; 2],0.008,,,,,,,,0,0,,,,,,,
diamond,10,NOOP,0.4,,,CREATE_DELETE,NOOP,[0 -> 0|1|2|3|4|5|6|7|8|9 -> 0],[0 -> 0|1|2|3|4|5|6|7|8|9 -> 0],[1; 4; 1; 1],0.008,,,,,,,,0,0,,,,,,,
diamond,10,NOOP,0.4,,,CREATE_DELETE,UPDATE,[0 -> 0|1|2|3|4|5|6|7|8|9 -> 0],[0 -> 0|1|2|3|4|5|6|7|8|9 -> 0],[1; 2; 2; 1],0.008,,TRUE,2.61,TRUE,2.601,0,14.642,0,0,,,,,,,
diamond,10,NOOP,0.4,,,DELETE_CREATE,CREATE_DELETE,[0 -> 0|1|2|3|4|5|6|7|8|9 -> 0],[0 -> 0|1|2|3|4|5|6|7|8|9 -> 0],[1; 5; 1; 1; 4; 1],0.008,,,,,,,,0,0,,,,,,,
diamond,10,NOOP,0.4,,,DELETE_CREATE,DELETE_CREATE,[0 -> 0|1|2|3|4|5|6|7|8|9 -> 0],[0 -> 0|1|2|3|4|5|6|7|8|9 -> 0],[2; 8; 4; 2],0.012,,,,,,,,0,0,,,,,,,
diamond,10,NOOP,0.4,,,DELETE_CREATE,NOOP,[0 -> 0|1|2|3|4|5|6|7|8|9 -> 0],[0 -> 0|1|2|3|4|5|6|7|8|9 -> 0],[3; 5; 2; 1],0.008,,,,FALSE,0.064,,,2,0,,,,,,,
diamond,10,NOOP,0.4,,,DELETE_CREATE,UPDATE,[0 -> 0|1|2|3|4|5|6|7|8|9 -> 0],[0 -> 0|1|2|3|4|5|6|7|8|9 -> 0],[2; 6; 4; 1],0.008,,,,FALSE,0.093,,,1,0,,,,,,,
diamond,10,NOOP,0.4,,,NOOP,CREATE_DELETE,[0 -> 0|1|2|3|4|5|6|7|8|9 -> 0],[0 -> 0|1|2|3|4|5|6|7|8|9 -> 0],[6; 1; 1; 4],0.008,,,,,,,,0,0,,,,,,,
diamond,10,NOOP,0.4,,,NOOP,DELETE_CREATE,[0 -> 0|1|2|3|4|5|6|7|8|9 -> 0],[0 -> 0|1|2|3|4|5|6|7|8|9 -> 0],[4; 2],0.008,,TRUE,232.691,TRUE,231.805,0,227.046,0,0,,,,,,,
diamond,10,NOOP,0.4,,,NOOP,NOOP,[0 -> 0|1|2|3|4|5|6|7|8|9 -> 0],[0 -> 0|1|2|3|4|5|6|7|8|9 -> 0],[7; 5],0.008,,,,FALSE,0.06,,,4,0,,,,,,,
diamond,10,NOOP,0.4,,,NOOP,UPDATE,[0 -> 0|1|2|3|4|5|6|7|8|9 -> 0],[0 -> 0|1|2|3|4|5|6|7|8|9 -> 0],[4; 3; 1],0.008,,,,FALSE,0.054,,,1,0,,,,,,,
diamond,10,NOOP,0.4,,,UPDATE,CREATE_DELETE,[0 -> 0|1|2|3|4|5|6|7|8|9 -> 0],[0 -> 0|1|2|3|4|5|6|7|8|9 -> 0],[1; 6; 1; 1; 3],0.008,,,,,,,,0,0,,,,,,,
diamond,10,NOOP,0.4,,,UPDATE,DELETE_CREATE,[0 -> 0|1|2|3|4|5|6|7|8|9 -> 0],[0 -> 0|1|2|3|4|5|6|7|8|9 -> 0],[2; 7; 5; 1],0.012,,,,,,,,0,0,,,,,,,
diamond,10,NOOP,0.4,,,UPDATE,NOOP,[0 -> 0|1|2|3|4|5|6|7|8|9 -> 0],[0 -> 0|1|2|3|4|5|6|7|8|9 -> 0],[3; 8; 4],0.012,,,,FALSE,0.109,,,2,0,,,,,,,
diamond,10,NOOP,0.4,,,UPDATE,UPDATE,[0 -> 0|1|2|3|4|5|6|7|8|9 -> 0],[0 -> 0|1|2|3|4|5|6|7|8|9 -> 0],[3; 5; 2],0.008,,,,FALSE,0.061,,,2,0,,,,,,,
diamond,10,NOOP,0.7,,,CREATE_DELETE,CREATE_DELETE,[0 -> 0|1|2|3|4|5|6|7|8|9 -> 0],[0 -> 0|1|2|3|4|5|6|7|8|9 -> 0],[1; 2; 1; 1; 2; 1],0.008,,TRUE,0.798,TRUE,0.826,0,2.58,0,0,,,,,,,
diamond,10,NOOP,0.7,,,CREATE_DELETE,DELETE_CREATE,[0 -> 0|1|2|3|4|5|6|7|8|9 -> 0],[0 -> 0|1|2|3|4|5|6|7|8|9 -> 0],[2; 2; 3; 1],0.008,,TRUE,477.683,TRUE,478.24,,,0,0,,,,,,,
diamond,10,NOOP,0.7,,,CREATE_DELETE,NOOP,[0 -> 0|1|2|3|4|5|6|7|8|9 -> 0],[0 -> 0|1|2|3|4|5|6|7|8|9 -> 0],[1; 3; 1; 1],0.008,,TRUE,16.886,TRUE,16.399,0,41.763,0,0,,,,,,,
diamond,10,NOOP,0.7,,,CREATE_DELETE,UPDATE,[0 -> 0|1|2|3|4|5|6|7|8|9 -> 0],[0 -> 0|1|2|3|4|5|6|7|8|9 -> 0],[2; 3; 2; 1],0.008,,,,FALSE,0.086,,,1,0,,,,,,,
diamond,10,NOOP,0.7,,,DELETE_CREATE,CREATE_DELETE,[0 -> 0|1|2|3|4|5|6|7|8|9 -> 0],[0 -> 0|1|2|3|4|5|6|7|8|9 -> 0],[1; 6; 1; 1; 4; 1],0.008,,,,,,,,0,0,,,,,,,
diamond,10,NOOP,0.7,,,DELETE_CREATE,DELETE_CREATE,[0 -> 0|1|2|3|4|5|6|7|8|9 -> 0],[0 -> 0|1|2|3|4|5|6|7|8|9 -> 0],[1; 1; 1; 1; 3; 1],0.008,,TRUE,0.821,FALSE,0.027,18,2.006,9,0,,,,,,,
diamond,10,NOOP,0.7,,,DELETE_CREATE,NOOP,[0 -> 0|1|2|3|4|5|6|7|8|9 -> 0],[0 -> 0|1|2|3|4|5|6|7|8|9 -> 0],[1; 1; 1; 1],0.008,,TRUE,0.056,FALSE,0.023,22,0.178,11,0,,,,,,,
diamond,10,NOOP,0.7,,,DELETE_CREATE,UPDATE,[0 -> 0|1|2|3|4|5|6|7|8|9 -> 0],[0 -> 0|1|2|3|4|5|6|7|8|9 -> 0],[1; 3; 3; 1],0.008,,TRUE,769.901,TRUE,767.18,,,0,0,,,,,,,
diamond,10,NOOP,0.7,,,NOOP,CREATE_DELETE,[0 -> 0|1|2|3|4|5|6|7|8|9 -> 0],[0 -> 0|1|2|3|4|5|6|7|8|9 -> 0],[1; 1; 1],0.008,,TRUE,0.046,TRUE,0.046,0,0.019,0,0,,,,,,,
diamond,10,NOOP,0.7,,,NOOP,DELETE_CREATE,[0 -> 0|1|2|3|4|5|6|7|8|9 -> 0],[0 -> 0|1|2|3|4|5|6|7|8|9 -> 0],[2; 1; 1; 1],0.008,,TRUE,0.298,TRUE,0.3,0,0.247,0,0,,,,,,,
diamond,10,NOOP,0.7,,,NOOP,NOOP,[0 -> 0|1|2|3|4|5|6|7|8|9 -> 0],[0 -> 0|1|2|3|4|5|6|7|8|9 -> 0],[2; 1],0.008,,TRUE,0.185,FALSE,0.049,2,0.047,1,0,,,,,,,
diamond,10,NOOP,0.7,,,NOOP,UPDATE,[0 -> 0|1|2|3|4|5|6|7|8|9 -> 0],[0 -> 0|1|2|3|4|5|6|7|8|9 -> 0],[2; 2; 1],0.012,,TRUE,2.488,FALSE,0.034,2,1.29,1,0,,,,,,,
diamond,10,NOOP,0.7,,,UPDATE,CREATE_DELETE,[0 -> 0|1|2|3|4|5|6|7|8|9 -> 0],[0 -> 0|1|2|3|4|5|6|7|8|9 -> 0],[1; 1; 1; 1; 1],0.008,,TRUE,0.059,TRUE,0.059,0,0.132,0,0,,,,,,,
diamond,10,NOOP,0.7,,,UPDATE,DELETE_CREATE,[0 -> 0|1|2|3|4|5|6|7|8|9 -> 0],[0 -> 0|1|2|3|4|5|6|7|8|9 -> 0],[2; 1; 1],0.004,,TRUE,0.195,TRUE,0.198,0,0.615,0,0,,,,,,,
diamond,10,NOOP,0.7,,,UPDATE,NOOP,[0 -> 0|1|2|3|4|5|6|7|8|9 -> 0],[0 -> 0|1|2|3|4|5|6|7|8|9 -> 0],[1; 2; 1],0.008,,TRUE,0.217,TRUE,0.213,0,0.349,0,0,,,,,,,
diamond,10,NOOP,0.7,,,UPDATE,UPDATE,[0 -> 0|1|2|3|4|5|6|7|8|9 -> 0],[0 -> 0|1|2|3|4|5|6|7|8|9 -> 0],[1; 1; 2],0.008,,TRUE,0.102,TRUE,0.187,0,0.297,0,0,,,,,,,
diamond,10,DELETE_CREATE,0.4,,,CREATE_DELETE,CREATE_DELETE,[0 -> 0|1|2|3|4|5|6|7|8|9 -> 0],[0 -> 0|1|2|3|4|5|6|7|8|9 -> 0],[1; 10; 1; 1; 7; 1],0.012,,,,,,,,0,0,,,,,,,
diamond,10,DELETE_CREATE,0.4,,,CREATE_DELETE,DELETE_CREATE,[0 -> 0|1|2|3|4|5|6|7|8|9 -> 0],[0 -> 0|1|2|3|4|5|6|7|8|9 -> 0],[2; 8; 8; 2],0.012,,,,,,,,0,0,,,,,,,
diamond,10,DELETE_CREATE,0.4,,,CREATE_DELETE,NOOP,[0 -> 0|1|2|3|4|5|6|7|8|9 -> 0],[0 -> 0|1|2|3|4|5|6|7|8|9 -> 0],[5; 8; 2; 1],0.012,,,,FALSE,0.086,,,4,0,,,,,,,
diamond,10,DELETE_CREATE,0.4,,,CREATE_DELETE,UPDATE,[0 -> 0|1|2|3|4|5|6|7|8|9 -> 0],[0 -> 0|1|2|3|4|5|6|7|8|9 -> 0],[7; 10; 2; 1],0.012,,,,FALSE,0.103,,,6,0,,,,,,,
diamond,10,DELETE_CREATE,0.4,,,DELETE_CREATE,CREATE_DELETE,[0 -> 0|1|2|3|4|5|6|7|8|9 -> 0],[0 -> 0|1|2|3|4|5|6|7|8|9 -> 0],[1; 7; 1; 1; 6; 1],0.008,,,,,,,,0,0,,,,,,,
diamond,10,DELETE_CREATE,0.4,,,DELETE_CREATE,DELETE_CREATE,[0 -> 0|1|2|3|4|5|6|7|8|9 -> 0],[0 -> 0|1|2|3|4|5|6|7|8|9 -> 0],[2; 6; 5; 2],0.008,,,,,,,,0,0,,,,,,,
diamond,10,DELETE_CREATE,0.4,,,DELETE_CREATE,NOOP,[0 -> 0|1|2|3|4|5|6|7|8|9 -> 0],[0 -> 0|1|2|3|4|5|6|7|8|9 -> 0],[7; 9; 1; 1],0.012,,,,FALSE,0.087,,,6,0,,,,,,,
diamond,10,DELETE_CREATE,0.4,,,DELETE_CREATE,UPDATE,[0 -> 0|1|2|3|4|5|6|7|8|9 -> 0],[0 -> 0|1|2|3|4|5|6|7|8|9 -> 0],[4; 7; 2; 1],0.008,,,,FALSE,0.076,,,3,0,,,,,,,
diamond,10,DELETE_CREATE,0.4,,,NOOP,CREATE_DELETE,[0 -> 0|1|2|3|4|5|6|7|8|9 -> 0],[0 -> 0|1|2|3|4|5|6|7|8|9 -> 0],[9; 1; 1; 8],0.012,,,,,,,,0,0,,,,,,,
diamond,10,DELETE_CREATE,0.4,,,NOOP,DELETE_CREATE,[0 -> 0|1|2|3|4|5|6|7|8|9 -> 0],[0 -> 0|1|2|3|4|5|6|7|8|9 -> 0],[6; 9; 5; 1],0.008,,,,,,,,0,0,,,,,,,
diamond,10,DELETE_CREATE,0.4,,,NOOP,NOOP,[0 -> 0|1|2|3|4|5|6|7|8|9 -> 0],[0 -> 0|1|2|3|4|5|6|7|8|9 -> 0],[9; 6],0.012,,,,FALSE,0.113,,,2,0,,,,,,,
diamond,10,DELETE_CREATE,0.4,,,NOOP,UPDATE,[0 -> 0|1|2|3|4|5|6|7|8|9 -> 0],[0 -> 0|1|2|3|4|5|6|7|8|9 -> 0],[8; 7; 1],0.008,,,,FALSE,0.089,,,4,0,,,,,,,
diamond,10,DELETE_CREATE,0.4,,,UPDATE,CREATE_DELETE,[0 -> 0|1|2|3|4|5|6|7|8|9 -> 0],[0 -> 0|1|2|3|4|5|6|7|8|9 -> 0],[1; 6; 1; 1; 4],0.012,,,,,,,,0,0,,,,,,,
diamond,10,DELETE_CREATE,0.4,,,UPDATE,DELETE_CREATE,[0 -> 0|1|2|3|4|5|6|7|8|9 -> 0],[0 -> 0|1|2|3|4|5|6|7|8|9 -> 0],[2; 9; 6; 1],0.012,,,,,,,,0,0,,,,,,,
diamond,10,DELETE_CREATE,0.4,,,UPDATE,NOOP,[0 -> 0|1|2|3|4|5|6|7|8|9 -> 0],[0 -> 0|1|2|3|4|5|6|7|8|9 -> 0],[4; 7],0.008,,,,FALSE,0.06,,,3,0,,,,,,,
diamond,10,DELETE_CREATE,0.4,,,UPDATE,UPDATE,[0 -> 0|1|2|3|4|5|6|7|8|9 -> 0],[0 -> 0|1|2|3|4|5|6|7|8|9 -> 0],[4; 9; 2],0.012,,,,FALSE,0.086,,,3,0,,,,,,,
diamond,10,DELETE_CREATE,0.7,,,CREATE_DELETE,CREATE_DELETE,[0 -> 0|1|2|3|4|5|6|7|8|9 -> 0],[0 -> 0|1|2|3|4|5|6|7|8|9 -> 0],[1; 10; 1; 1; 7; 1],0.008,,,,,,,,0,0,,,,,,,
diamond,10,DELETE_CREATE,0.7,,,CREATE_DELETE,DELETE_CREATE,[0 -> 0|1|2|3|4|5|6|7|8|9 -> 0],[0 -> 0|1|2|3|4|5|6|7|8|9 -> 0],[2; 8; 5; 2],0.008,,,,,,,,0,0,,,,,,,
diamond,10,DELETE_CREATE,0.7,,,CREATE_DELETE,NOOP,[0 -> 0|1|2|3|4|5|6|7|8|9 -> 0],[0 -> 0|1|2|3|4|5|6|7|8|9 -> 0],[11; 11],0.008,,,,FALSE,0.088,,,10,0,,,,,,,
diamond,10,DELETE_CREATE,0.7,,,CREATE_DELETE,UPDATE,[0 -> 0|1|2|3|4|5|6|7|8|9 -> 0],[0 -> 0|1|2|3|4|5|6|7|8|9 -> 0],[8; 10; 4; 1],0.012,,,,FALSE,0.123,,,7,0,,,,,,,
diamond,10,DELETE_CREATE,0.7,,,DELETE_CREATE,CREATE_DELETE,[0 -> 0|1|2|3|4|5|6|7|8|9 -> 0],[0 -> 0|1|2|3|4|5|6|7|8|9 -> 0],[1; 9; 1; 1; 9; 1],0.012,,,,,,,,0,0,,,,,,,
diamond,10,DELETE_CREATE,0.7,,,DELETE_CREATE,DELETE_CREATE,[0 -> 0|1|2|3|4|5|6|7|8|9 -> 0],[0 -> 0|1|2|3|4|5|6|7|8|9 -> 0],[2; 9; 9; 2],0.012,,,,,,,,0,0,,,,,,,
diamond,10,DELETE_CREATE,0.7,,,DELETE_CREATE,NOOP,[0 -> 0|1|2|3|4|5|6|7|8|9 -> 0],[0 -> 0|1|2|3|4|5|6|7|8|9 -> 0],[9; 1; 1; 9],0.012,,,,FALSE,0.065,,,11,0,,,,,,,
diamond,10,DELETE_CREATE,0.7,,,DELETE_CREATE,UPDATE,[0 -> 0|1|2|3|4|5|6|7|8|9 -> 0],[0 -> 0|1|2|3|4|5|6|7|8|9 -> 0],[7; 8; 2; 1],0.008,,,,FALSE,0.152,,,6,0,,,,,,,
diamond,10,DELETE_CREATE,0.7,,,NOOP,CREATE_DELETE,[0 -> 0|1|2|3|4|5|6|7|8|9 -> 0],[0 -> 0|1|2|3|4|5|6|7|8|9 -> 0],[9; 1; 1; 9],0.008,,,,,,,,0,0,,,,,,,
diamond,10,DELETE_CREATE,0.7,,,NOOP,DELETE_CREATE,[0 -> 0|1|2|3|4|5|6|7|8|9 -> 0],[0 -> 0|1|2|3|4|5|6|7|8|9 -> 0],[4; 5; 4; 1],0.012,,,,,,,,0,0,,,,,,,
diamond,10,DELETE_CREATE,0.7,,,NOOP,NOOP,[0 -> 0|1|2|3|4|5|6|7|8|9 -> 0],[0 -> 0|1|2|3|4|5|6|7|8|9 -> 0],[9; 8],0.008,,,,FALSE,0.078,,,6,0,,,,,,,
diamond,10,DELETE_CREATE,0.7,,,NOOP,UPDATE,[0 -> 0|1|2|3|4|5|6|7|8|9 -> 0],[0 -> 0|1|2|3|4|5|6|7|8|9 -> 0],[10; 10; 1],0.008,,,,FALSE,0.081,,,9,0,,,,,,,
diamond,10,DELETE_CREATE,0.7,,,UPDATE,CREATE_DELETE,[0 -> 0|1|2|3|4|5|6|7|8|9 -> 0],[0 -> 0|1|2|3|4|5|6|7|8|9 -> 0],[1; 8; 1; 1; 6],0.008,,,,,,,,0,0,,,,,,,
diamond,10,DELETE_CREATE,0.7,,,UPDATE,DELETE_CREATE,[0 -> 0|1|2|3|4|5|6|7|8|9 -> 0],[0 -> 0|1|2|3|4|5|6|7|8|9 -> 0],[2; 10; 10; 1],0.012,,,,,,,,0,0,,,,,,,
diamond,10,DELETE_CREATE,0.7,,,UPDATE,NOOP,[0 -> 0|1|2|3|4|5|6|7|8|9 -> 0],[0 -> 0|1|2|3|4|5|6|7|8|9 -> 0],[9; 9; 1],0.012,,,,FALSE,0.095,,,8,0,,,,,,,
diamond,10,DELETE_CREATE,0.7,,,UPDATE,UPDATE,[0 -> 0|1|2|3|4|5|6|7|8|9 -> 0],[0 -> 0|1|2|3|4|5|6|7|8|9 -> 0],[5; 7; 4],0.008,,,,FALSE,0.086,,,4,0,,,,,,,
diamond,10,CREATE_DELETE,0.4,,,CREATE_DELETE,CREATE_DELETE,[0 -> 0|1|2|3|4|5|6|7|8|9 -> 0],[0 -> 0|1|2|3|4|5|6|7|8|9 -> 0],[1; 9; 1; 1; 9; 1],0.016,,,,,,,,0,0.001,,,,,,,
diamond,10,CREATE_DELETE,0.4,,,CREATE_DELETE,DELETE_CREATE,[0 -> 0|1|2|3|4|5|6|7|8|9 -> 0],[0 -> 0|1|2|3|4|5|6|7|8|9 -> 0],[2; 9; 8; 2],0.016,,,,,,,,0,0,,,,,,,
diamond,10,CREATE_DELETE,0.4,,,CREATE_DELETE,NOOP,[0 -> 0|1|2|3|4|5|6|7|8|9 -> 0],[0 -> 0|1|2|3|4|5|6|7|8|9 -> 0],[2; 10; 6; 1],0.012,,,,FALSE,0.187,,,1,0,,,,,,,
diamond,10,CREATE_DELETE,0.4,,,CREATE_DELETE,UPDATE,[0 -> 0|1|2|3|4|5|6|7|8|9 -> 0],[0 -> 0|1|2|3|4|5|6|7|8|9 -> 0],[2; 8; 5; 1],0.012,,,,FALSE,0.12,,,1,0,,,,,,,
diamond,10,CREATE_DELETE,0.4,,,DELETE_CREATE,CREATE_DELETE,[0 -> 0|1|2|3|4|5|6|7|8|9 -> 0],[0 -> 0|1|2|3|4|5|6|7|8|9 -> 0],[1; 8; 1; 1; 3; 1],0.012,,,,,,,,0,0,,,,,,,
diamond,10,CREATE_DELETE,0.4,,,DELETE_CREATE,DELETE_CREATE,[0 -> 0|1|2|3|4|5|6|7|8|9 -> 0],[0 -> 0|1|2|3|4|5|6|7|8|9 -> 0],[2; 8; 6; 2],0.012,,,,,,,,0,0,,,,,,,
diamond,10,CREATE_DELETE,0.4,,,DELETE_CREATE,NOOP,[0 -> 0|1|2|3|4|5|6|7|8|9 -> 0],[0 -> 0|1|2|3|4|5|6|7|8|9 -> 0],[1; 5; 3; 1],0.012,,,,,,,,0,0,,,,,,,
diamond,10,CREATE_DELETE,0.4,,,DELETE_CREATE,UPDATE,[0 -> 0|1|2|3|4|5|6|7|8|9 -> 0],[0 -> 0|1|2|3|4|5|6|7|8|9 -> 0],[2; 9; 8; 1],0.012,,,,FALSE,0.171,,,1,0,,,,,,,
diamond,10,CREATE_DELETE,0.4,,,NOOP,CREATE_DELETE,[0 -> 0|1|2|3|4|5|6|7|8|9 -> 0],[0 -> 0|1|2|3|4|5|6|7|8|9 -> 0],[6; 1; 1; 5],0.012,,,,,,,,0,0,,,,,,,
diamond,10,CREATE_DELETE,0.4,,,NOOP,DELETE_CREATE,[0 -> 0|1|2|3|4|5|6|7|8|9 -> 0],[0 -> 0|1|2|3|4|5|6|7|8|9 -> 0],[5; 7; 3; 1],0.012,,,,,,,,0,0,,,,,,,
diamond,10,CREATE_DELETE,0.4,,,NOOP,NOOP,[0 -> 0|1|2|3|4|5|6|7|8|9 -> 0],[0 -> 0|1|2|3|4|5|6|7|8|9 -> 0],[8; 4],0.012,,,,FALSE,0.071,,,3,0,,,,,,,
diamond,10,CREATE_DELETE,0.4,,,NOOP,UPDATE,[0 -> 0|1|2|3|4|5|6|7|8|9 -> 0],[0 -> 0|1|2|3|4|5|6|7|8|9 -> 0],[8; 8; 1],0.012,,,,FALSE,0.084,,,5,0,,,,,,,
diamond,10,CREATE_DELETE,0.4,,,UPDATE,CREATE_DELETE,[0 -> 0|1|2|3|4|5|6|7|8|9 -> 0],[0 -> 0|1|2|3|4|5|6|7|8|9 -> 0],[1; 6; 1; 1; 5],0.012,,,,,,,,0,0,,,,,,,
diamond,10,CREATE_DELETE,0.4,,,UPDATE,DELETE_CREATE,[0 -> 0|1|2|3|4|5|6|7|8|9 -> 0],[0 -> 0|1|2|3|4|5|6|7|8|9 -> 0],[2; 9; 7; 1],0.012,,,,,,,,0,0,,,,,,,
diamond,10,CREATE_DELETE,0.4,,,UPDATE,NOOP,[0 -> 0|1|2|3|4|5|6|7|8|9 -> 0],[0 -> 0|1|2|3|4|5|6|7|8|9 -> 0],[2; 8; 6],0.012,,,,FALSE,0.178,,,1,0,,,,,,,
diamond,10,CREATE_DELETE,0.4,,,UPDATE,UPDATE,[0 -> 0|1|2|3|4|5|6|7|8|9 -> 0],[0 -> 0|1|2|3|4|5|6|7|8|9 -> 0],[3; 9; 6],0.012,,,,FALSE,0.133,,,2,0,,,,,,,
diamond,10,CREATE_DELETE,0.7,,,CREATE_DELETE,CREATE_DELETE,[0 -> 0|1|2|3|4|5|6|7|8|9 -> 0],[0 -> 0|1|2|3|4|5|6|7|8|9 -> 0],[1; 10; 1; 1; 10; 1],0.012,,,,,,,,0,0,,,,,,,
diamond,10,CREATE_DELETE,0.7,,,CREATE_DELETE,DELETE_CREATE,[0 -> 0|1|2|3|4|5|6|7|8|9 -> 0],[0 -> 0|1|2|3|4|5|6|7|8|9 -> 0],[2; 8; 8; 1],0.012,,,,,,,,0,0,,,,,,,
diamond,10,CREATE_DELETE,0.7,,,CREATE_DELETE,NOOP,[0 -> 0|1|2|3|4|5|6|7|8|9 -> 0],[0 -> 0|1|2|3|4|5|6|7|8|9 -> 0],[2; 9; 8; 1],0.008,,,,FALSE,0.178,,,1,0,,,,,,,
diamond,10,CREATE_DELETE,0.7,,,CREATE_DELETE,UPDATE,[0 -> 0|1|2|3|4|5|6|7|8|9 -> 0],[0 -> 0|1|2|3|4|5|6|7|8|9 -> 0],[1; 10; 10; 1],0.012,,,,,,,,0,0,,,,,,,
diamond,10,CREATE_DELETE,0.7,,,DELETE_CREATE,CREATE_DELETE,[0 -> 0|1|2|3|4|5|6|7|8|9 -> 0],[0 -> 0|1|2|3|4|5|6|7|8|9 -> 0],[1; 7; 1; 1; 5; 1],0.008,,,,,,,,0,0,,,,,,,
diamond,10,CREATE_DELETE,0.7,,,DELETE_CREATE,DELETE_CREATE,[0 -> 0|1|2|3|4|5|6|7|8|9 -> 0],[0 -> 0|1|2|3|4|5|6|7|8|9 -> 0],[2; 10; 9; 2],0.008,,,,,,,,0,0,,,,,,,
diamond,10,CREATE_DELETE,0.7,,,DELETE_CREATE,NOOP,[0 -> 0|1|2|3|4|5|6|7|8|9 -> 0],[0 -> 0|1|2|3|4|5|6|7|8|9 -> 0],[2; 9; 7; 1],0.012,,,,FALSE,0.158,,,1,0,,,,,,,
diamond,10,CREATE_DELETE,0.7,,,DELETE_CREATE,UPDATE,[0 -> 0|1|2|3|4|5|6|7|8|9 -> 0],[0 -> 0|1|2|3|4|5|6|7|8|9 -> 0],[1; 9; 9; 1],0.008,,,,,,,,0,0,,,,,,,
diamond,10,CREATE_DELETE,0.7,,,NOOP,CREATE_DELETE,[0 -> 0|1|2|3|4|5|6|7|8|9 -> 0],[0 -> 0|1|2|3|4|5|6|7|8|9 -> 0],[9; 1; 1; 8],0.008,,,,,,,,0,0,,,,,,,
diamond,10,CREATE_DELETE,0.7,,,NOOP,DELETE_CREATE,[0 -> 0|1|2|3|4|5|6|7|8|9 -> 0],[0 -> 0|1|2|3|4|5|6|7|8|9 -> 0],[10; 10; 1; 1],0.008,,,,,,,,0,0,,,,,,,
diamond,10,CREATE_DELETE,0.7,,,NOOP,NOOP,[0 -> 0|1|2|3|4|5|6|7|8|9 -> 0],[0 -> 0|1|2|3|4|5|6|7|8|9 -> 0],[9; 8],0.008,,,,FALSE,0.308,,,1,0,,,,,,,
diamond,10,CREATE_DELETE,0.7,,,NOOP,UPDATE,[0 -> 0|1|2|3|4|5|6|7|8|9 -> 0],[0 -> 0|1|2|3|4|5|6|7|8|9 -> 0],[10; 9; 1],0.008,,,,FALSE,0.215,,,1,0,,,,,,,
diamond,10,CREATE_DELETE,0.7,,,UPDATE,CREATE_DELETE,[0 -> 0|1|2|3|4|5|6|7|8|9 -> 0],[0 -> 0|1|2|3|4|5|6|7|8|9 -> 0],[1; 10; 1; 1; 10],0.008,,,,,,,,0,0,,,,,,,
diamond,10,CREATE_DELETE,0.7,,,UPDATE,DELETE_CREATE,[0 -> 0|1|2|3|4|5|6|7|8|9 -> 0],[0 -> 0|1|2|3|4|5|6|7|8|9 -> 0],[2; 10; 9; 1],0.008,,,,,,,,0,0,,,,,,,
diamond,10,CREATE_DELETE,0.7,,,UPDATE,NOOP,[0 -> 0|1|2|3|4|5|6|7|8|9 -> 0],[0 -> 0|1|2|3|4|5|6|7|8|9 -> 0],[2; 9; 5],0.008,,,,FALSE,0.228,,,1,0,,,,,,,
diamond,10,CREATE_DELETE,0.7,,,UPDATE,UPDATE,[0 -> 0|1|2|3|4|5|6|7|8|9 -> 0],[0 -> 0|1|2|3|4|5|6|7|8|9 -> 0],[5; 10; 7],0.008,,,,FALSE,0.16,,,4,0,,,,,,,
diamond,15,UPDATE,0.4,,,CREATE_DELETE,CREATE_DELETE,[0 -> 0|1|0|1|2|3|4|2|3|4|5|6|7|8|9 -> 0],[0 -> 0|1|0|1|2|3|4|2|3|4|5|6|7|8|9 -> 0],[1; 12; 1; 1; 6; 1],0.024,,,,,,,,0,0,,,,,,,
diamond,15,UPDATE,0.4,,,CREATE_DELETE,DELETE_CREATE,[0 -> 0|1|0|1|2|3|4|2|3|4|5|6|7|8|9 -> 0],[0 -> 0|1|0|1|2|3|4|2|3|4|5|6|7|8|9 -> 0],[2; 14; 9; 2],0.028,,,,,,,,0,0,,,,,,,
diamond,15,UPDATE,0.4,,,CREATE_DELETE,NOOP,[0 -> 0|1|0|1|2|3|4|2|3|4|5|6|7|8|9 -> 0],[0 -> 0|1|0|1|2|3|4|2|3|4|5|6|7|8|9 -> 0],[3; 11; 4; 1],0.028,,,,FALSE,0.365,,,2,0,,,,,,,
diamond,15,UPDATE,0.4,,,CREATE_DELETE,UPDATE,[0 -> 0|1|0|1|2|3|4|2|3|4|5|6|7|8|9 -> 0],[0 -> 0|1|0|1|2|3|4|2|3|4|5|6|7|8|9 -> 0],[2; 13; 2; 1],0.024,,,,FALSE,0.333,,,1,0,,,,,,,
diamond,15,UPDATE,0.4,,,DELETE_CREATE,CREATE_DELETE,[0 -> 0|1|0|1|2|3|4|2|3|4|5|6|7|8|9 -> 0],[0 -> 0|1|0|1|2|3|4|2|3|4|5|6|7|8|9 -> 0],[1; 13; 1; 1; 7; 1],0.02,,,,,,,,0,0,,,,,,,
diamond,15,UPDATE,0.4,,,DELETE_CREATE,DELETE_CREATE,[0 -> 0|1|0|1|2|3|4|2|3|4|5|6|7|8|9 -> 0],[0 -> 0|1|0|1|2|3|4|2|3|4|5|6|7|8|9 -> 0],[2; 11; 6; 2],0.024,,,,,,,,0,0,,,,,,,
diamond,15,UPDATE,0.4,,,DELETE_CREATE,NOOP,[0 -> 0|1|0|1|2|3|4|2|3|4|5|6|7|8|9 -> 0],[0 -> 0|1|0|1|2|3|4|2|3|4|5|6|7|8|9 -> 0],[4; 12; 2; 1],0.024,,,,FALSE,0.303,,,3,0,,,,,,,
diamond,15,UPDATE,0.4,,,DELETE_CREATE,UPDATE,[0 -> 0|1|0|1|2|3|4|2|3|4|5|6|7|8|9 -> 0],[0 -> 0|1|0|1|2|3|4|2|3|4|5|6|7|8|9 -> 0],[4; 10; 2; 1],0.024,,,,FALSE,0.242,,,3,0,,,,,,,
diamond,15,UPDATE,0.4,,,NOOP,CREATE_DELETE,[0 -> 0|1|0|1|2|3|4|2|3|4|5|6|7|8|9 -> 0],[0 -> 0|1|0|1|2|3|4|2|3|4|5|6|7|8|9 -> 0],[11; 1; 1; 4],0.02,,,,,,,,0,0,,,,,,,
diamond,15,UPDATE,0.4,,,NOOP,DELETE_CREATE,[0 -> 0|1|0|1|2|3|4|2|3|4|5|6|7|8|9 -> 0],[0 -> 0|1|0|1|2|3|4|2|3|4|5|6|7|8|9 -> 0],[9; 7; 3; 1],0.024,,,,,,,,0,0,,,,,,,
diamond,15,UPDATE,0.4,,,NOOP,NOOP,[0 -> 0|1|0|1|2|3|4|2|3|4|5|6|7|8|9 -> 0],[0 -> 0|1|0|1|2|3|4|2|3|4|5|6|7|8|9 -> 0],[14; 5],0.028,,,,FALSE,0.321,,,3,0,,,,,,,
diamond,15,UPDATE,0.4,,,NOOP,UPDATE,[0 -> 0|1|0|1|2|3|4|2|3|4|5|6|7|8|9 -> 0],[0 -> 0|1|0|1|2|3|4|2|3|4|5|6|7|8|9 -> 0],[12; 9; 1],0.024,,,,FALSE,0.392,,,3,0,,,,,,,
diamond,15,UPDATE,0.4,,,UPDATE,CREATE_DELETE,[0 -> 0|1|0|1|2|3|4|2|3|4|5|6|7|8|9 -> 0],[0 -> 0|1|0|1|2|3|4|2|3|4|5|6|7|8|9 -> 0],[1; 11; 1; 1; 6],0.024,,,,,,,,0,0,,,,,,,
diamond,15,UPDATE,0.4,,,UPDATE,DELETE_CREATE,[0 -> 0|1|0|1|2|3|4|2|3|4|5|6|7|8|9 -> 0],[0 -> 0|1|0|1|2|3|4|2|3|4|5|6|7|8|9 -> 0],[2; 12; 6; 1],0.028,,,,,,,,0,0,,,,,,,
diamond,15,UPDATE,0.4,,,UPDATE,NOOP,[0 -> 0|1|0|1|2|3|4|2|3|4|5|6|7|8|9 -> 0],[0 -> 0|1|0|1|2|3|4|2|3|4|5|6|7|8|9 -> 0],[5; 9],0.024,,,,FALSE,0.168,,,4,0,,,,,,,
diamond,15,UPDATE,0.4,,,UPDATE,UPDATE,[0 -> 0|1|0|1|2|3|4|2|3|4|5|6|7|8|9 -> 0],[0 -> 0|1|0|1|2|3|4|2|3|4|5|6|7|8|9 -> 0],[5; 13; 5],0.028,,,,FALSE,0.362,,,4,0,,,,,,,
diamond,15,UPDATE,0.7,,,CREATE_DELETE,CREATE_DELETE,[0 -> 0|1|0|1|2|3|4|2|3|4|5|6|7|8|9 -> 0],[0 -> 0|1|0|1|2|3|4|2|3|4|5|6|7|8|9 -> 0],[1; 15; 1; 1; 4; 1],0.024,,,,,,,,0,0,,,,,,,
diamond,15,UPDATE,0.7,,,CREATE_DELETE,DELETE_CREATE,[0 -> 0|1|0|1|2|3|4|2|3|4|5|6|7|8|9 -> 0],[0 -> 0|1|0|1|2|3|4|2|3|4|5|6|7|8|9 -> 0],[2; 13; 4; 1],0.024,,,,,,,,0,0,,,,,,,
diamond,15,UPDATE,0.7,,,CREATE_DELETE,NOOP,[0 -> 0|1|0|1|2|3|4|2|3|4|5|6|7|8|9 -> 0],[0 -> 0|1|0|1|2|3|4|2|3|4|5|6|7|8|9 -> 0],[2; 12; 2; 1],0.024,,,,FALSE,0.318,,,1,0,,,,,,,
diamond,15,UPDATE,0.7,,,CREATE_DELETE,UPDATE,[0 -> 0|1|0|1|2|3|4|2|3|4|5|6|7|8|9 -> 0],[0 -> 0|1|0|1|2|3|4|2|3|4|5|6|7|8|9 -> 0],[3; 13; 3; 1],0.024,,,,FALSE,0.345,,,2,0,,,,,,,
diamond,15,UPDATE,0.7,,,DELETE_CREATE,CREATE_DELETE,[0 -> 0|1|0|1|2|3|4|2|3|4|5|6|7|8|9 -> 0],[0 -> 0|1|0|1|2|3|4|2|3|4|5|6|7|8|9 -> 0],[1; 15; 1; 1; 4; 1],0.024,,,,,,,,0,0,,,,,,,
diamond,15,UPDATE,0.7,,,DELETE_CREATE,DELETE_CREATE,[0 -> 0|1|0|1|2|3|4|2|3|4|5|6|7|8|9 -> 0],[0 -> 0|1|0|1|2|3|4|2|3|4|5|6|7|8|9 -> 0],[2; 12; 2; 1],0.024,,,,,,,,0,0,,,,,,,
diamond,15,UPDATE,0.7,,,DELETE_CREATE,NOOP,[0 -> 0|1|0|1|2|3|4|2|3|4|5|6|7|8|9 -> 0],[0 -> 0|1|0|1|2|3|4|2|3|4|5|6|7|8|9 -> 0],[2; 15; 1; 1],0.02,,,,FALSE,0.373,,,1,0,,,,,,,
diamond,15,UPDATE,0.7,,,DELETE_CREATE,UPDATE,[0 -> 0|1|0|1|2|3|4|2|3|4|5|6|7|8|9 -> 0],[0 -> 0|1|0|1|2|3|4|2|3|4|5|6|7|8|9 -> 0],[1; 14; 2; 1],0.024,,,,,,,,0,0,,,,,,,
diamond,15,UPDATE,0.7,,,NOOP,CREATE_DELETE,[0 -> 0|1|0|1|2|3|4|2|3|4|5|6|7|8|9 -> 0],[0 -> 0|1|0|1|2|3|4|2|3|4|5|6|7|8|9 -> 0],[14; 1; 1; 3],0.024,,,,,,,,0,0,,,,,,,
diamond,15,UPDATE,0.7,,,NOOP,DELETE_CREATE,[0 -> 0|1|0|1|2|3|4|2|3|4|5|6|7|8|9 -> 0],[0 -> 0|1|0|1|2|3|4|2|3|4|5|6|7|8|9 -> 0],[13; 4; 2; 1],0.024,,,,,,,,0,0,,,,,,,
diamond,15,UPDATE,0.7,,,NOOP,NOOP,[0 -> 0|1|0|1|2|3|4|2|3|4|5|6|7|8|9 -> 0],[0 -> 0|1|0|1|2|3|4|2|3|4|5|6|7|8|9 -> 0],[13; 3],0.024,,,,,,,,0,0,,,,,,,
diamond,15,UPDATE,0.7,,,NOOP,UPDATE,[0 -> 0|1|0|1|2|3|4|2|3|4|5|6|7|8|9 -> 0],[0 -> 0|1|0|1|2|3|4|2|3|4|5|6|7|8|9 -> 0],[15; 5; 1],0.024,,,,FALSE,0.767,,,2,0,,,,,,,
diamond,15,UPDATE,0.7,,,UPDATE,CREATE_DELETE,[0 -> 0|1|0|1|2|3|4|2|3|4|5|6|7|8|9 -> 0],[0 -> 0|1|0|1|2|3|4|2|3|4|5|6|7|8|9 -> 0],[1; 15; 1; 1; 4],0.024,,,,,,,,0,0,,,,,,,
diamond,15,UPDATE,0.7,,,UPDATE,DELETE_CREATE,[0 -> 0|1|0|1|2|3|4|2|3|4|5|6|7|8|9 -> 0],[0 -> 0|1|0|1|2|3|4|2|3|4|5|6|7|8|9 -> 0],[2; 14; 2; 1],0.02,,,,,,,,0,0,,,,,,,
diamond,15,UPDATE,0.7,,,UPDATE,NOOP,[0 -> 0|1|0|1|2|3|4|2|3|4|5|6|7|8|9 -> 0],[0 -> 0|1|0|1|2|3|4|2|3|4|5|6|7|8|9 -> 0],[3; 14; 4],0.024,,,,FALSE,0.411,,,2,0,,,,,,,
diamond,15,UPDATE,0.7,,,UPDATE,UPDATE,[0 -> 0|1|0|1|2|3|4|2|3|4|5|6|7|8|9 -> 0],[0 -> 0|1|0|1|2|3|4|2|3|4|5|6|7|8|9 -> 0],[2; 15; 2],0.02,,,,FALSE,0.363,,,1,0,,,,,,,
diamond,15,NOOP,0.4,,,CREATE_DELETE,CREATE_DELETE,[0 -> 0|1|0|1|2|3|4|2|3|4|5|6|7|8|9 -> 0],[0 -> 0|1|0|1|2|3|4|2|3|4|5|6|7|8|9 -> 0],[1; 9; 1; 1; 5; 1],0.024,,,,,,,,0,0,,,,,,,
diamond,15,NOOP,0.4,,,CREATE_DELETE,DELETE_CREATE,[0 -> 0|1|0|1|2|3|4|2|3|4|5|6|7|8|9 -> 0],[0 -> 0|1|0|1|2|3|4|2|3|4|5|6|7|8|9 -> 0],[2; 10; 5; 2],0.024,,,,,,,,0,0,,,,,,,
diamond,15,NOOP,0.4,,,CREATE_DELETE,NOOP,[0 -> 0|1|0|1|2|3|4|2|3|4|5|6|7|8|9 -> 0],[0 -> 0|1|0|1|2|3|4|2|3|4|5|6|7|8|9 -> 0],[3; 9; 3; 1],0.024,,,,FALSE,0.278,,,2,0,,,,,,,
diamond,15,NOOP,0.4,,,CREATE_DELETE,UPDATE,[0 -> 0|1|0|1|2|3|4|2|3|4|5|6|7|8|9 -> 0],[0 -> 0|1|0|1|2|3|4|2|3|4|5|6|7|8|9 -> 0],[4; 11; 5; 1],0.024,,,,FALSE,0.361,,,3,0,,,,,,,
diamond,15,NOOP,0.4,,,DELETE_CREATE,CREATE_DELETE,[0 -> 0|1|0|1|2|3|4|2|3|4|5|6|7|8|9 -> 0],[0 -> 0|1|0|1|2|3|4|2|3|4|5|6|7|8|9 -> 0],[1; 9; 1; 1; 5; 1],0.024,,,,,,,,0,0,,,,,,,
diamond,15,NOOP,0.4,,,DELETE_CREATE,DELETE_CREATE,[0 -> 0|1|0|1|2|3|4|2|3|4|5|6|7|8|9 -> 0],[0 -> 0|1|0|1|2|3|4|2|3|4|5|6|7|8|9 -> 0],[2; 9; 4; 1],0.024,,,,,,,,0,0,,,,,,,
diamond,15,NOOP,0.4,,,DELETE_CREATE,NOOP,[0 -> 0|1|0|1|2|3|4|2|3|4|5|6|7|8|9 -> 0],[0 -> 0|1|0|1|2|3|4|2|3|4|5|6|7|8|9 -> 0],[4; 10; 5; 1],0.024,,,,FALSE,0.347,,,3,0,,,,,,,
diamond,15,NOOP,0.4,,,DELETE_CREATE,UPDATE,[0 -> 0|1|0|1|2|3|4|2|3|4|5|6|7|8|9 -> 0],[0 -> 0|1|0|1|2|3|4|2|3|4|5|6|7|8|9 -> 0],[2; 8; 5; 1],0.024,,,,FALSE,0.443,,,1,0,,,,,,,
diamond,15,NOOP,0.4,,,NOOP,CREATE_DELETE,[0 -> 0|1|0|1|2|3|4|2|3|4|5|6|7|8|9 -> 0],[0 -> 0|1|0|1|2|3|4|2|3|4|5|6|7|8|9 -> 0],[8; 1; 1; 5],0.024,,,,,,,,0,0,,,,,,,
diamond,15,NOOP,0.4,,,NOOP,DELETE_CREATE,[0 -> 0|1|0|1|2|3|4|2|3|4|5|6|7|8|9 -> 0],[0 -> 0|1|0|1|2|3|4|2|3|4|5|6|7|8|9 -> 0],[7; 5; 3; 1],0.02,,,,,,,,0,0,,,,,,,
diamond,15,NOOP,0.4,,,NOOP,NOOP,[0 -> 0|1|0|1|2|3|4|2|3|4|5|6|7|8|9 -> 0],[0 -> 0|1|0|1|2|3|4|2|3|4|5|6|7|8|9 -> 0],[8; 4],0.024,,,,FALSE,0.216,,,1,0,,,,,,,
diamond,15,NOOP,0.4,,,NOOP,UPDATE,[0 -> 0|1|0|1|2|3|4|2|3|4|5|6|7|8|9 -> 0],[0 -> 0|1|0|1|2|3|4|2|3|4|5|6|7|8|9 -> 0],[11; 6; 1],0.024,,,,FALSE,0.307,,,2,0,,,,,,,
diamond,15,NOOP,0.4,,,UPDATE,CREATE_DELETE,[0 -> 0|1|0|1|2|3|4|2|3|4|5|6|7|8|9 -> 0],[0 -> 0|1|0|1|2|3|4|2|3|4|5|6|7|8|9 -> 0],[1; 10; 1; 1; 5],0.024,,,,,,,,0,0,,,,,,,
diamond,15,NOOP,0.4,,,UPDATE,DELETE_CREATE,[0 -> 0|1|0|1|2|3|4|2|3|4|5|6|7|8|9 -> 0],[0 -> 0|1|0|1|2|3|4|2|3|4|5|6|7|8|9 -> 0],[2; 10; 9; 1],0.024,,,,,,,,0,0,,,,,,,
diamond,15,NOOP,0.4,,,UPDATE,NOOP,[0 -> 0|1|0|1|2|3|4|2|3|4|5|6|7|8|9 -> 0],[0 -> 0|1|0|1|2|3|4|2|3|4|5|6|7|8|9 -> 0],[4; 9; 3],0.024,,,,FALSE,0.248,,,3,0,,,,,,,
diamond,15,NOOP,0.4,,,UPDATE,UPDATE,[0 -> 0|1|0|1|2|3|4|2|3|4|5|6|7|8|9 -> 0],[0 -> 0|1|0|1|2|3|4|2|3|4|5|6|7|8|9 -> 0],[2; 6; 4],0.02,,,,FALSE,0.222,,,1,0,,,,,,,
diamond,15,NOOP,0.7,,,CREATE_DELETE,CREATE_DELETE,[0 -> 0|1|0|1|2|3|4|2|3|4|5|6|7|8|9 -> 0],[0 -> 0|1|0|1|2|3|4|2|3|4|5|6|7|8|9 -> 0],[1; 3; 1; 1; 1; 1],0.024,,TRUE,13.352,TRUE,13.566,0,57.379,0,0,,,,,,,
diamond,15,NOOP,0.7,,,CREATE_DELETE,DELETE_CREATE,[0 -> 0|1|0|1|2|3|4|2|3|4|5|6|7|8|9 -> 0],[0 -> 0|1|0|1|2|3|4|2|3|4|5|6|7|8|9 -> 0],[2; 3; 3; 1],0.024,,,,,,,,0,0,,,,,,,
diamond,15,NOOP,0.7,,,CREATE_DELETE,NOOP,[0 -> 0|1|0|1|2|3|4|2|3|4|5|6|7|8|9 -> 0],[0 -> 0|1|0|1|2|3|4|2|3|4|5|6|7|8|9 -> 0],[2; 8; 3; 1],0.02,,,,FALSE,0.253,,,1,0,,,,,,,
diamond,15,NOOP,0.7,,,CREATE_DELETE,UPDATE,[0 -> 0|1|0|1|2|3|4|2|3|4|5|6|7|8|9 -> 0],[0 -> 0|1|0|1|2|3|4|2|3|4|5|6|7|8|9 -> 0],[2; 5; 4; 1],0.024,,,,FALSE,0.184,,,1,0,,,,,,,
diamond,15,NOOP,0.7,,,DELETE_CREATE,CREATE_DELETE,[0 -> 0|1|0|1|2|3|4|2|3|4|5|6|7|8|9 -> 0],[0 -> 0|1|0|1|2|3|4|2|3|4|5|6|7|8|9 -> 0],[1; 2; 1; 1; 1],0.02,,TRUE,0.767,TRUE,0.77,0,3.444,0,0,,,,,,,
diamond,15,NOOP,0.7,,,DELETE_CREATE,DELETE_CREATE,[0 -> 0|1|0|1|2|3|4|2|3|4|5|6|7|8|9 -> 0],[0 -> 0|1|0|1|2|3|4|2|3|4|5|6|7|8|9 -> 0],[1; 1; 1; 1; 2; 1],0.024,,TRUE,0.207,FALSE,0.05,28,0.875,14,0,,,,,,,
diamond,15,NOOP,0.7,,,DELETE_CREATE,NOOP,[0 -> 0|1|0|1|2|3|4|2|3|4|5|6|7|8|9 -> 0],[0 -> 0|1|0|1|2|3|4|2|3|4|5|6|7|8|9 -> 0],[2; 4; 2; 1],0.02,,,,FALSE,0.158,,,1,0,,,,,,,
diamond,15,NOOP,0.7,,,DELETE_CREATE,UPDATE,[0 -> 0|1|0|1|2|3|4|2|3|4|5|6|7|8|9 -> 0],[0 -> 0|1|0|1|2|3|4|2|3|4|5|6|7|8|9 -> 0],[5; 9; 5; 1],0.024,,,,FALSE,0.269,,,4,0,,,,,,,
diamond,15,NOOP,0.7,,,NOOP,CREATE_DELETE,[0 -> 0|1|0|1|2|3|4|2|3|4|5|6|7|8|9 -> 0],[0 -> 0|1|0|1|2|3|4|2|3|4|5|6|7|8|9 -> 0],[4; 1; 1; 4],0.024,,,,,,,,0,0,,,,,,,
diamond,15,NOOP,0.7,,,NOOP,DELETE_CREATE,[0 -> 0|1|0|1|2|3|4|2|3|4|5|6|7|8|9 -> 0],[0 -> 0|1|0|1|2|3|4|2|3|4|5|6|7|8|9 -> 0],[5; 4; 2; 1],0.02,,,,,,,,0,0,,,,,,,
diamond,15,NOOP,0.7,,,NOOP,NOOP,[0 -> 0|1|0|1|2|3|4|2|3|4|5|6|7|8|9 -> 0],[0 -> 0|1|0|1|2|3|4|2|3|4|5|6|7|8|9 -> 0],[6; 6],0.024,,,,FALSE,0.255,,,1,0,,,,,,,
diamond,15,NOOP,0.7,,,NOOP,UPDATE,[0 -> 0|1|0|1|2|3|4|2|3|4|5|6|7|8|9 -> 0],[0 -> 0|1|0|1|2|3|4|2|3|4|5|6|7|8|9 -> 0],[2; 2; 1],0.024,,TRUE,3.217,FALSE,0.053,4,0.09,2,0,,,,,,,
diamond,15,NOOP,0.7,,,UPDATE,CREATE_DELETE,[0 -> 0|1|0|1|2|3|4|2|3|4|5|6|7|8|9 -> 0],[0 -> 0|1|0|1|2|3|4|2|3|4|5|6|7|8|9 -> 0],[1; 5; 1; 1; 2],0.024,,,,,,,,0,0,,,,,,,
diamond,15,NOOP,0.7,,,UPDATE,DELETE_CREATE,[0 -> 0|1|0|1|2|3|4|2|3|4|5|6|7|8|9 -> 0],[0 -> 0|1|0|1|2|3|4|2|3|4|5|6|7|8|9 -> 0],[2; 2; 2],0.024,,TRUE,39.911,TRUE,39.949,0,196.582,0,0,,,,,,,
diamond,15,NOOP,0.7,,,UPDATE,NOOP,[0 -> 0|1|0|1|2|3|4|2|3|4|5|6|7|8|9 -> 0],[0 -> 0|1|0|1|2|3|4|2|3|4|5|6|7|8|9 -> 0],[3; 4; 1],0.02,,,,FALSE,0.111,,,2,0,,,,,,,
diamond,15,NOOP,0.7,,,UPDATE,UPDATE,[0 -> 0|1|0|1|2|3|4|2|3|4|5|6|7|8|9 -> 0],[0 -> 0|1|0|1|2|3|4|2|3|4|5|6|7|8|9 -> 0],[3; 6; 3],0.02,,,,FALSE,0.173,,,2,0,,,,,,,
diamond,15,DELETE_CREATE,0.4,,,CREATE_DELETE,CREATE_DELETE,[0 -> 0|1|0|1|2|3|4|2|3|4|5|6|7|8|9 -> 0],[0 -> 0|1|0|1|2|3|4|2|3|4|5|6|7|8|9 -> 0],[1; 12; 1; 1; 11; 1],0.028,,,,,,,,0,0,,,,,,,
diamond,15,DELETE_CREATE,0.4,,,CREATE_DELETE,DELETE_CREATE,[0 -> 0|1|0|1|2|3|4|2|3|4|5|6|7|8|9 -> 0],[0 -> 0|1|0|1|2|3|4|2|3|4|5|6|7|8|9 -> 0],[2; 12; 9; 2],0.024,,,,,,,,0,0,,,,,,,
diamond,15,DELETE_CREATE,0.4,,,CREATE_DELETE,NOOP,[0 -> 0|1|0|1|2|3|4|2|3|4|5|6|7|8|9 -> 0],[0 -> 0|1|0|1|2|3|4|2|3|4|5|6|7|8|9 -> 0],[5; 12; 3; 1],0.02,,,,FALSE,0.34,,,4,0,,,,,,,
diamond,15,DELETE_CREATE,0.4,,,CREATE_DELETE,UPDATE,[0 -> 0|1|0|1|2|3|4|2|3|4|5|6|7|8|9 -> 0],[0 -> 0|1|0|1|2|3|4|2|3|4|5|6|7|8|9 -> 0],[9; 12; 2; 1],0.024,,,,FALSE,0.259,,,8,0,,,,,,,
diamond,15,DELETE_CREATE,0.4,,,DELETE_CREATE,CREATE_DELETE,[0 -> 0|1|0|1|2|3|4|2|3|4|5|6|7|8|9 -> 0],[0 -> 0|1|0|1|2|3|4|2|3|4|5|6|7|8|9 -> 0],[1; 14; 1; 1; 10; 1],0.028,,,,,,,,0,0,,,,,,,
diamond,15,DELETE_CREATE,0.4,,,DELETE_CREATE,DELETE_CREATE,[0 -> 0|1|0|1|2|3|4|2|3|4|5|6|7|8|9 -> 0],[0 -> 0|1|0|1|2|3|4|2|3|4|5|6|7|8|9 -> 0],[2; 12; 7; 2],0.02,,,,,,,,0,0,,,,,,,
diamond,15,DELETE_CREATE,0.4,,,DELETE_CREATE,NOOP,[0 -> 0|1|0|1|2|3|4|2|3|4|5|6|7|8|9 -> 0],[0 -> 0|1|0|1|2|3|4|2|3|4|5|6|7|8|9 -> 0],[4; 9; 4; 1],0.024,,,,FALSE,0.288,,,3,0,,,,,,,
diamond,15,DELETE_CREATE,0.4,,,DELETE_CREATE,UPDATE,[0 -> 0|1|0|1|2|3|4|2|3|4|5|6|7|8|9 -> 0],[0 -> 0|1|0|1|2|3|4|2|3|4|5|6|7|8|9 -> 0],[2; 11; 8; 1],0.024,,,,FALSE,0.491,,,1,0,,,,,,,
diamond,15,DELETE_CREATE,0.4,,,NOOP,CREATE_DELETE,[0 -> 0|1|0|1|2|3|4|2|3|4|5|6|7|8|9 -> 0],[0 -> 0|1|0|1|2|3|4|2|3|4|5|6|7|8|9 -> 0],[13; 1; 1; 10],0.024,,,,,,,,0,0,,,,,,,
diamond,15,DELETE_CREATE,0.4,,,NOOP,DELETE_CREATE,[0 -> 0|1|0|1|2|3|4|2|3|4|5|6|7|8|9 -> 0],[0 -> 0|1|0|1|2|3|4|2|3|4|5|6|7|8|9 -> 0],[5; 11; 9; 1],0.024,,,,,,,,0,0,,,,,,,
diamond,15,DELETE_CREATE,0.4,,,NOOP,NOOP,[0 -> 0|1|0|1|2|3|4|2|3|4|5|6|7|8|9 -> 0],[0 -> 0|1|0|1|2|3|4|2|3|4|5|6|7|8|9 -> 0],[10; 7],0.024,,,,FALSE,0.264,,,3,0,,,,,,,
diamond,15,DELETE_CREATE,0.4,,,NOOP,UPDATE,[0 -> 0|1|0|1|2|3|4|2|3|4|5|6|7|8|9 -> 0],[0 -> 0|1|0|1|2|3|4|2|3|4|5|6|7|8|9 -> 0],[11; 9; 1],0.024,,,,FALSE,0.254,,,6,0,,,,,,,
diamond,15,DELETE_CREATE,0.4,,,UPDATE,CREATE_DELETE,[0 -> 0|1|0|1|2|3|4|2|3|4|5|6|7|8|9 -> 0],[0 -> 0|1|0|1|2|3|4|2|3|4|5|6|7|8|9 -> 0],[1; 14; 1; 1; 11],0.028,,,,,,,,0,0,,,,,,,
diamond,15,DELETE_CREATE,0.4,,,UPDATE,DELETE_CREATE,[0 -> 0|1|0|1|2|3|4|2|3|4|5|6|7|8|9 -> 0],[0 -> 0|1|0|1|2|3|4|2|3|4|5|6|7|8|9 -> 0],[2; 14; 11; 1],0.024,,,,,,,,0,0,,,,,,,
diamond,15,DELETE_CREATE,0.4,,,UPDATE,NOOP,[0 -> 0|1|0|1|2|3|4|2|3|4|5|6|7|8|9 -> 0],[0 -> 0|1|0|1|2|3|4|2|3|4|5|6|7|8|9 -> 0],[11; 13],0.028,,,,FALSE,0.233,,,10,0,,,,,,,
diamond,15,DELETE_CREATE,0.4,,,UPDATE,UPDATE,[0 -> 0|1|0|1|2|3|4|2|3|4|5|6|7|8|9 -> 0],[0 -> 0|1|0|1|2|3|4|2|3|4|5|6|7|8|9 -> 0],[5; 11; 7],0.024,,,,FALSE,0.382,,,4,0,,,,,,,
diamond,15,DELETE_CREATE,0.7,,,CREATE_DELETE,CREATE_DELETE,[0 -> 0|1|0|1|2|3|4|2|3|4|5|6|7|8|9 -> 0],[0 -> 0|1|0|1|2|3|4|2|3|4|5|6|7|8|9 -> 0],[1; 14; 1; 1; 13; 1],0.024,,,,,,,,0,0,,,,,,,
diamond,15,DELETE_CREATE,0.7,,,CREATE_DELETE,DELETE_CREATE,[0 -> 0|1|0|1|2|3|4|2|3|4|5|6|7|8|9 -> 0],[0 -> 0|1|0|1|2|3|4|2|3|4|5|6|7|8|9 -> 0],[2; 14; 13; 2],0.032,,,,,,,,0,0,,,,,,,
diamond,15,DELETE_CREATE,0.7,,,CREATE_DELETE,NOOP,[0 -> 0|1|0|1|2|3|4|2|3|4|5|6|7|8|9 -> 0],[0 -> 0|1|0|1|2|3|4|2|3|4|5|6|7|8|9 -> 0],[15; 15],0.024,,,,FALSE,0.508,,,14,0,,,,,,,
diamond,15,DELETE_CREATE,0.7,,,CREATE_DELETE,UPDATE,[0 -> 0|1|0|1|2|3|4|2|3|4|5|6|7|8|9 -> 0],[0 -> 0|1|0|1|2|3|4|2|3|4|5|6|7|8|9 -> 0],[14; 15; 1],0.028,,,,FALSE,0.285,,,13,0,,,,,,,
diamond,15,DELETE_CREATE,0.7,,,DELETE_CREATE,CREATE_DELETE,[0 -> 0|1|0|1|2|3|4|2|3|4|5|6|7|8|9 -> 0],[0 -> 0|1|0|1|2|3|4|2|3|4|5|6|7|8|9 -> 0],[1; 13; 1; 1; 11; 1],0.028,,,,,,,,0,0,,,,,,,
diamond,15,DELETE_CREATE,0.7,,,DELETE_CREATE,DELETE_CREATE,[0 -> 0|1|0|1|2|3|4|2|3|4|5|6|7|8|9 -> 0],[0 -> 0|1|0|1|2|3|4|2|3|4|5|6|7|8|9 -> 0],[2; 15; 15; 2],0.032,,,,,,,,0,0,,,,,,,
diamond,15,DELETE_CREATE,0.7,,,DELETE_CREATE,NOOP,[0 -> 0|1|0|1|2|3|4|2|3|4|5|6|7|8|9 -> 0],[0 -> 0|1|0|1|2|3|4|2|3|4|5|6|7|8|9 -> 0],[12; 15; 2; 1],0.028,,,,FALSE,0.34,,,11,0,,,,,,,
diamond,15,DELETE_CREATE,0.7,,,DELETE_CREATE,UPDATE,[0 -> 0|1|0|1|2|3|4|2|3|4|5|6|7|8|9 -> 0],[0 -> 0|1|0|1|2|3|4|2|3|4|5|6|7|8|9 -> 0],[12; 1; 1; 13; 1],0.028,,,,FALSE,0.212,,,16,0,,,,,,,
diamond,15,DELETE_CREATE,0.7,,,NOOP,CREATE_DELETE,[0 -> 0|1|0|1|2|3|4|2|3|4|5|6|7|8|9 -> 0],[0 -> 0|1|0|1|2|3|4|2|3|4|5|6|7|8|9 -> 0],[15; 1; 1; 13],0.028,,,,,,,,0,0,,,,,,,
diamond,15,DELETE_CREATE,0.7,,,NOOP,DELETE_CREATE,[0 -> 0|1|0|1|2|3|4|2|3|4|5|6|7|8|9 -> 0],[0 -> 0|1|0|1|2|3|4|2|3|4|5|6|7|8|9 -> 0],[6; 11; 9; 1],0.024,,,,,,,,0,0,,,,,,,
diamond,15,DELETE_CREATE,0.7,,,NOOP,NOOP,[0 -> 0|1|0|1|2|3|4|2|3|4|5|6|7|8|9 -> 0],[0 -> 0|1|0|1|2|3|4|2|3|4|5|6|7|8|9 -> 0],[15; 13],0.028,,,,FALSE,0.426,,,11,0,,,,,,,
diamond,15,DELETE_CREATE,0.7,,,NOOP,UPDATE,[0 -> 0|1|0|1|2|3|4|2|3|4|5|6|7|8|9 -> 0],[0 -> 0|1|0|1|2|3|4|2|3|4|5|6|7|8|9 -> 0],[15; 12; 1],0.024,,,,FALSE,0.271,,,12,0,,,,,,,
diamond,15,DELETE_CREATE,0.7,,,UPDATE,CREATE_DELETE,[0 -> 0|1|0|1|2|3|4|2|3|4|5|6|7|8|9 -> 0],[0 -> 0|1|0|1|2|3|4|2|3|4|5|6|7|8|9 -> 0],[1; 13; 1; 1; 10],0.028,,,,,,,,0,0,,,,,,,
diamond,15,DELETE_CREATE,0.7,,,UPDATE,DELETE_CREATE,[0 -> 0|1|0|1|2|3|4|2|3|4|5|6|7|8|9 -> 0],[0 -> 0|1|0|1|2|3|4|2|3|4|5|6|7|8|9 -> 0],[2; 14; 13; 1],0.024,,,,,,,,0,0,,,,,,,
diamond,15,DELETE_CREATE,0.7,,,UPDATE,NOOP,[0 -> 0|1|0|1|2|3|4|2|3|4|5|6|7|8|9 -> 0],[0 -> 0|1|0|1|2|3|4|2|3|4|5|6|7|8|9 -> 0],[13; 15; 2],0.024,,,,FALSE,0.351,,,12,0,,,,,,,
diamond,15,DELETE_CREATE,0.7,,,UPDATE,UPDATE,[0 -> 0|1|0|1|2|3|4|2|3|4|5|6|7|8|9 -> 0],[0 -> 0|1|0|1|2|3|4|2|3|4|5|6|7|8|9 -> 0],[10; 12; 2],0.024,,,,FALSE,0.245,,,9,0,,,,,,,
diamond,15,CREATE_DELETE,0.4,,,CREATE_DELETE,CREATE_DELETE,[0 -> 0|1|0|1|2|3|4|2|3|4|5|6|7|8|9 -> 0],[0 -> 0|1|0|1|2|3|4|2|3|4|5|6|7|8|9 -> 0],[1; 11; 1; 1; 6; 1],0.024,,,,,,,,0,0,,,,,,,
diamond,15,CREATE_DELETE,0.4,,,CREATE_DELETE,DELETE_CREATE,[0 -> 0|1|0|1|2|3|4|2|3|4|5|6|7|8|9 -> 0],[0 -> 0|1|0|1|2|3|4|2|3|4|5|6|7|8|9 -> 0],[2; 12; 9; 2],0.028,,,,,,,,0,0,,,,,,,
diamond,15,CREATE_DELETE,0.4,,,CREATE_DELETE,NOOP,[0 -> 0|1|0|1|2|3|4|2|3|4|5|6|7|8|9 -> 0],[0 -> 0|1|0|1|2|3|4|2|3|4|5|6|7|8|9 -> 0],[4; 13; 10; 1],0.024,,,,FALSE,0.612,,,3,0,,,,,,,
diamond,15,CREATE_DELETE,0.4,,,CREATE_DELETE,UPDATE,[0 -> 0|1|0|1|2|3|4|2|3|4|5|6|7|8|9 -> 0],[0 -> 0|1|0|1|2|3|4|2|3|4|5|6|7|8|9 -> 0],[4; 13; 9; 1],0.024,,,,FALSE,0.588,,,3,0,,,,,,,
diamond,15,CREATE_DELETE,0.4,,,DELETE_CREATE,CREATE_DELETE,[0 -> 0|1|0|1|2|3|4|2|3|4|5|6|7|8|9 -> 0],[0 -> 0|1|0|1|2|3|4|2|3|4|5|6|7|8|9 -> 0],[1; 13; 1; 1; 12; 1],0.028,,,,,,,,0,0,,,,,,,
diamond,15,CREATE_DELETE,0.4,,,DELETE_CREATE,DELETE_CREATE,[0 -> 0|1|0|1|2|3|4|2|3|4|5|6|7|8|9 -> 0],[0 -> 0|1|0|1|2|3|4|2|3|4|5|6|7|8|9 -> 0],[2; 14; 13; 2],0.028,,,,,,,,0,0,,,,,,,
diamond,15,CREATE_DELETE,0.4,,,DELETE_CREATE,NOOP,[0 -> 0|1|0|1|2|3|4|2|3|4|5|6|7|8|9 -> 0],[0 -> 0|1|0|1|2|3|4|2|3|4|5|6|7|8|9 -> 0],[3; 12; 5; 1],0.028,,,,FALSE,0.63,,,2,0,,,,,,,
diamond,15,CREATE_DELETE,0.4,,,DELETE_CREATE,UPDATE,[0 -> 0|1|0|1|2|3|4|2|3|4|5|6|7|8|9 -> 0],[0 -> 0|1|0|1|2|3|4|2|3|4|5|6|7|8|9 -> 0],[2; 9; 6; 1],0.024,,,,FALSE,0.35,,,1,0,,,,,,,
diamond,15,CREATE_DELETE,0.4,,,NOOP,CREATE_DELETE,[0 -> 0|1|0|1|2|3|4|2|3|4|5|6|7|8|9 -> 0],[0 -> 0|1|0|1|2|3|4|2|3|4|5|6|7|8|9 -> 0],[12; 1; 1; 9],0.028,,,,,,,,0,0,,,,,,,
diamond,15,CREATE_DELETE,0.4,,,NOOP,DELETE_CREATE,[0 -> 0|1|0|1|2|3|4|2|3|4|5|6|7|8|9 -> 0],[0 -> 0|1|0|1|2|3|4|2|3|4|5|6|7|8|9 -> 0],[10; 12; 4; 1],0.028,,,,,,,,0,0,,,,,,,
diamond,15,CREATE_DELETE,0.4,,,NOOP,NOOP,[0 -> 0|1|0|1|2|3|4|2|3|4|5|6|7|8|9 -> 0],[0 -> 0|1|0|1|2|3|4|2|3|4|5|6|7|8|9 -> 0],[12; 9],0.024,,,,FALSE,0.597,,,3,0,,,,,,,
diamond,15,CREATE_DELETE,0.4,,,NOOP,UPDATE,[0 -> 0|1|0|1|2|3|4|2|3|4|5|6|7|8|9 -> 0],[0 -> 0|1|0|1|2|3|4|2|3|4|5|6|7|8|9 -> 0],[10; 8; 1],0.02,,,,FALSE,0.337,,,2,0,,,,,,,
diamond,15,CREATE_DELETE,0.4,,,UPDATE,CREATE_DELETE,[0 -> 0|1|0|1|2|3|4|2|3|4|5|6|7|8|9 -> 0],[0 -> 0|1|0|1|2|3|4|2|3|4|5|6|7|8|9 -> 0],[1; 14; 1; 1; 11],0.028,,,,,,,,0,0,,,,,,,
diamond,15,CREATE_DELETE,0.4,,,UPDATE,DELETE_CREATE,[0 -> 0|1|0|1|2|3|4|2|3|4|5|6|7|8|9 -> 0],[0 -> 0|1|0|1|2|3|4|2|3|4|5|6|7|8|9 -> 0],[2; 10; 8; 1],0.024,,,,,,,,0,0,,,,,,,
diamond,15,CREATE_DELETE,0.4,,,UPDATE,NOOP,[0 -> 0|1|0|1|2|3|4|2|3|4|5|6|7|8|9 -> 0],[0 -> 0|1|0|1|2|3|4|2|3|4|5|6|7|8|9 -> 0],[3; 11; 7],0.024,,,,FALSE,0.435,,,2,0,,,,,,,
diamond,15,CREATE_DELETE,0.4,,,UPDATE,UPDATE,[0 -> 0|1|0|1|2|3|4|2|3|4|5|6|7|8|9 -> 0],[0 -> 0|1|0|1|2|3|4|2|3|4|5|6|7|8|9 -> 0],[1; 9; 9],0.024,,,,,,,,0,0,,,,,,,
diamond,15,CREATE_DELETE,0.7,,,CREATE_DELETE,CREATE_DELETE,[0 -> 0|1|0|1|2|3|4|2|3|4|5|6|7|8|9 -> 0],[0 -> 0|1|0|1|2|3|4|2|3|4|5|6|7|8|9 -> 0],[1; 15; 1; 1; 13; 1],0.028,,,,,,,,0,0,,,,,,,
diamond,15,CREATE_DELETE,0.7,,,CREATE_DELETE,DELETE_CREATE,[0 -> 0|1|0|1|2|3|4|2|3|4|5|6|7|8|9 -> 0],[0 -> 0|1|0|1|2|3|4|2|3|4|5|6|7|8|9 -> 0],[2; 13; 12; 2],0.028,,,,,,,,0,0,,,,,,,
diamond,15,CREATE_DELETE,0.7,,,CREATE_DELETE,NOOP,[0 -> 0|1|0|1|2|3|4|2|3|4|5|6|7|8|9 -> 0],[0 -> 0|1|0|1|2|3|4|2|3|4|5|6|7|8|9 -> 0],[3; 12; 8; 1],0.024,,,,FALSE,0.477,,,2,0,,,,,,,
diamond,15,CREATE_DELETE,0.7,,,CREATE_DELETE,UPDATE,[0 -> 0|1|0|1|2|3|4|2|3|4|5|6|7|8|9 -> 0],[0 -> 0|1|0|1|2|3|4|2|3|4|5|6|7|8|9 -> 0],[1; 13; 11; 1],0.028,,,,,,,,0,0,,,,,,,
diamond,15,CREATE_DELETE,0.7,,,DELETE_CREATE,CREATE_DELETE,[0 -> 0|1|0|1|2|3|4|2|3|4|5|6|7|8|9 -> 0],[0 -> 0|1|0|1|2|3|4|2|3|4|5|6|7|8|9 -> 0],[1; 13; 1; 1; 10; 1],0.024,,,,,,,,0,0,,,,,,,
diamond,15,CREATE_DELETE,0.7,,,DELETE_CREATE,DELETE_CREATE,[0 -> 0|1|0|1|2|3|4|2|3|4|5|6|7|8|9 -> 0],[0 -> 0|1|0|1|2|3|4|2|3|4|5|6|7|8|9 -> 0],[2; 14; 11; 2],0.028,,,,,,,,0,0,,,,,,,
diamond,15,CREATE_DELETE,0.7,,,DELETE_CREATE,NOOP,[0 -> 0|1|0|1|2|3|4|2|3|4|5|6|7|8|9 -> 0],[0 -> 0|1|0|1|2|3|4|2|3|4|5|6|7|8|9 -> 0],[2; 12; 9; 1],0.024,,,,FALSE,0.6,,,1,0,,,,,,,
diamond,15,CREATE_DELETE,0.7,,,DELETE_CREATE,UPDATE,[0 -> 0|1|0|1|2|3|4|2|3|4|5|6|7|8|9 -> 0],[0 -> 0|1|0|1|2|3|4|2|3|4|5|6|7|8|9 -> 0],[3; 13; 12; 1],0.028,,,,FALSE,0.642,,,2,0,,,,,,,
diamond,15,CREATE_DELETE,0.7,,,NOOP,CREATE_DELETE,[0 -> 0|1|0|1|2|3|4|2|3|4|5|6|7|8|9 -> 0],[0 -> 0|1|0|1|2|3|4|2|3|4|5|6|7|8|9 -> 0],[13; 1; 1; 11],0.024,,,,,,,,0,0,,,,,,,
diamond,15,CREATE_DELETE,0.7,,,NOOP,DELETE_CREATE,[0 -> 0|1|0|1|2|3|4|2|3|4|5|6|7|8|9 -> 0],[0 -> 0|1|0|1|2|3|4|2|3|4|5|6|7|8|9 -> 0],[12; 12; 2; 1],0.028,,,,,,,,0,0,,,,,,,
diamond,15,CREATE_DELETE,0.7,,,NOOP,NOOP,[0 -> 0|1|0|1|2|3|4|2|3|4|5|6|7|8|9 -> 0],[0 -> 0|1|0|1|2|3|4|2|3|4|5|6|7|8|9 -> 0],[14; 12],0.024,,,,FALSE,0.941,,,1,0,,,,,,,
diamond,15,CREATE_DELETE,0.7,,,NOOP,UPDATE,[0 -> 0|1|0|1|2|3|4|2|3|4|5|6|7|8|9 -> 0],[0 -> 0|1|0|1|2|3|4|2|3|4|5|6|7|8|9 -> 0],[14; 14],0.028,,,,,,,,0,0,,,,,,,
diamond,15,CREATE_DELETE,0.7,,,UPDATE,CREATE_DELETE,[0 -> 0|1|0|1|2|3|4|2|3|4|5|6|7|8|9 -> 0],[0 -> 0|1|0|1|2|3|4|2|3|4|5|6|7|8|9 -> 0],[1; 14; 1; 1; 10],0.028,,,,,,,,0,0,,,,,,,
diamond,15,CREATE_DELETE,0.7,,,UPDATE,DELETE_CREATE,[0 -> 0|1|0|1|2|3|4|2|3|4|5|6|7|8|9 -> 0],[0 -> 0|1|0|1|2|3|4|2|3|4|5|6|7|8|9 -> 0],[2; 15; 12; 1],0.024,,,,,,,,0,0,,,,,,,
diamond,15,CREATE_DELETE,0.7,,,UPDATE,NOOP,[0 -> 0|1|0|1|2|3|4|2|3|4|5|6|7|8|9 -> 0],[0 -> 0|1|0|1|2|3|4|2|3|4|5|6|7|8|9 -> 0],[3; 15; 11],0.024,,,,FALSE,0.841,,,2,0,,,,,,,
diamond,15,CREATE_DELETE,0.7,,,UPDATE,UPDATE,[0 -> 0|1|0|1|2|3|4|2|3|4|5|6|7|8|9 -> 0],[0 -> 0|1|0|1|2|3|4|2|3|4|5|6|7|8|9 -> 0],[1; 11; 9],0.024,,,,,,,,0,0,,,,,,,
diamond,20,UPDATE,0.4,,,CREATE_DELETE,CREATE_DELETE,[0 -> 0|1|0|1|2|3|4|5|6|7|8|9|2|3|4|5|6|7|8|9 -> 0],[0 -> 0|1|0|1|2|3|4|5|6|7|8|9|2|3|4|5|6|7|8|9 -> 0],[1; 15; 1; 1; 6; 1],0.052,,,,,,,,0,0,,,,,,,
diamond,20,UPDATE,0.4,,,CREATE_DELETE,DELETE_CREATE,[0 -> 0|1|0|1|2|3|4|5|6|7|8|9|2|3|4|5|6|7|8|9 -> 0],[0 -> 0|1|0|1|2|3|4|5|6|7|8|9|2|3|4|5|6|7|8|9 -> 0],[2; 18; 8; 2],0.052,,,,,,,,0,0,,,,,,,
diamond,20,UPDATE,0.4,,,CREATE_DELETE,NOOP,[0 -> 0|1|0|1|2|3|4|5|6|7|8|9|2|3|4|5|6|7|8|9 -> 0],[0 -> 0|1|0|1|2|3|4|5|6|7|8|9|2|3|4|5|6|7|8|9 -> 0],[2; 16; 2; 1],0.044,,,,FALSE,0.845,,,1,0,,,,,,,
diamond,20,UPDATE,0.4,,,CREATE_DELETE,UPDATE,[0 -> 0|1|0|1|2|3|4|5|6|7|8|9|2|3|4|5|6|7|8|9 -> 0],[0 -> 0|1|0|1|2|3|4|5|6|7|8|9|2|3|4|5|6|7|8|9 -> 0],[2; 11; 3; 1],0.044,,,,FALSE,0.607,,,1,0,,,,,,,
diamond,20,UPDATE,0.4,,,DELETE_CREATE,CREATE_DELETE,[0 -> 0|1|0|1|2|3|4|5|6|7|8|9|2|3|4|5|6|7|8|9 -> 0],[0 -> 0|1|0|1|2|3|4|5|6|7|8|9|2|3|4|5|6|7|8|9 -> 0],[1; 17; 1; 1; 5; 1],0.044,,,,,,,,0,0,,,,,,,
diamond,20,UPDATE,0.4,,,DELETE_CREATE,DELETE_CREATE,[0 -> 0|1|0|1|2|3|4|5|6|7|8|9|2|3|4|5|6|7|8|9 -> 0],[0 -> 0|1|0|1|2|3|4|5|6|7|8|9|2|3|4|5|6|7|8|9 -> 0],[2; 16; 11; 2],0.052,,,,,,,,0,0,,,,,,,
diamond,20,UPDATE,0.4,,,DELETE_CREATE,NOOP,[0 -> 0|1|0|1|2|3|4|5|6|7|8|9|2|3|4|5|6|7|8|9 -> 0],[0 -> 0|1|0|1|2|3|4|5|6|7|8|9|2|3|4|5|6|7|8|9 -> 0],[6; 17; 2; 1],0.048,,,,FALSE,0.781,,,5,0,,,,,,,
diamond,20,UPDATE,0.4,,,DELETE_CREATE,UPDATE,[0 -> 0|1|0|1|2|3|4|5|6|7|8|9|2|3|4|5|6|7|8|9 -> 0],[0 -> 0|1|0|1|2|3|4|5|6|7|8|9|2|3|4|5|6|7|8|9 -> 0],[3; 15; 6; 1],0.048,,,,FALSE,0.965,,,2,0,,,,,,,
diamond,20,UPDATE,0.4,,,NOOP,CREATE_DELETE,[0 -> 0|1|0|1|2|3|4|5|6|7|8|9|2|3|4|5|6|7|8|9 -> 0],[0 -> 0|1|0|1|2|3|4|5|6|7|8|9|2|3|4|5|6|7|8|9 -> 0],[17; 1; 1; 11],0.052,,,,,,,,0,0,,,,,,,
diamond,20,UPDATE,0.4,,,NOOP,DELETE_CREATE,[0 -> 0|1|0|1|2|3|4|5|6|7|8|9|2|3|4|5|6|7|8|9 -> 0],[0 -> 0|1|0|1|2|3|4|5|6|7|8|9|2|3|4|5|6|7|8|9 -> 0],[15; 12; 4; 1],0.056,,,,,,,,0,0,,,,,,,
diamond,20,UPDATE,0.4,,,NOOP,NOOP,[0 -> 0|1|0|1|2|3|4|5|6|7|8|9|2|3|4|5|6|7|8|9 -> 0],[0 -> 0|1|0|1|2|3|4|5|6|7|8|9|2|3|4|5|6|7|8|9 -> 0],[16; 5],0.044,,,,FALSE,0.82,,,2,0,,,,,,,
diamond,20,UPDATE,0.4,,,NOOP,UPDATE,[0 -> 0|1|0|1|2|3|4|5|6|7|8|9|2|3|4|5|6|7|8|9 -> 0],[0 -> 0|1|0|1|2|3|4|5|6|7|8|9|2|3|4|5|6|7|8|9 -> 0],[16; 6; 1],0.048,,,,FALSE,0.699,,,4,0,,,,,,,
diamond,20,UPDATE,0.4,,,UPDATE,CREATE_DELETE,[0 -> 0|1|0|1|2|3|4|5|6|7|8|9|2|3|4|5|6|7|8|9 -> 0],[0 -> 0|1|0|1|2|3|4|5|6|7|8|9|2|3|4|5|6|7|8|9 -> 0],[1; 18; 1; 1; 11],0.052,,,,,,,,0,0,,,,,,,
diamond,20,UPDATE,0.4,,,UPDATE,DELETE_CREATE,[0 -> 0|1|0|1|2|3|4|5|6|7|8|9|2|3|4|5|6|7|8|9 -> 0],[0 -> 0|1|0|1|2|3|4|5|6|7|8|9|2|3|4|5|6|7|8|9 -> 0],[2; 12; 5; 1],0.048,,,,,,,,0,0,,,,,,,
diamond,20,UPDATE,0.4,,,UPDATE,NOOP,[0 -> 0|1|0|1|2|3|4|5|6|7|8|9|2|3|4|5|6|7|8|9 -> 0],[0 -> 0|1|0|1|2|3|4|5|6|7|8|9|2|3|4|5|6|7|8|9 -> 0],[3; 18; 8],0.052,,,,FALSE,1.351,,,2,0,,,,,,,
diamond,20,UPDATE,0.4,,,UPDATE,UPDATE,[0 -> 0|1|0|1|2|3|4|5|6|7|8|9|2|3|4|5|6|7|8|9 -> 0],[0 -> 0|1|0|1|2|3|4|5|6|7|8|9|2|3|4|5|6|7|8|9 -> 0],[5; 15; 4],0.048,,,,FALSE,0.763,,,4,0,,,,,,,
diamond,20,UPDATE,0.7,,,CREATE_DELETE,CREATE_DELETE,[0 -> 0|1|0|1|2|3|4|5|6|7|8|9|2|3|4|5|6|7|8|9 -> 0],[0 -> 0|1|0|1|2|3|4|5|6|7|8|9|2|3|4|5|6|7|8|9 -> 0],[1; 17; 1; 1; 3; 1],0.044,,,,,,,,0,0,,,,,,,
diamond,20,UPDATE,0.7,,,CREATE_DELETE,DELETE_CREATE,[0 -> 0|1|0|1|2|3|4|5|6|7|8|9|2|3|4|5|6|7|8|9 -> 0],[0 -> 0|1|0|1|2|3|4|5|6|7|8|9|2|3|4|5|6|7|8|9 -> 0],[2; 19; 5; 2],0.052,,,,,,,,0,0,,,,,,,
diamond,20,UPDATE,0.7,,,CREATE_DELETE,NOOP,[0 -> 0|1|0|1|2|3|4|5|6|7|8|9|2|3|4|5|6|7|8|9 -> 0],[0 -> 0|1|0|1|2|3|4|5|6|7|8|9|2|3|4|5|6|7|8|9 -> 0],[5; 20],0.052,,,,FALSE,0.757,,,4,0,,,,,,,
diamond,20,UPDATE,0.7,,,CREATE_DELETE,UPDATE,[0 -> 0|1|0|1|2|3|4|5|6|7|8|9|2|3|4|5|6|7|8|9 -> 0],[0 -> 0|1|0|1|2|3|4|5|6|7|8|9|2|3|4|5|6|7|8|9 -> 0],[5; 19; 2; 1],0.048,,,,FALSE,0.846,,,4,0,,,,,,,
diamond,20,UPDATE,0.7,,,DELETE_CREATE,CREATE_DELETE,[0 -> 0|1|0|1|2|3|4|5|6|7|8|9|2|3|4|5|6|7|8|9 -> 0],[0 -> 0|1|0|1|2|3|4|5|6|7|8|9|2|3|4|5|6|7|8|9 -> 0],[1; 18; 1; 1; 6; 1],0.052,,,,,,,,0,0,,,,,,,
diamond,20,UPDATE,0.7,,,DELETE_CREATE,DELETE_CREATE,[0 -> 0|1|0|1|2|3|4|5|6|7|8|9|2|3|4|5|6|7|8|9 -> 0],[0 -> 0|1|0|1|2|3|4|5|6|7|8|9|2|3|4|5|6|7|8|9 -> 0],[2; 18; 2; 2],0.048,,,,,,,,0,0,,,,,,,
diamond,20,UPDATE,0.7,,,DELETE_CREATE,NOOP,[0 -> 0|1|0|1|2|3|4|5|6|7|8|9|2|3|4|5|6|7|8|9 -> 0],[0 -> 0|1|0|1|2|3|4|5|6|7|8|9|2|3|4|5|6|7|8|9 -> 0],[4; 18; 3; 1],0.048,,,,FALSE,0.894,,,3,0,,,,,,,
diamond,20,UPDATE,0.7,,,DELETE_CREATE,UPDATE,[0 -> 0|1|0|1|2|3|4|5|6|7|8|9|2|3|4|5|6|7|8|9 -> 0],[0 -> 0|1|0|1|2|3|4|5|6|7|8|9|2|3|4|5|6|7|8|9 -> 0],[4; 19; 4; 1],0.052,,,,FALSE,1.013,,,3,0,,,,,,,
diamond,20,UPDATE,0.7,,,NOOP,CREATE_DELETE,[0 -> 0|1|0|1|2|3|4|5|6|7|8|9|2|3|4|5|6|7|8|9 -> 0],[0 -> 0|1|0|1|2|3|4|5|6|7|8|9|2|3|4|5|6|7|8|9 -> 0],[18; 1; 1; 6],0.048,,,,,,,,0,0,,,,,,,
diamond,20,UPDATE,0.7,,,NOOP,DELETE_CREATE,[0 -> 0|1|0|1|2|3|4|5|6|7|8|9|2|3|4|5|6|7|8|9 -> 0],[0 -> 0|1|0|1|2|3|4|5|6|7|8|9|2|3|4|5|6|7|8|9 -> 0],[20; 4],0.052,,,,,,,,0,0,,,,,,,
diamond,20,UPDATE,0.7,,,NOOP,NOOP,[0 -> 0|1|0|1|2|3|4|5|6|7|8|9|2|3|4|5|6|7|8|9 -> 0],[0 -> 0|1|0|1|2|3|4|5|6|7|8|9|2|3|4|5|6|7|8|9 -> 0],[14; 1],0.048,,,,FALSE,0.557,,,1,0,,,,,,,
diamond,20,UPDATE,0.7,,,NOOP,UPDATE,[0 -> 0|1|0|1|2|3|4|5|6|7|8|9|2|3|4|5|6|7|8|9 -> 0],[0 -> 0|1|0|1|2|3|4|5|6|7|8|9|2|3|4|5|6|7|8|9 -> 0],[18; 4],0.044,,,,,,,,0,0,,,,,,,
diamond,20,UPDATE,0.7,,,UPDATE,CREATE_DELETE,[0 -> 0|1|0|1|2|3|4|5|6|7|8|9|2|3|4|5|6|7|8|9 -> 0],[0 -> 0|1|0|1|2|3|4|5|6|7|8|9|2|3|4|5|6|7|8|9 -> 0],[1; 19; 1; 1; 5],0.048,,,,,,,,0,0,,,,,,,
diamond,20,UPDATE,0.7,,,UPDATE,DELETE_CREATE,[0 -> 0|1|0|1|2|3|4|5|6|7|8|9|2|3|4|5|6|7|8|9 -> 0],[0 -> 0|1|0|1|2|3|4|5|6|7|8|9|2|3|4|5|6|7|8|9 -> 0],[2; 18; 5; 1],0.052,,,,,,,,0,0,,,,,,,
diamond,20,UPDATE,0.7,,,UPDATE,NOOP,[0 -> 0|1|0|1|2|3|4|5|6|7|8|9|2|3|4|5|6|7|8|9 -> 0],[0 -> 0|1|0|1|2|3|4|5|6|7|8|9|2|3|4|5|6|7|8|9 -> 0],[3; 20; 5],0.048,,,,FALSE,1.244,,,2,0,,,,,,,
diamond,20,UPDATE,0.7,,,UPDATE,UPDATE,[0 -> 0|1|0|1|2|3|4|5|6|7|8|9|2|3|4|5|6|7|8|9 -> 0],[0 -> 0|1|0|1|2|3|4|5|6|7|8|9|2|3|4|5|6|7|8|9 -> 0],[5; 19; 5],0.052,,,,FALSE,1.018,,,4,0,,,,,,,
diamond,20,NOOP,0.4,,,CREATE_DELETE,CREATE_DELETE,[0 -> 0|1|0|1|2|3|4|5|6|7|8|9|2|3|4|5|6|7|8|9 -> 0],[0 -> 0|1|0|1|2|3|4|5|6|7|8|9|2|3|4|5|6|7|8|9 -> 0],[1; 9; 1; 1; 5; 1],0.052,,,,,,,,0,0,,,,,,,
diamond,20,NOOP,0.4,,,CREATE_DELETE,DELETE_CREATE,[0 -> 0|1|0|1|2|3|4|5|6|7|8|9|2|3|4|5|6|7|8|9 -> 0],[0 -> 0|1|0|1|2|3|4|5|6|7|8|9|2|3|4|5|6|7|8|9 -> 0],[2; 12; 10; 2],0.052,,,,,,,,0,0,,,,,,,
diamond,20,NOOP,0.4,,,CREATE_DELETE,NOOP,[0 -> 0|1|0|1|2|3|4|5|6|7|8|9|2|3|4|5|6|7|8|9 -> 0],[0 -> 0|1|0|1|2|3|4|5|6|7|8|9|2|3|4|5|6|7|8|9 -> 0],[5; 10; 2; 1],0.048,,,,FALSE,0.459,,,4,0,,,,,,,
diamond,20,NOOP,0.4,,,CREATE_DELETE,UPDATE,[0 -> 0|1|0|1|2|3|4|5|6|7|8|9|2|3|4|5|6|7|8|9 -> 0],[0 -> 0|1|0|1|2|3|4|5|6|7|8|9|2|3|4|5|6|7|8|9 -> 0],[4; 11; 5; 1],0.052,,,,FALSE,0.633,,,3,0,,,,,,,
diamond,20,NOOP,0.4,,,DELETE_CREATE,CREATE_DELETE,[0 -> 0|1|0|1|2|3|4|5|6|7|8|9|2|3|4|5|6|7|8|9 -> 0],[0 -> 0|1|0|1|2|3|4|5|6|7|8|9|2|3|4|5|6|7|8|9 -> 0],[1; 10; 1; 1; 5; 1],0.048,,,,,,,,0,0,,,,,,,
diamond,20,NOOP,0.4,,,DELETE_CREATE,DELETE_CREATE,[0 -> 0|1|0|1|2|3|4|5|6|7|8|9|2|3|4|5|6|7|8|9 -> 0],[0 -> 0|1|0|1|2|3|4|5|6|7|8|9|2|3|4|5|6|7|8|9 -> 0],[2; 17; 10; 2],0.056,,,,,,,,0,0,,,,,,,
diamond,20,NOOP,0.4,,,DELETE_CREATE,NOOP,[0 -> 0|1|0|1|2|3|4|5|6|7|8|9|2|3|4|5|6|7|8|9 -> 0],[0 -> 0|1|0|1|2|3|4|5|6|7|8|9|2|3|4|5|6|7|8|9 -> 0],[2; 9; 4; 1],0.048,,,,FALSE,0.576,,,1,0,,,,,,,
diamond,20,NOOP,0.4,,,DELETE_CREATE,UPDATE,[0 -> 0|1|0|1|2|3|4|5|6|7|8|9|2|3|4|5|6|7|8|9 -> 0],[0 -> 0|1|0|1|2|3|4|5|6|7|8|9|2|3|4|5|6|7|8|9 -> 0],[4; 11; 3; 1],0.044,,,,FALSE,0.56,,,3,0,,,,,,,
diamond,20,NOOP,0.4,,,NOOP,CREATE_DELETE,[0 -> 0|1|0|1|2|3|4|5|6|7|8|9|2|3|4|5|6|7|8|9 -> 0],[0 -> 0|1|0|1|2|3|4|5|6|7|8|9|2|3|4|5|6|7|8|9 -> 0],[8; 1; 1; 4],0.048,,,,,,,,0,0,,,,,,,
diamond,20,NOOP,0.4,,,NOOP,DELETE_CREATE,[0 -> 0|1|0|1|2|3|4|5|6|7|8|9|2|3|4|5|6|7|8|9 -> 0],[0 -> 0|1|0|1|2|3|4|5|6|7|8|9|2|3|4|5|6|7|8|9 -> 0],[8; 9; 5; 1],0.052,,,,,,,,0,0,,,,,,,
diamond,20,NOOP,0.4,,,NOOP,NOOP,[0 -> 0|1|0|1|2|3|4|5|6|7|8|9|2|3|4|5|6|7|8|9 -> 0],[0 -> 0|1|0|1|2|3|4|5|6|7|8|9|2|3|4|5|6|7|8|9 -> 0],[14; 12],0.048,,,,FALSE,0.837,,,7,0,,,,,,,
diamond,20,NOOP,0.4,,,NOOP,UPDATE,[0 -> 0|1|0|1|2|3|4|5|6|7|8|9|2|3|4|5|6|7|8|9 -> 0],[0 -> 0|1|0|1|2|3|4|5|6|7|8|9|2|3|4|5|6|7|8|9 -> 0],[7; 3; 1],0.048,,,,FALSE,0.353,,,1,0,,,,,,,
diamond,20,NOOP,0.4,,,UPDATE,CREATE_DELETE,[0 -> 0|1|0|1|2|3|4|5|6|7|8|9|2|3|4|5|6|7|8|9 -> 0],[0 -> 0|1|0|1|2|3|4|5|6|7|8|9|2|3|4|5|6|7|8|9 -> 0],[1; 12; 1; 1; 7],0.052,,,,,,,,0,0,,,,,,,
diamond,20,NOOP,0.4,,,UPDATE,DELETE_CREATE,[0 -> 0|1|0|1|2|3|4|5|6|7|8|9|2|3|4|5|6|7|8|9 -> 0],[0 -> 0|1|0|1|2|3|4|5|6|7|8|9|2|3|4|5|6|7|8|9 -> 0],[2; 15; 13; 1],0.052,,,,,,,,0,0,,,,,,,
diamond,20,NOOP,0.4,,,UPDATE,NOOP,[0 -> 0|1|0|1|2|3|4|5|6|7|8|9|2|3|4|5|6|7|8|9 -> 0],[0 -> 0|1|0|1|2|3|4|5|6|7|8|9|2|3|4|5|6|7|8|9 -> 0],[3; 13; 7],0.052,,,,FALSE,0.895,,,2,0,,,,,,,
diamond,20,NOOP,0.4,,,UPDATE,UPDATE,[0 -> 0|1|0|1|2|3|4|5|6|7|8|9|2|3|4|5|6|7|8|9 -> 0],[0 -> 0|1|0|1|2|3|4|5|6|7|8|9|2|3|4|5|6|7|8|9 -> 0],[5; 12; 5],0.048,,,,FALSE,0.708,,,4,0,,,,,,,
diamond,20,NOOP,0.7,,,CREATE_DELETE,CREATE_DELETE,[0 -> 0|1|0|1|2|3|4|5|6|7|8|9|2|3|4|5|6|7|8|9 -> 0],[0 -> 0|1|0|1|2|3|4|5|6|7|8|9|2|3|4|5|6|7|8|9 -> 0],[1; 1; 1; 1; 1; 1],0.044,,TRUE,0.356,TRUE,0.352,0,2.737,0,0,,,,,,,
diamond,20,NOOP,0.7,,,CREATE_DELETE,DELETE_CREATE,[0 -> 0|1|0|1|2|3|4|5|6|7|8|9|2|3|4|5|6|7|8|9 -> 0],[0 -> 0|1|0|1|2|3|4|5|6|7|8|9|2|3|4|5|6|7|8|9 -> 0],[2; 8; 5; 2],0.048,,,,,,,,0,0,,,,,,,
diamond,20,NOOP,0.7,,,CREATE_DELETE,NOOP,[0 -> 0|1|0|1|2|3|4|5|6|7|8|9|2|3|4|5|6|7|8|9 -> 0],[0 -> 0|1|0|1|2|3|4|5|6|7|8|9|2|3|4|5|6|7|8|9 -> 0],[3; 7; 3; 1],0.052,,,,FALSE,0.41,,,2,0,,,,,,,
diamond,20,NOOP,0.7,,,CREATE_DELETE,UPDATE,[0 -> 0|1|0|1|2|3|4|5|6|7|8|9|2|3|4|5|6|7|8|9 -> 0],[0 -> 0|1|0|1|2|3|4|5|6|7|8|9|2|3|4|5|6|7|8|9 -> 0],[3; 6; 5; 1],0.044,,,,FALSE,0.404,,,2,0,,,,,,,
diamond,20,NOOP,0.7,,,DELETE_CREATE,CREATE_DELETE,[0 -> 0|1|0|1|2|3|4|5|6|7|8|9|2|3|4|5|6|7|8|9 -> 0],[0 -> 0|1|0|1|2|3|4|5|6|7|8|9|2|3|4|5|6|7|8|9 -> 0],[1; 6; 1; 1; 4; 1],0.044,,,,,,,,0,0,,,,,,,
diamond,20,NOOP,0.7,,,DELETE_CREATE,DELETE_CREATE,[0 -> 0|1|0|1|2|3|4|5|6|7|8|9|2|3|4|5|6|7|8|9 -> 0],[0 -> 0|1|0|1|2|3|4|5|6|7|8|9|2|3|4|5|6|7|8|9 -> 0],[2; 5; 3; 2],0.052,,,,,,,,0,0,,,,,,,
diamond,20,NOOP,0.7,,,DELETE_CREATE,NOOP,[0 -> 0|1|0|1|2|3|4|5|6|7|8|9|2|3|4|5|6|7|8|9 -> 0],[0 -> 0|1|0|1|2|3|4|5|6|7|8|9|2|3|4|5|6|7|8|9 -> 0],[4; 9; 4; 1],0.048,,,,FALSE,0.496,,,3,0,,,,,,,
diamond,20,NOOP,0.7,,,DELETE_CREATE,UPDATE,[0 -> 0|1|0|1|2|3|4|5|6|7|8|9|2|3|4|5|6|7|8|9 -> 0],[0 -> 0|1|0|1|2|3|4|5|6|7|8|9|2|3|4|5|6|7|8|9 -> 0],[2; 6; 4; 1],0.052,,,,FALSE,0.453,,,1,0,,,,,,,
diamond,20,NOOP,0.7,,,NOOP,CREATE_DELETE,[0 -> 0|1|0|1|2|3|4|5|6|7|8|9|2|3|4|5|6|7|8|9 -> 0],[0 -> 0|1|0|1|2|3|4|5|6|7|8|9|2|3|4|5|6|7|8|9 -> 0],[4; 1; 1; 1],0.048,,TRUE,716.727,TRUE,720.172,0,428.614,0,0,,,,,,,
diamond,20,NOOP,0.7,,,NOOP,DELETE_CREATE,[0 -> 0|1|0|1|2|3|4|5|6|7|8|9|2|3|4|5|6|7|8|9 -> 0],[0 -> 0|1|0|1|2|3|4|5|6|7|8|9|2|3|4|5|6|7|8|9 -> 0],[4; 7; 6; 1],0.048,,,,,,,,0,0,,,,,,,
diamond,20,NOOP,0.7,,,NOOP,NOOP,[0 -> 0|1|0|1|2|3|4|5|6|7|8|9|2|3|4|5|6|7|8|9 -> 0],[0 -> 0|1|0|1|2|3|4|5|6|7|8|9|2|3|4|5|6|7|8|9 -> 0],[6; 5],0.052,,,,FALSE,0.259,,,3,0,,,,,,,
diamond,20,NOOP,0.7,,,NOOP,UPDATE,[0 -> 0|1|0|1|2|3|4|5|6|7|8|9|2|3|4|5|6|7|8|9 -> 0],[0 -> 0|1|0|1|2|3|4|5|6|7|8|9|2|3|4|5|6|7|8|9 -> 0],[2; 2; 1],0.052,,TRUE,17.208,FALSE,0.147,2,72.978,1,0,,,,,,,
diamond,20,NOOP,0.7,,,UPDATE,CREATE_DELETE,[0 -> 0|1|0|1|2|3|4|5|6|7|8|9|2|3|4|5|6|7|8|9 -> 0],[0 -> 0|1|0|1|2|3|4|5|6|7|8|9|2|3|4|5|6|7|8|9 -> 0],[1; 6; 1; 1; 3],0.048,,,,,,,,0,0,,,,,,,
diamond,20,NOOP,0.7,,,UPDATE,DELETE_CREATE,[0 -> 0|1|0|1|2|3|4|5|6|7|8|9|2|3|4|5|6|7|8|9 -> 0],[0 -> 0|1|0|1|2|3|4|5|6|7|8|9|2|3|4|5|6|7|8|9 -> 0],[2; 7; 6; 1],0.052,,,,,,,,0,0,,,,,,,
diamond,20,NOOP,0.7,,,UPDATE,NOOP,[0 -> 0|1|0|1|2|3|4|5|6|7|8|9|2|3|4|5|6|7|8|9 -> 0],[0 -> 0|1|0|1|2|3|4|5|6|7|8|9|2|3|4|5|6|7|8|9 -> 0],[5; 6; 1],0.044,,,,FALSE,0.274,,,4,0,,,,,,,
diamond,20,NOOP,0.7,,,UPDATE,UPDATE,[0 -> 0|1|0|1|2|3|4|5|6|7|8|9|2|3|4|5|6|7|8|9 -> 0],[0 -> 0|1|0|1|2|3|4|5|6|7|8|9|2|3|4|5|6|7|8|9 -> 0],[4; 7; 3],0.048,,,,FALSE,0.387,,,3,0,,,,,,,
diamond,20,DELETE_CREATE,0.4,,,CREATE_DELETE,CREATE_DELETE,[0 -> 0|1|0|1|2|3|4|5|6|7|8|9|2|3|4|5|6|7|8|9 -> 0],[0 -> 0|1|0|1|2|3|4|5|6|7|8|9|2|3|4|5|6|7|8|9 -> 0],[1; 15; 1; 1; 10; 1],0.052,,,,,,,,0,0,,,,,,,
diamond,20,DELETE_CREATE,0.4,,,CREATE_DELETE,DELETE_CREATE,[0 -> 0|1|0|1|2|3|4|5|6|7|8|9|2|3|4|5|6|7|8|9 -> 0],[0 -> 0|1|0|1|2|3|4|5|6|7|8|9|2|3|4|5|6|7|8|9 -> 0],[2; 20; 14; 2],0.056,,,,,,,,0,0,,,,,,,
diamond,20,DELETE_CREATE,0.4,,,CREATE_DELETE,NOOP,[0 -> 0|1|0|1|2|3|4|5|6|7|8|9|2|3|4|5|6|7|8|9 -> 0],[0 -> 0|1|0|1|2|3|4|5|6|7|8|9|2|3|4|5|6|7|8|9 -> 0],[7; 16; 7; 1],0.048,,,,FALSE,1.007,,,6,0,,,,,,,
diamond,20,DELETE_CREATE,0.4,,,CREATE_DELETE,UPDATE,[0 -> 0|1|0|1|2|3|4|5|6|7|8|9|2|3|4|5|6|7|8|9 -> 0],[0 -> 0|1|0|1|2|3|4|5|6|7|8|9|2|3|4|5|6|7|8|9 -> 0],[9; 15; 7; 1],0.056,,,,FALSE,0.823,,,8,0,,,,,,,
diamond,20,DELETE_CREATE,0.4,,,DELETE_CREATE,CREATE_DELETE,[0 -> 0|1|0|1|2|3|4|5|6|7|8|9|2|3|4|5|6|7|8|9 -> 0],[0 -> 0|1|0|1|2|3|4|5|6|7|8|9|2|3|4|5|6|7|8|9 -> 0],[1; 19; 1; 1; 14; 1],0.056,,,,,,,,0,0,,,,,,,
diamond,20,DELETE_CREATE,0.4,,,DELETE_CREATE,DELETE_CREATE,[0 -> 0|1|0|1|2|3|4|5|6|7|8|9|2|3|4|5|6|7|8|9 -> 0],[0 -> 0|1|0|1|2|3|4|5|6|7|8|9|2|3|4|5|6|7|8|9 -> 0],[2; 20; 15; 2],0.056,,,,,,,,0,0,,,,,,,
diamond,20,DELETE_CREATE,0.4,,,DELETE_CREATE,NOOP,[0 -> 0|1|0|1|2|3|4|5|6|7|8|9|2|3|4|5|6|7|8|9 -> 0],[0 -> 0|1|0|1|2|3|4|5|6|7|8|9|2|3|4|5|6|7|8|9 -> 0],[6; 15; 6; 1],0.052,,,,FALSE,0.873,,,5,0,,,,,,,
diamond,20,DELETE_CREATE,0.4,,,DELETE_CREATE,UPDATE,[0 -> 0|1|0|1|2|3|4|5|6|7|8|9|2|3|4|5|6|7|8|9 -> 0],[0 -> 0|1|0|1|2|3|4|5|6|7|8|9|2|3|4|5|6|7|8|9 -> 0],[10; 18; 4; 1],0.056,,,,FALSE,0.837,,,9,0,,,,,,,
diamond,20,DELETE_CREATE,0.4,,,NOOP,CREATE_DELETE,[0 -> 0|1|0|1|2|3|4|5|6|7|8|9|2|3|4|5|6|7|8|9 -> 0],[0 -> 0|1|0|1|2|3|4|5|6|7|8|9|2|3|4|5|6|7|8|9 -> 0],[17; 1; 1; 13],0.052,,,,,,,,0,0,,,,,,,
diamond,20,DELETE_CREATE,0.4,,,NOOP,DELETE_CREATE,[0 -> 0|1|0|1|2|3|4|5|6|7|8|9|2|3|4|5|6|7|8|9 -> 0],[0 -> 0|1|0|1|2|3|4|5|6|7|8|9|2|3|4|5|6|7|8|9 -> 0],[7; 13; 13; 1],0.06,,,,,,,,0,0,,,,,,,
diamond,20,DELETE_CREATE,0.4,,,NOOP,NOOP,[0 -> 0|1|0|1|2|3|4|5|6|7|8|9|2|3|4|5|6|7|8|9 -> 0],[0 -> 0|1|0|1|2|3|4|5|6|7|8|9|2|3|4|5|6|7|8|9 -> 0],[17; 13],0.048,,,,FALSE,0.632,,,11,0,,,,,,,
diamond,20,DELETE_CREATE,0.4,,,NOOP,UPDATE,[0 -> 0|1|0|1|2|3|4|5|6|7|8|9|2|3|4|5|6|7|8|9 -> 0],[0 -> 0|1|0|1|2|3|4|5|6|7|8|9|2|3|4|5|6|7|8|9 -> 0],[17; 13; 1],0.052,,,,FALSE,0.658,,,11,0,,,,,,,
diamond,20,DELETE_CREATE,0.4,,,UPDATE,CREATE_DELETE,[0 -> 0|1|0|1|2|3|4|5|6|7|8|9|2|3|4|5|6|7|8|9 -> 0],[0 -> 0|1|0|1|2|3|4|5|6|7|8|9|2|3|4|5|6|7|8|9 -> 0],[1; 15; 1; 1; 8],0.048,,,,,,,,0,0,,,,,,,
diamond,20,DELETE_CREATE,0.4,,,UPDATE,DELETE_CREATE,[0 -> 0|1|0|1|2|3|4|5|6|7|8|9|2|3|4|5|6|7|8|9 -> 0],[0 -> 0|1|0|1|2|3|4|5|6|7|8|9|2|3|4|5|6|7|8|9 -> 0],[2; 15; 11; 1],0.052,,,,,,,,0,0,,,,,,,
diamond,20,DELETE_CREATE,0.4,,,UPDATE,NOOP,[0 -> 0|1|0|1|2|3|4|5|6|7|8|9|2|3|4|5|6|7|8|9 -> 0],[0 -> 0|1|0|1|2|3|4|5|6|7|8|9|2|3|4|5|6|7|8|9 -> 0],[11; 16; 4],0.052,,,,FALSE,0.804,,,10,0,,,,,,,
diamond,20,DELETE_CREATE,0.4,,,UPDATE,UPDATE,[0 -> 0|1|0|1|2|3|4|5|6|7|8|9|2|3|4|5|6|7|8|9 -> 0],[0 -> 0|1|0|1|2|3|4|5|6|7|8|9|2|3|4|5|6|7|8|9 -> 0],[10; 16; 3],0.052,,,,FALSE,0.661,,,9,0,,,,,,,
diamond,20,DELETE_CREATE,0.7,,,CREATE_DELETE,CREATE_DELETE,[0 -> 0|1|0|1|2|3|4|5|6|7|8|9|2|3|4|5|6|7|8|9 -> 0],[0 -> 0|1|0|1|2|3|4|5|6|7|8|9|2|3|4|5|6|7|8|9 -> 0],[1; 16; 1; 1; 16; 1],0.056,,,,,,,,0,0,,,,,,,
diamond,20,DELETE_CREATE,0.7,,,CREATE_DELETE,DELETE_CREATE,[0 -> 0|1|0|1|2|3|4|5|6|7|8|9|2|3|4|5|6|7|8|9 -> 0],[0 -> 0|1|0|1|2|3|4|5|6|7|8|9|2|3|4|5|6|7|8|9 -> 0],[2; 18; 16; 2],0.052,,,,,,,,0,0,,,,,,,
diamond,20,DELETE_CREATE,0.7,,,CREATE_DELETE,NOOP,[0 -> 0|1|0|1|2|3|4|5|6|7|8|9|2|3|4|5|6|7|8|9 -> 0],[0 -> 0|1|0|1|2|3|4|5|6|7|8|9|2|3|4|5|6|7|8|9 -> 0],[17; 17; 1; 1],0.056,,,,FALSE,0.62,,,16,0,,,,,,,
diamond,20,DELETE_CREATE,0.7,,,CREATE_DELETE,UPDATE,[0 -> 0|1|0|1|2|3|4|5|6|7|8|9|2|3|4|5|6|7|8|9 -> 0],[0 -> 0|1|0|1|2|3|4|5|6|7|8|9|2|3|4|5|6|7|8|9 -> 0],[17; 18; 1],0.056,,,,FALSE,0.596,,,16,0,,,,,,,
diamond,20,DELETE_CREATE,0.7,,,DELETE_CREATE,CREATE_DELETE,[0 -> 0|1|0|1|2|3|4|5|6|7|8|9|2|3|4|5|6|7|8|9 -> 0],[0 -> 0|1|0|1|2|3|4|5|6|7|8|9|2|3|4|5|6|7|8|9 -> 0],[1; 18; 1; 1; 17; 1],0.056,,,,,,,,0,0,,,,,,,
diamond,20,DELETE_CREATE,0.7,,,DELETE_CREATE,DELETE_CREATE,[0 -> 0|1|0|1|2|3|4|5|6|7|8|9|2|3|4|5|6|7|8|9 -> 0],[0 -> 0|1|0|1|2|3|4|5|6|7|8|9|2|3|4|5|6|7|8|9 -> 0],[2; 19; 15; 2],0.056,,,,,,,,0,0,,,,,,,
diamond,20,DELETE_CREATE,0.7,,,DELETE_CREATE,NOOP,[0 -> 0|1|0|1|2|3|4|5|6|7|8|9|2|3|4|5|6|7|8|9 -> 0],[0 -> 0|1|0|1|2|3|4|5|6|7|8|9|2|3|4|5|6|7|8|9 -> 0],[13; 16; 2; 1],0.052,,,,FALSE,0.614,,,12,0,,,,,,,
diamond,20,DELETE_CREATE,0.7,,,DELETE_CREATE,UPDATE,[0 -> 0|1|0|1|2|3|4|5|6|7|8|9|2|3|4|5|6|7|8|9 -> 0],[0 -> 0|1|0|1|2|3|4|5|6|7|8|9|2|3|4|5|6|7|8|9 -> 0],[15; 17; 4; 1],0.052,,,,FALSE,0.752,,,14,0,,,,,,,
diamond,20,DELETE_CREATE,0.7,,,NOOP,CREATE_DELETE,[0 -> 0|1|0|1|2|3|4|5|6|7|8|9|2|3|4|5|6|7|8|9 -> 0],[0 -> 0|1|0|1|2|3|4|5|6|7|8|9|2|3|4|5|6|7|8|9 -> 0],[19; 1; 1; 18],0.056,,,,,,,,0,0,,,,,,,
diamond,20,DELETE_CREATE,0.7,,,NOOP,DELETE_CREATE,[0 -> 0|1|0|1|2|3|4|5|6|7|8|9|2|3|4|5|6|7|8|9 -> 0],[0 -> 0|1|0|1|2|3|4|5|6|7|8|9|2|3|4|5|6|7|8|9 -> 0],[6; 16; 13; 1],0.056,,,,,,,,0,0,,,,,,,
diamond,20,DELETE_CREATE,0.7,,,NOOP,NOOP,[0 -> 0|1|0|1|2|3|4|5|6|7|8|9|2|3|4|5|6|7|8|9 -> 0],[0 -> 0|1|0|1|2|3|4|5|6|7|8|9|2|3|4|5|6|7|8|9 -> 0],[19; 19],0.06,,,,FALSE,0.873,,,14,0,,,,,,,
diamond,20,DELETE_CREATE,0.7,,,NOOP,UPDATE,[0 -> 0|1|0|1|2|3|4|5|6|7|8|9|2|3|4|5|6|7|8|9 -> 0],[0 -> 0|1|0|1|2|3|4|5|6|7|8|9|2|3|4|5|6|7|8|9 -> 0],[20; 20; 1],0.06,,,,FALSE,0.705,,,19,0,,,,,,,
diamond,20,DELETE_CREATE,0.7,,,UPDATE,CREATE_DELETE,[0 -> 0|1|0|1|2|3|4|5|6|7|8|9|2|3|4|5|6|7|8|9 -> 0],[0 -> 0|1|0|1|2|3|4|5|6|7|8|9|2|3|4|5|6|7|8|9 -> 0],[1; 19; 1; 1; 19],0.056,,,,,,,,0,0,,,,,,,
diamond,20,DELETE_CREATE,0.7,,,UPDATE,DELETE_CREATE,[0 -> 0|1|0|1|2|3|4|5|6|7|8|9|2|3|4|5|6|7|8|9 -> 0],[0 -> 0|1|0|1|2|3|4|5|6|7|8|9|2|3|4|5|6|7|8|9 -> 0],[2; 17; 15; 1],0.056,,,,,,,,0,0,,,,,,,
diamond,20,DELETE_CREATE,0.7,,,UPDATE,NOOP,[0 -> 0|1|0|1|2|3|4|5|6|7|8|9|2|3|4|5|6|7|8|9 -> 0],[0 -> 0|1|0|1|2|3|4|5|6|7|8|9|2|3|4|5|6|7|8|9 -> 0],[12; 19; 6],0.052,,,,FALSE,1,,,11,0,,,,,,,
diamond,20,DELETE_CREATE,0.7,,,UPDATE,UPDATE,[0 -> 0|1|0|1|2|3|4|5|6|7|8|9|2|3|4|5|6|7|8|9 -> 0],[0 -> 0|1|0|1|2|3|4|5|6|7|8|9|2|3|4|5|6|7|8|9 -> 0],[12; 18; 3],0.048,,,,FALSE,0.732,,,11,0,,,,,,,
diamond,20,CREATE_DELETE,0.4,,,CREATE_DELETE,CREATE_DELETE,[0 -> 0|1|0|1|2|3|4|5|6|7|8|9|2|3|4|5|6|7|8|9 -> 0],[0 -> 0|1|0|1|2|3|4|5|6|7|8|9|2|3|4|5|6|7|8|9 -> 0],[1; 14; 1; 1; 11; 1],0.052,,,,,,,,0,0,,,,,,,
diamond,20,CREATE_DELETE,0.4,,,CREATE_DELETE,DELETE_CREATE,[0 -> 0|1|0|1|2|3|4|5|6|7|8|9|2|3|4|5|6|7|8|9 -> 0],[0 -> 0|1|0|1|2|3|4|5|6|7|8|9|2|3|4|5|6|7|8|9 -> 0],[2; 16; 13; 2],0.056,,,,,,,,0,0,,,,,,,
diamond,20,CREATE_DELETE,0.4,,,CREATE_DELETE,NOOP,[0 -> 0|1|0|1|2|3|4|5|6|7|8|9|2|3|4|5|6|7|8|9 -> 0],[0 -> 0|1|0|1|2|3|4|5|6|7|8|9|2|3|4|5|6|7|8|9 -> 0],[6; 14; 6; 1],0.048,,,,FALSE,0.863,,,5,0,,,,,,,
diamond,20,CREATE_DELETE,0.4,,,CREATE_DELETE,UPDATE,[0 -> 0|1|0|1|2|3|4|5|6|7|8|9|2|3|4|5|6|7|8|9 -> 0],[0 -> 0|1|0|1|2|3|4|5|6|7|8|9|2|3|4|5|6|7|8|9 -> 0],[6; 16; 10; 1],0.048,,,,FALSE,1.121,,,5,0,,,,,,,
diamond,20,CREATE_DELETE,0.4,,,DELETE_CREATE,CREATE_DELETE,[0 -> 0|1|0|1|2|3|4|5|6|7|8|9|2|3|4|5|6|7|8|9 -> 0],[0 -> 0|1|0|1|2|3|4|5|6|7|8|9|2|3|4|5|6|7|8|9 -> 0],[1; 15; 1; 1; 12; 1],0.052,,,,,,,,0,0,,,,,,,
diamond,20,CREATE_DELETE,0.4,,,DELETE_CREATE,DELETE_CREATE,[0 -> 0|1|0|1|2|3|4|5|6|7|8|9|2|3|4|5|6|7|8|9 -> 0],[0 -> 0|1|0|1|2|3|4|5|6|7|8|9|2|3|4|5|6|7|8|9 -> 0],[2; 19; 10; 2],0.052,,,,,,,,0,0,,,,,,,
diamond,20,CREATE_DELETE,0.4,,,DELETE_CREATE,NOOP,[0 -> 0|1|0|1|2|3|4|5|6|7|8|9|2|3|4|5|6|7|8|9 -> 0],[0 -> 0|1|0|1|2|3|4|5|6|7|8|9|2|3|4|5|6|7|8|9 -> 0],[1; 15; 10; 1],0.056,,,,,,,,0,0,,,,,,,
diamond,20,CREATE_DELETE,0.4,,,DELETE_CREATE,UPDATE,[0 -> 0|1|0|1|2|3|4|5|6|7|8|9|2|3|4|5|6|7|8|9 -> 0],[0 -> 0|1|0|1|2|3|4|5|6|7|8|9|2|3|4|5|6|7|8|9 -> 0],[8; 15; 7; 1],0.056,,,,FALSE,0.846,,,7,0,,,,,,,
diamond,20,CREATE_DELETE,0.4,,,NOOP,CREATE_DELETE,[0 -> 0|1|0|1|2|3|4|5|6|7|8|9|2|3|4|5|6|7|8|9 -> 0],[0 -> 0|1|0|1|2|3|4|5|6|7|8|9|2|3|4|5|6|7|8|9 -> 0],[17; 1; 1; 14],0.052,,,,,,,,0,0,,,,,,,
diamond,20,CREATE_DELETE,0.4,,,NOOP,DELETE_CREATE,[0 -> 0|1|0|1|2|3|4|5|6|7|8|9|2|3|4|5|6|7|8|9 -> 0],[0 -> 0|1|0|1|2|3|4|5|6|7|8|9|2|3|4|5|6|7|8|9 -> 0],[12; 13; 5; 1],0.052,,,,,,,,0,0,,,,,,,
diamond,20,CREATE_DELETE,0.4,,,NOOP,NOOP,[0 -> 0|1|0|1|2|3|4|5|6|7|8|9|2|3|4|5|6|7|8|9 -> 0],[0 -> 0|1|0|1|2|3|4|5|6|7|8|9|2|3|4|5|6|7|8|9 -> 0],[19; 15],0.048,,,,FALSE,1.68,,,5,0,,,,,,,
diamond,20,CREATE_DELETE,0.4,,,NOOP,UPDATE,[0 -> 0|1|0|1|2|3|4|5|6|7|8|9|2|3|4|5|6|7|8|9 -> 0],[0 -> 0|1|0|1|2|3|4|5|6|7|8|9|2|3|4|5|6|7|8|9 -> 0],[17; 12; 1],0.052,,,,FALSE,1.427,,,1,0,,,,,,,
diamond,20,CREATE_DELETE,0.4,,,UPDATE,CREATE_DELETE,[0 -> 0|1|0|1|2|3|4|5|6|7|8|9|2|3|4|5|6|7|8|9 -> 0],[0 -> 0|1|0|1|2|3|4|5|6|7|8|9|2|3|4|5|6|7|8|9 -> 0],[1; 15; 1; 1; 12],0.052,,,,,,,,0,0,,,,,,,
diamond,20,CREATE_DELETE,0.4,,,UPDATE,DELETE_CREATE,[0 -> 0|1|0|1|2|3|4|5|6|7|8|9|2|3|4|5|6|7|8|9 -> 0],[0 -> 0|1|0|1|2|3|4|5|6|7|8|9|2|3|4|5|6|7|8|9 -> 0],[2; 14; 10; 1],0.052,,,,,,,,0,0,,,,,,,
diamond,20,CREATE_DELETE,0.4,,,UPDATE,NOOP,[0 -> 0|1|0|1|2|3|4|5|6|7|8|9|2|3|4|5|6|7|8|9 -> 0],[0 -> 0|1|0|1|2|3|4|5|6|7|8|9|2|3|4|5|6|7|8|9 -> 0],[4; 14; 8],0.052,,,,FALSE,0.912,,,3,0,,,,,,,
diamond,20,CREATE_DELETE,0.4,,,UPDATE,UPDATE,[0 -> 0|1|0|1|2|3|4|5|6|7|8|9|2|3|4|5|6|7|8|9 -> 0],[0 -> 0|1|0|1|2|3|4|5|6|7|8|9|2|3|4|5|6|7|8|9 -> 0],[4; 18; 12],0.048,,,,FALSE,1.413,,,3,0,,,,,,,
diamond,20,CREATE_DELETE,0.7,,,CREATE_DELETE,CREATE_DELETE,[0 -> 0|1|0|1|2|3|4|5|6|7|8|9|2|3|4|5|6|7|8|9 -> 0],[0 -> 0|1|0|1|2|3|4|5|6|7|8|9|2|3|4|5|6|7|8|9 -> 0],[1; 18; 1; 1; 15; 1],0.056,,,,,,,,0,0,,,,,,,
diamond,20,CREATE_DELETE,0.7,,,CREATE_DELETE,DELETE_CREATE,[0 -> 0|1|0|1|2|3|4|5|6|7|8|9|2|3|4|5|6|7|8|9 -> 0],[0 -> 0|1|0|1|2|3|4|5|6|7|8|9|2|3|4|5|6|7|8|9 -> 0],[2; 17; 17; 2],0.056,,,,,,,,0,0,,,,,,,
diamond,20,CREATE_DELETE,0.7,,,CREATE_DELETE,NOOP,[0 -> 0|1|0|1|2|3|4|5|6|7|8|9|2|3|4|5|6|7|8|9 -> 0],[0 -> 0|1|0|1|2|3|4|5|6|7|8|9|2|3|4|5|6|7|8|9 -> 0],[4; 18; 14; 1],0.052,,,,FALSE,1.853,,,3,0,,,,,,,
diamond,20,CREATE_DELETE,0.7,,,CREATE_DELETE,UPDATE,[0 -> 0|1|0|1|2|3|4|5|6|7|8|9|2|3|4|5|6|7|8|9 -> 0],[0 -> 0|1|0|1|2|3|4|5|6|7|8|9|2|3|4|5|6|7|8|9 -> 0],[4; 18; 13; 1],0.056,,,,FALSE,1.613,,,3,0,,,,,,,
diamond,20,CREATE_DELETE,0.7,,,DELETE_CREATE,CREATE_DELETE,[0 -> 0|1|0|1|2|3|4|5|6|7|8|9|2|3|4|5|6|7|8|9 -> 0],[0 -> 0|1|0|1|2|3|4|5|6|7|8|9|2|3|4|5|6|7|8|9 -> 0],[1; 19; 1; 1; 15; 1],0.06,,,,,,,,0,0,,,,,,,
diamond,20,CREATE_DELETE,0.7,,,DELETE_CREATE,DELETE_CREATE,[0 -> 0|1|0|1|2|3|4|5|6|7|8|9|2|3|4|5|6|7|8|9 -> 0],[0 -> 0|1|0|1|2|3|4|5|6|7|8|9|2|3|4|5|6|7|8|9 -> 0],[2; 19; 18; 2],0.056,,,,,,,,0,0,,,,,,,
diamond,20,CREATE_DELETE,0.7,,,DELETE_CREATE,NOOP,[0 -> 0|1|0|1|2|3|4|5|6|7|8|9|2|3|4|5|6|7|8|9 -> 0],[0 -> 0|1|0|1|2|3|4|5|6|7|8|9|2|3|4|5|6|7|8|9 -> 0],[3; 18; 14; 1],0.052,,,,FALSE,2.2,,,2,0,,,,,,,
diamond,20,CREATE_DELETE,0.7,,,DELETE_CREATE,UPDATE,[0 -> 0|1|0|1|2|3|4|5|6|7|8|9|2|3|4|5|6|7|8|9 -> 0],[0 -> 0|1|0|1|2|3|4|5|6|7|8|9|2|3|4|5|6|7|8|9 -> 0],[3; 17; 15; 1],0.052,,,,FALSE,1.835,,,2,0,,,,,,,
diamond,20,CREATE_DELETE,0.7,,,NOOP,CREATE_DELETE,[0 -> 0|1|0|1|2|3|4|5|6|7|8|9|2|3|4|5|6|7|8|9 -> 0],[0 -> 0|1|0|1|2|3|4|5|6|7|8|9|2|3|4|5|6|7|8|9 -> 0],[18; 1; 1; 17],0.052,,,,,,,,0,0,,,,,,,
diamond,20,CREATE_DELETE,0.7,,,NOOP,DELETE_CREATE,[0 -> 0|1|0|1|2|3|4|5|6|7|8|9|2|3|4|5|6|7|8|9 -> 0],[0 -> 0|1|0|1|2|3|4|5|6|7|8|9|2|3|4|5|6|7|8|9 -> 0],[16; 14; 2; 1],0.052,,,,,,,,0,0,,,,,,,
diamond,20,CREATE_DELETE,0.7,,,NOOP,NOOP,[0 -> 0|1|0|1|2|3|4|5|6|7|8|9|2|3|4|5|6|7|8|9 -> 0],[0 -> 0|1|0|1|2|3|4|5|6|7|8|9|2|3|4|5|6|7|8|9 -> 0],[16; 13],0.048,,,,FALSE,1.555,,,3,0,,,,,,,
diamond,20,CREATE_DELETE,0.7,,,NOOP,UPDATE,[0 -> 0|1|0|1|2|3|4|5|6|7|8|9|2|3|4|5|6|7|8|9 -> 0],[0 -> 0|1|0|1|2|3|4|5|6|7|8|9|2|3|4|5|6|7|8|9 -> 0],[20; 19; 1],0.056,,,,FALSE,2.43,,,2,0,,,,,,,
diamond,20,CREATE_DELETE,0.7,,,UPDATE,CREATE_DELETE,[0 -> 0|1|0|1|2|3|4|5|6|7|8|9|2|3|4|5|6|7|8|9 -> 0],[0 -> 0|1|0|1|2|3|4|5|6|7|8|9|2|3|4|5|6|7|8|9 -> 0],[1; 12; 1; 1; 10],0.052,,,,,,,,0,0,,,,,,,
diamond,20,CREATE_DELETE,0.7,,,UPDATE,DELETE_CREATE,[0 -> 0|1|0|1|2|3|4|5|6|7|8|9|2|3|4|5|6|7|8|9 -> 0],[0 -> 0|1|0|1|2|3|4|5|6|7|8|9|2|3|4|5|6|7|8|9 -> 0],[2; 16; 14; 1],0.056,,,,,,,,0,0,,,,,,,
diamond,20,CREATE_DELETE,0.7,,,UPDATE,NOOP,[0 -> 0|1|0|1|2|3|4|5|6|7|8|9|2|3|4|5|6|7|8|9 -> 0],[0 -> 0|1|0|1|2|3|4|5|6|7|8|9|2|3|4|5|6|7|8|9 -> 0],[2; 19; 17],0.052,,,,FALSE,2.379,,,1,0,,,,,,,
diamond,20,CREATE_DELETE,0.7,,,UPDATE,UPDATE,[0 -> 0|1|0|1|2|3|4|5|6|7|8|9|2|3|4|5|6|7|8|9 -> 0],[0 -> 0|1|0|1|2|3|4|5|6|7|8|9|2|3|4|5|6|7|8|9 -> 0],[1; 18; 17],0.052,,,,,,,,0,0,,,,,,,
diamond,25,UPDATE,0.4,,,CREATE_DELETE,CREATE_DELETE,[0 -> 0|1|0|1|2|3|4|5|6|7|8|9|2|0|1|2|3|4|3|4|5|6|7|8|9 -> 0],[0 -> 0|1|0|1|2|3|4|5|6|7|8|9|2|0|1|2|3|4|3|4|5|6|7|8|9 -> 0],[1; 21; 1; 1; 11; 1],0.1,,,,,,,,0,0,,,,,,,
diamond,25,UPDATE,0.4,,,CREATE_DELETE,DELETE_CREATE,[0 -> 0|1|0|1|2|3|4|5|6|7|8|9|2|0|1|2|3|4|3|4|5|6|7|8|9 -> 0],[0 -> 0|1|0|1|2|3|4|5|6|7|8|9|2|0|1|2|3|4|3|4|5|6|7|8|9 -> 0],[2; 18; 7; 2],0.092,,,,,,,,0,0,,,,,,,
diamond,25,UPDATE,0.4,,,CREATE_DELETE,NOOP,[0 -> 0|1|0|1|2|3|4|5|6|7|8|9|2|0|1|2|3|4|3|4|5|6|7|8|9 -> 0],[0 -> 0|1|0|1|2|3|4|5|6|7|8|9|2|0|1|2|3|4|3|4|5|6|7|8|9 -> 0],[4; 22; 8; 1],0.092,,,,FALSE,2.541,,,3,0,,,,,,,
diamond,25,UPDATE,0.4,,,CREATE_DELETE,UPDATE,[0 -> 0|1|0|1|2|3|4|5|6|7|8|9|2|0|1|2|3|4|3|4|5|6|7|8|9 -> 0],[0 -> 0|1|0|1|2|3|4|5|6|7|8|9|2|0|1|2|3|4|3|4|5|6|7|8|9 -> 0],[9; 21; 6; 1],0.096,,,,FALSE,2.261,,,8,0,,,,,,,
diamond,25,UPDATE,0.4,,,DELETE_CREATE,CREATE_DELETE,[0 -> 0|1|0|1|2|3|4|5|6|7|8|9|2|0|1|2|3|4|3|4|5|6|7|8|9 -> 0],[0 -> 0|1|0|1|2|3|4|5|6|7|8|9|2|0|1|2|3|4|3|4|5|6|7|8|9 -> 0],[1; 22; 1; 1; 15; 1],0.096,,,,,,,,0,0,,,,,,,
diamond,25,UPDATE,0.4,,,DELETE_CREATE,DELETE_CREATE,[0 -> 0|1|0|1|2|3|4|5|6|7|8|9|2|0|1|2|3|4|3|4|5|6|7|8|9 -> 0],[0 -> 0|1|0|1|2|3|4|5|6|7|8|9|2|0|1|2|3|4|3|4|5|6|7|8|9 -> 0],[2; 18; 8; 2],0.096,,,,,,,,0,0,,,,,,,
diamond,25,UPDATE,0.4,,,DELETE_CREATE,NOOP,[0 -> 0|1|0|1|2|3|4|5|6|7|8|9|2|0|1|2|3|4|3|4|5|6|7|8|9 -> 0],[0 -> 0|1|0|1|2|3|4|5|6|7|8|9|2|0|1|2|3|4|3|4|5|6|7|8|9 -> 0],[6; 24; 5; 1],0.1,,,,FALSE,2.306,,,5,0,,,,,,,
diamond,25,UPDATE,0.4,,,DELETE_CREATE,UPDATE,[0 -> 0|1|0|1|2|3|4|5|6|7|8|9|2|0|1|2|3|4|3|4|5|6|7|8|9 -> 0],[0 -> 0|1|0|1|2|3|4|5|6|7|8|9|2|0|1|2|3|4|3|4|5|6|7|8|9 -> 0],[3; 17; 7; 1],0.092,,,,FALSE,1.896,,,2,0,,,,,,,
diamond,25,UPDATE,0.4,,,NOOP,CREATE_DELETE,[0 -> 0|1|0|1|2|3|4|5|6|7|8|9|2|0|1|2|3|4|3|4|5|6|7|8|9 -> 0],[0 -> 0|1|0|1|2|3|4|5|6|7|8|9|2|0|1|2|3|4|3|4|5|6|7|8|9 -> 0],[19; 1; 1; 10],0.088,,,,,,,,0,0,,,,,,,
diamond,25,UPDATE,0.4,,,NOOP,DELETE_CREATE,[0 -> 0|1|0|1|2|3|4|5|6|7|8|9|2|0|1|2|3|4|3|4|5|6|7|8|9 -> 0],[0 -> 0|1|0|1|2|3|4|5|6|7|8|9|2|0|1|2|3|4|3|4|5|6|7|8|9 -> 0],[15; 11; 5; 1],0.104,,,,,,,,0,0,,,,,,,
diamond,25,UPDATE,0.4,,,NOOP,NOOP,[0 -> 0|1|0|1|2|3|4|5|6|7|8|9|2|0|1|2|3|4|3|4|5|6|7|8|9 -> 0],[0 -> 0|1|0|1|2|3|4|5|6|7|8|9|2|0|1|2|3|4|3|4|5|6|7|8|9 -> 0],[21; 8],0.088,,,,FALSE,1.917,,,3,0,,,,,,,
diamond,25,UPDATE,0.4,,,NOOP,UPDATE,[0 -> 0|1|0|1|2|3|4|5|6|7|8|9|2|0|1|2|3|4|3|4|5|6|7|8|9 -> 0],[0 -> 0|1|0|1|2|3|4|5|6|7|8|9|2|0|1|2|3|4|3|4|5|6|7|8|9 -> 0],[18; 9; 1],0.104,,,,FALSE,2.053,,,3,0,,,,,,,
diamond,25,UPDATE,0.4,,,UPDATE,CREATE_DELETE,[0 -> 0|1|0|1|2|3|4|5|6|7|8|9|2|0|1|2|3|4|3|4|5|6|7|8|9 -> 0],[0 -> 0|1|0|1|2|3|4|5|6|7|8|9|2|0|1|2|3|4|3|4|5|6|7|8|9 -> 0],[1; 19; 1; 1; 11],0.1,,,,,,,,0,0,,,,,,,
diamond,25,UPDATE,0.4,,,UPDATE,DELETE_CREATE,[0 -> 0|1|0|1|2|3|4|5|6|7|8|9|2|0|1|2|3|4|3|4|5|6|7|8|9 -> 0],[0 -> 0|1|0|1|2|3|4|5|6|7|8|9|2|0|1|2|3|4|3|4|5|6|7|8|9 -> 0],[2; 21; 8; 1],0.096,,,,,,,,0,0,,,,,,,
diamond,25,UPDATE,0.4,,,UPDATE,NOOP,[0 -> 0|1|0|1|2|3|4|5|6|7|8|9|2|0|1|2|3|4|3|4|5|6|7|8|9 -> 0],[0 -> 0|1|0|1|2|3|4|5|6|7|8|9|2|0|1|2|3|4|3|4|5|6|7|8|9 -> 0],[6; 21; 8],0.096,,,,FALSE,2.162,,,5,0,,,,,,,
diamond,25,UPDATE,0.4,,,UPDATE,UPDATE,[0 -> 0|1|0|1|2|3|4|5|6|7|8|9|2|0|1|2|3|4|3|4|5|6|7|8|9 -> 0],[0 -> 0|1|0|1|2|3|4|5|6|7|8|9|2|0|1|2|3|4|3|4|5|6|7|8|9 -> 0],[6; 20; 8],0.108,,,,FALSE,2.053,,,5,0,,,,,,,
diamond,25,UPDATE,0.7,,,CREATE_DELETE,CREATE_DELETE,[0 -> 0|1|0|1|2|3|4|5|6|7|8|9|2|0|1|2|3|4|3|4|5|6|7|8|9 -> 0],[0 -> 0|1|0|1|2|3|4|5|6|7|8|9|2|0|1|2|3|4|3|4|5|6|7|8|9 -> 0],[1; 21; 1; 1; 4; 1],0.088,,,,,,,,0,0,,,,,,,
diamond,25,UPDATE,0.7,,,CREATE_DELETE,DELETE_CREATE,[0 -> 0|1|0|1|2|3|4|5|6|7|8|9|2|0|1|2|3|4|3|4|5|6|7|8|9 -> 0],[0 -> 0|1|0|1|2|3|4|5|6|7|8|9|2|0|1|2|3|4|3|4|5|6|7|8|9 -> 0],[2; 21; 5; 2],0.088,,,,,,,,0,0,,,,,,,
diamond,25,UPDATE,0.7,,,CREATE_DELETE,NOOP,[0 -> 0|1|0|1|2|3|4|5|6|7|8|9|2|0|1|2|3|4|3|4|5|6|7|8|9 -> 0],[0 -> 0|1|0|1|2|3|4|5|6|7|8|9|2|0|1|2|3|4|3|4|5|6|7|8|9 -> 0],[6; 20; 1; 1],0.092,,,,FALSE,1.491,,,5,0,,,,,,,
diamond,25,UPDATE,0.7,,,CREATE_DELETE,UPDATE,[0 -> 0|1|0|1|2|3|4|5|6|7|8|9|2|0|1|2|3|4|3|4|5|6|7|8|9 -> 0],[0 -> 0|1|0|1|2|3|4|5|6|7|8|9|2|0|1|2|3|4|3|4|5|6|7|8|9 -> 0],[6; 23; 4; 1],0.1,,,,FALSE,1.992,,,5,0,,,,,,,
diamond,25,UPDATE,0.7,,,DELETE_CREATE,CREATE_DELETE,[0 -> 0|1|0|1|2|3|4|5|6|7|8|9|2|0|1|2|3|4|3|4|5|6|7|8|9 -> 0],[0 -> 0|1|0|1|2|3|4|5|6|7|8|9|2|0|1|2|3|4|3|4|5|6|7|8|9 -> 0],[1; 22; 1; 1; 4; 1],0.092,,,,,,,,0,0,,,,,,,
diamond,25,UPDATE,0.7,,,DELETE_CREATE,DELETE_CREATE,[0 -> 0|1|0|1|2|3|4|5|6|7|8|9|2|0|1|2|3|4|3|4|5|6|7|8|9 -> 0],[0 -> 0|1|0|1|2|3|4|5|6|7|8|9|2|0|1|2|3|4|3|4|5|6|7|8|9 -> 0],[2; 21; 5; 2],0.096,,,,,,,,0,0,,,,,,,
diamond,25,UPDATE,0.7,,,DELETE_CREATE,NOOP,[0 -> 0|1|0|1|2|3|4|5|6|7|8|9|2|0|1|2|3|4|3|4|5|6|7|8|9 -> 0],[0 -> 0|1|0|1|2|3|4|5|6|7|8|9|2|0|1|2|3|4|3|4|5|6|7|8|9 -> 0],[7; 1; 1; 21],0.088,,,,FALSE,0.427,,,26,0,,,,,,,
diamond,25,UPDATE,0.7,,,DELETE_CREATE,UPDATE,[0 -> 0|1|0|1|2|3|4|5|6|7|8|9|2|0|1|2|3|4|3|4|5|6|7|8|9 -> 0],[0 -> 0|1|0|1|2|3|4|5|6|7|8|9|2|0|1|2|3|4|3|4|5|6|7|8|9 -> 0],[2; 21; 5; 1],0.088,,,,FALSE,2.292,,,1,0,,,,,,,
diamond,25,UPDATE,0.7,,,NOOP,CREATE_DELETE,[0 -> 0|1|0|1|2|3|4|5|6|7|8|9|2|0|1|2|3|4|3|4|5|6|7|8|9 -> 0],[0 -> 0|1|0|1|2|3|4|5|6|7|8|9|2|0|1|2|3|4|3|4|5|6|7|8|9 -> 0],[22; 1; 1; 1],0.088,,,,,,,,0,0,,,,,,,
diamond,25,UPDATE,0.7,,,NOOP,DELETE_CREATE,[0 -> 0|1|0|1|2|3|4|5|6|7|8|9|2|0|1|2|3|4|3|4|5|6|7|8|9 -> 0],[0 -> 0|1|0|1|2|3|4|5|6|7|8|9|2|0|1|2|3|4|3|4|5|6|7|8|9 -> 0],[20; 8; 4; 1],0.088,,,,,,,,0,0,,,,,,,
diamond,25,UPDATE,0.7,,,NOOP,NOOP,[0 -> 0|1|0|1|2|3|4|5|6|7|8|9|2|0|1|2|3|4|3|4|5|6|7|8|9 -> 0],[0 -> 0|1|0|1|2|3|4|5|6|7|8|9|2|0|1|2|3|4|3|4|5|6|7|8|9 -> 0],[23; 7],0.096,,,,FALSE,2.227,,,2,0,,,,,,,
diamond,25,UPDATE,0.7,,,NOOP,UPDATE,[0 -> 0|1|0|1|2|3|4|5|6|7|8|9|2|0|1|2|3|4|3|4|5|6|7|8|9 -> 0],[0 -> 0|1|0|1|2|3|4|5|6|7|8|9|2|0|1|2|3|4|3|4|5|6|7|8|9 -> 0],[24; 2],0.092,,,,,,,,0,0,,,,,,,
diamond,25,UPDATE,0.7,,,UPDATE,CREATE_DELETE,[0 -> 0|1|0|1|2|3|4|5|6|7|8|9|2|0|1|2|3|4|3|4|5|6|7|8|9 -> 0],[0 -> 0|1|0|1|2|3|4|5|6|7|8|9|2|0|1|2|3|4|3|4|5|6|7|8|9 -> 0],[1; 24; 1; 1; 8],0.092,,,,,,,,0,0,,,,,,,
diamond,25,UPDATE,0.7,,,UPDATE,DELETE_CREATE,[0 -> 0|1|0|1|2|3|4|5|6|7|8|9|2|0|1|2|3|4|3|4|5|6|7|8|9 -> 0],[0 -> 0|1|0|1|2|3|4|5|6|7|8|9|2|0|1|2|3|4|3|4|5|6|7|8|9 -> 0],[2; 24; 8; 1],0.1,,,,,,,,0,0,,,,,,,
diamond,25,UPDATE,0.7,,,UPDATE,NOOP,[0 -> 0|1|0|1|2|3|4|5|6|7|8|9|2|0|1|2|3|4|3|4|5|6|7|8|9 -> 0],[0 -> 0|1|0|1|2|3|4|5|6|7|8|9|2|0|1|2|3|4|3|4|5|6|7|8|9 -> 0],[1; 23],0.084,,,,,,,,0,0,,,,,,,
diamond,25,UPDATE,0.7,,,UPDATE,UPDATE,[0 -> 0|1|0|1|2|3|4|5|6|7|8|9|2|0|1|2|3|4|3|4|5|6|7|8|9 -> 0],[0 -> 0|1|0|1|2|3|4|5|6|7|8|9|2|0|1|2|3|4|3|4|5|6|7|8|9 -> 0],[5; 23; 4],0.088,,,,FALSE,2.045,,,4,0,,,,,,,
diamond,25,NOOP,0.4,,,CREATE_DELETE,CREATE_DELETE,[0 -> 0|1|0|1|2|3|4|5|6|7|8|9|2|0|1|2|3|4|3|4|5|6|7|8|9 -> 0],[0 -> 0|1|0|1|2|3|4|5|6|7|8|9|2|0|1|2|3|4|3|4|5|6|7|8|9 -> 0],[1; 12; 1; 1; 10; 1],0.096,,,,,,,,0,0,,,,,,,
diamond,25,NOOP,0.4,,,CREATE_DELETE,DELETE_CREATE,[0 -> 0|1|0|1|2|3|4|5|6|7|8|9|2|0|1|2|3|4|3|4|5|6|7|8|9 -> 0],[0 -> 0|1|0|1|2|3|4|5|6|7|8|9|2|0|1|2|3|4|3|4|5|6|7|8|9 -> 0],[2; 15; 7; 2],0.1,,,,,,,,0,0,,,,,,,
diamond,25,NOOP,0.4,,,CREATE_DELETE,NOOP,[0 -> 0|1|0|1|2|3|4|5|6|7|8|9|2|0|1|2|3|4|3|4|5|6|7|8|9 -> 0],[0 -> 0|1|0|1|2|3|4|5|6|7|8|9|2|0|1|2|3|4|3|4|5|6|7|8|9 -> 0],[4; 14; 5; 1],0.096,,,,FALSE,1.402,,,3,0,,,,,,,
diamond,25,NOOP,0.4,,,CREATE_DELETE,UPDATE,[0 -> 0|1|0|1|2|3|4|5|6|7|8|9|2|0|1|2|3|4|3|4|5|6|7|8|9 -> 0],[0 -> 0|1|0|1|2|3|4|5|6|7|8|9|2|0|1|2|3|4|3|4|5|6|7|8|9 -> 0],[2; 11; 7; 1],0.088,,,,FALSE,1.504,,,1,0,,,,,,,
diamond,25,NOOP,0.4,,,DELETE_CREATE,CREATE_DELETE,[0 -> 0|1|0|1|2|3|4|5|6|7|8|9|2|0|1|2|3|4|3|4|5|6|7|8|9 -> 0],[0 -> 0|1|0|1|2|3|4|5|6|7|8|9|2|0|1|2|3|4|3|4|5|6|7|8|9 -> 0],[1; 14; 1; 1; 9; 1],0.092,,,,,,,,0,0,,,,,,,
diamond,25,NOOP,0.4,,,DELETE_CREATE,DELETE_CREATE,[0 -> 0|1|0|1|2|3|4|5|6|7|8|9|2|0|1|2|3|4|3|4|5|6|7|8|9 -> 0],[0 -> 0|1|0|1|2|3|4|5|6|7|8|9|2|0|1|2|3|4|3|4|5|6|7|8|9 -> 0],[2; 16; 11; 2],0.092,,,,,,,,0,0,,,,,,,
diamond,25,NOOP,0.4,,,DELETE_CREATE,NOOP,[0 -> 0|1|0|1|2|3|4|5|6|7|8|9|2|0|1|2|3|4|3|4|5|6|7|8|9 -> 0],[0 -> 0|1|0|1|2|3|4|5|6|7|8|9|2|0|1|2|3|4|3|4|5|6|7|8|9 -> 0],[3; 17; 10; 1],0.1,,,,FALSE,2.394,,,2,0,,,,,,,
diamond,25,NOOP,0.4,,,DELETE_CREATE,UPDATE,[0 -> 0|1|0|1|2|3|4|5|6|7|8|9|2|0|1|2|3|4|3|4|5|6|7|8|9 -> 0],[0 -> 0|1|0|1|2|3|4|5|6|7|8|9|2|0|1|2|3|4|3|4|5|6|7|8|9 -> 0],[5; 10; 3; 1],0.096,,,,FALSE,0.835,,,4,0,,,,,,,
diamond,25,NOOP,0.4,,,NOOP,CREATE_DELETE,[0 -> 0|1|0|1|2|3|4|5|6|7|8|9|2|0|1|2|3|4|3|4|5|6|7|8|9 -> 0],[0 -> 0|1|0|1|2|3|4|5|6|7|8|9|2|0|1|2|3|4|3|4|5|6|7|8|9 -> 0],[12; 1; 1; 8],0.088,,,,,,,,0,0,,,,,,,
diamond,25,NOOP,0.4,,,NOOP,DELETE_CREATE,[0 -> 0|1|0|1|2|3|4|5|6|7|8|9|2|0|1|2|3|4|3|4|5|6|7|8|9 -> 0],[0 -> 0|1|0|1|2|3|4|5|6|7|8|9|2|0|1|2|3|4|3|4|5|6|7|8|9 -> 0],[12; 12; 7; 1],0.1,,,,,,,,0,0,,,,,,,
diamond,25,NOOP,0.4,,,NOOP,NOOP,[0 -> 0|1|0|1|2|3|4|5|6|7|8|9|2|0|1|2|3|4|3|4|5|6|7|8|9 -> 0],[0 -> 0|1|0|1|2|3|4|5|6|7|8|9|2|0|1|2|3|4|3|4|5|6|7|8|9 -> 0],[14; 10],0.088,,,,FALSE,1.253,,,5,0,,,,,,,
diamond,25,NOOP,0.4,,,NOOP,UPDATE,[0 -> 0|1|0|1|2|3|4|5|6|7|8|9|2|0|1|2|3|4|3|4|5|6|7|8|9 -> 0],[0 -> 0|1|0|1|2|3|4|5|6|7|8|9|2|0|1|2|3|4|3|4|5|6|7|8|9 -> 0],[17; 12; 1],0.088,,,,FALSE,1.802,,,4,0,,,,,,,
diamond,25,NOOP,0.4,,,UPDATE,CREATE_DELETE,[0 -> 0|1|0|1|2|3|4|5|6|7|8|9|2|0|1|2|3|4|3|4|5|6|7|8|9 -> 0],[0 -> 0|1|0|1|2|3|4|5|6|7|8|9|2|0|1|2|3|4|3|4|5|6|7|8|9 -> 0],[1; 19; 1; 1; 12],0.1,,,,,,,,0,0,,,,,,,
diamond,25,NOOP,0.4,,,UPDATE,DELETE_CREATE,[0 -> 0|1|0|1|2|3|4|5|6|7|8|9|2|0|1|2|3|4|3|4|5|6|7|8|9 -> 0],[0 -> 0|1|0|1|2|3|4|5|6|7|8|9|2|0|1|2|3|4|3|4|5|6|7|8|9 -> 0],[2; 14; 6; 1],0.096,,,,,,,,0,0,,,,,,,
diamond,25,NOOP,0.4,,,UPDATE,NOOP,[0 -> 0|1|0|1|2|3|4|5|6|7|8|9|2|0|1|2|3|4|3|4|5|6|7|8|9 -> 0],[0 -> 0|1|0|1|2|3|4|5|6|7|8|9|2|0|1|2|3|4|3|4|5|6|7|8|9 -> 0],[5; 15; 6],0.096,,,,FALSE,1.429,,,4,0,,,,,,,
diamond,25,NOOP,0.4,,,UPDATE,UPDATE,[0 -> 0|1|0|1|2|3|4|5|6|7|8|9|2|0|1|2|3|4|3|4|5|6|7|8|9 -> 0],[0 -> 0|1|0|1|2|3|4|5|6|7|8|9|2|0|1|2|3|4|3|4|5|6|7|8|9 -> 0],[7; 15; 6],0.108,,,,FALSE,1.37,,,6,0,,,,,,,
diamond,25,NOOP,0.7,,,CREATE_DELETE,CREATE_DELETE,[0 -> 0|1|0|1|2|3|4|5|6|7|8|9|2|0|1|2|3|4|3|4|5|6|7|8|9 -> 0],[0 -> 0|1|0|1|2|3|4|5|6|7|8|9|2|0|1|2|3|4|3|4|5|6|7|8|9 -> 0],[1; 5; 1; 1; 3; 1],0.096,,,,,,,,0,0,,,,,,,
diamond,25,NOOP,0.7,,,CREATE_DELETE,DELETE_CREATE,[0 -> 0|1|0|1|2|3|4|5|6|7|8|9|2|0|1|2|3|4|3|4|5|6|7|8|9 -> 0],[0 -> 0|1|0|1|2|3|4|5|6|7|8|9|2|0|1|2|3|4|3|4|5|6|7|8|9 -> 0],[2; 4; 3; 1],0.096,,,,,,,,0,0,,,,,,,
diamond,25,NOOP,0.7,,,CREATE_DELETE,NOOP,[0 -> 0|1|0|1|2|3|4|5|6|7|8|9|2|0|1|2|3|4|3|4|5|6|7|8|9 -> 0],[0 -> 0|1|0|1|2|3|4|5|6|7|8|9|2|0|1|2|3|4|3|4|5|6|7|8|9 -> 0],[5; 8; 4; 1],0.088,,,,FALSE,0.749,,,4,0,,,,,,,
diamond,25,NOOP,0.7,,,CREATE_DELETE,UPDATE,[0 -> 0|1|0|1|2|3|4|5|6|7|8|9|2|0|1|2|3|4|3|4|5|6|7|8|9 -> 0],[0 -> 0|1|0|1|2|3|4|5|6|7|8|9|2|0|1|2|3|4|3|4|5|6|7|8|9 -> 0],[2; 6; 4; 1],0.084,,,,FALSE,0.737,,,1,0,,,,,,,
diamond,25,NOOP,0.7,,,DELETE_CREATE,CREATE_DELETE,[0 -> 0|1|0|1|2|3|4|5|6|7|8|9|2|0|1|2|3|4|3|4|5|6|7|8|9 -> 0],[0 -> 0|1|0|1|2|3|4|5|6|7|8|9|2|0|1|2|3|4|3|4|5|6|7|8|9 -> 0],[1; 7; 1; 1; 4; 1],0.096,,,,,,,,0,0,,,,,,,
diamond,25,NOOP,0.7,,,DELETE_CREATE,DELETE_CREATE,[0 -> 0|1|0|1|2|3|4|5|6|7|8|9|2|0|1|2|3|4|3|4|5|6|7|8|9 -> 0],[0 -> 0|1|0|1|2|3|4|5|6|7|8|9|2|0|1|2|3|4|3|4|5|6|7|8|9 -> 0],[2; 5; 3; 2],0.084,,,,,,,,0,0,,,,,,,
diamond,25,NOOP,0.7,,,DELETE_CREATE,NOOP,[0 -> 0|1|0|1|2|3|4|5|6|7|8|9|2|0|1|2|3|4|3|4|5|6|7|8|9 -> 0],[0 -> 0|1|0|1|2|3|4|5|6|7|8|9|2|0|1|2|3|4|3|4|5|6|7|8|9 -> 0],[5; 9; 4; 1],0.096,,,,FALSE,0.842,,,4,0,,,,,,,
diamond,25,NOOP,0.7,,,DELETE_CREATE,UPDATE,[0 -> 0|1|0|1|2|3|4|5|6|7|8|9|2|0|1|2|3|4|3|4|5|6|7|8|9 -> 0],[0 -> 0|1|0|1|2|3|4|5|6|7|8|9|2|0|1|2|3|4|3|4|5|6|7|8|9 -> 0],[4; 8; 5; 1],0.1,,,,FALSE,0.819,,,3,0,,,,,,,
diamond,25,NOOP,0.7,,,NOOP,CREATE_DELETE,[0 -> 0|1|0|1|2|3|4|5|6|7|8|9|2|0|1|2|3|4|3|4|5|6|7|8|9 -> 0],[0 -> 0|1|0|1|2|3|4|5|6|7|8|9|2|0|1|2|3|4|3|4|5|6|7|8|9 -> 0],[5; 1; 1; 2],0.084,,,,,,,,0,0,,,,,,,
diamond,25,NOOP,0.7,,,NOOP,DELETE_CREATE,[0 -> 0|1|0|1|2|3|4|5|6|7|8|9|2|0|1|2|3|4|3|4|5|6|7|8|9 -> 0],[0 -> 0|1|0|1|2|3|4|5|6|7|8|9|2|0|1|2|3|4|3|4|5|6|7|8|9 -> 0],[3; 6; 5; 1],0.088,,,,,,,,0,0,,,,,,,
diamond,25,NOOP,0.7,,,NOOP,NOOP,[0 -> 0|1|0|1|2|3|4|5|6|7|8|9|2|0|1|2|3|4|3|4|5|6|7|8|9 -> 0],[0 -> 0|1|0|1|2|3|4|5|6|7|8|9|2|0|1|2|3|4|3|4|5|6|7|8|9 -> 0],[5; 4],0.084,,,,FALSE,0.733,,,1,0,,,,,,,
diamond,25,NOOP,0.7,,,NOOP,UPDATE,[0 -> 0|1|0|1|2|3|4|5|6|7|8|9|2|0|1|2|3|4|3|4|5|6|7|8|9 -> 0],[0 -> 0|1|0|1|2|3|4|5|6|7|8|9|2|0|1|2|3|4|3|4|5|6|7|8|9 -> 0],[7; 5; 1],0.092,,,,FALSE,0.559,,,3,0,,,,,,,
diamond,25,NOOP,0.7,,,UPDATE,CREATE_DELETE,[0 -> 0|1|0|1|2|3|4|5|6|7|8|9|2|0|1|2|3|4|3|4|5|6|7|8|9 -> 0],[0 -> 0|1|0|1|2|3|4|5|6|7|8|9|2|0|1|2|3|4|3|4|5|6|7|8|9 -> 0],[1; 8; 1; 1; 6],0.1,,,,,,,,0,0,,,,,,,
diamond,25,NOOP,0.7,,,UPDATE,DELETE_CREATE,[0 -> 0|1|0|1|2|3|4|5|6|7|8|9|2|0|1|2|3|4|3|4|5|6|7|8|9 -> 0],[0 -> 0|1|0|1|2|3|4|5|6|7|8|9|2|0|1|2|3|4|3|4|5|6|7|8|9 -> 0],[2; 7; 7; 1],0.088,,,,,,,,0,0,,,,,,,
diamond,25,NOOP,0.7,,,UPDATE,NOOP,[0 -> 0|1|0|1|2|3|4|5|6|7|8|9|2|0|1|2|3|4|3|4|5|6|7|8|9 -> 0],[0 -> 0|1|0|1|2|3|4|5|6|7|8|9|2|0|1|2|3|4|3|4|5|6|7|8|9 -> 0],[4; 8; 4],0.088,,,,FALSE,0.88,,,3,0,,,,,,,
diamond,25,NOOP,0.7,,,UPDATE,UPDATE,[0 -> 0|1|0|1|2|3|4|5|6|7|8|9|2|0|1|2|3|4|3|4|5|6|7|8|9 -> 0],[0 -> 0|1|0|1|2|3|4|5|6|7|8|9|2|0|1|2|3|4|3|4|5|6|7|8|9 -> 0],[4; 7; 4],0.088,,,,FALSE,0.665,,,3,0,,,,,,,
diamond,25,DELETE_CREATE,0.4,,,CREATE_DELETE,CREATE_DELETE,[0 -> 0|1|0|1|2|3|4|5|6|7|8|9|2|0|1|2|3|4|3|4|5|6|7|8|9 -> 0],[0 -> 0|1|0|1|2|3|4|5|6|7|8|9|2|0|1|2|3|4|3|4|5|6|7|8|9 -> 0],[1; 20; 1; 1; 15; 1],0.104,,,,,,,,0,0.001,,,,,,,
diamond,25,DELETE_CREATE,0.4,,,CREATE_DELETE,DELETE_CREATE,[0 -> 0|1|0|1|2|3|4|5|6|7|8|9|2|0|1|2|3|4|3|4|5|6|7|8|9 -> 0],[0 -> 0|1|0|1|2|3|4|5|6|7|8|9|2|0|1|2|3|4|3|4|5|6|7|8|9 -> 0],[2; 22; 15; 2],0.096,,,,,,,,0,0,,,,,,,
diamond,25,DELETE_CREATE,0.4,,,CREATE_DELETE,NOOP,[0 -> 0|1|0|1|2|3|4|5|6|7|8|9|2|0|1|2|3|4|3|4|5|6|7|8|9 -> 0],[0 -> 0|1|0|1|2|3|4|5|6|7|8|9|2|0|1|2|3|4|3|4|5|6|7|8|9 -> 0],[9; 21; 7; 1],0.104,,,,FALSE,2.03,,,8,0,,,,,,,
diamond,25,DELETE_CREATE,0.4,,,CREATE_DELETE,UPDATE,[0 -> 0|1|0|1|2|3|4|5|6|7|8|9|2|0|1|2|3|4|3|4|5|6|7|8|9 -> 0],[0 -> 0|1|0|1|2|3|4|5|6|7|8|9|2|0|1|2|3|4|3|4|5|6|7|8|9 -> 0],[10; 23; 8; 1],0.112,,,,FALSE,2.328,,,9,0,,,,,,,
diamond,25,DELETE_CREATE,0.4,,,DELETE_CREATE,CREATE_DELETE,[0 -> 0|1|0|1|2|3|4|5|6|7|8|9|2|0|1|2|3|4|3|4|5|6|7|8|9 -> 0],[0 -> 0|1|0|1|2|3|4|5|6|7|8|9|2|0|1|2|3|4|3|4|5|6|7|8|9 -> 0],[1; 19; 1; 1; 12; 1],0.096,,,,,,,,0,0,,,,,,,
diamond,25,DELETE_CREATE,0.4,,,DELETE_CREATE,DELETE_CREATE,[0 -> 0|1|0|1|2|3|4|5|6|7|8|9|2|0|1|2|3|4|3|4|5|6|7|8|9 -> 0],[0 -> 0|1|0|1|2|3|4|5|6|7|8|9|2|0|1|2|3|4|3|4|5|6|7|8|9 -> 0],[2; 18; 14; 2],0.096,,,,,,,,0,0,,,,,,,
diamond,25,DELETE_CREATE,0.4,,,DELETE_CREATE,NOOP,[0 -> 0|1|0|1|2|3|4|5|6|7|8|9|2|0|1|2|3|4|3|4|5|6|7|8|9 -> 0],[0 -> 0|1|0|1|2|3|4|5|6|7|8|9|2|0|1|2|3|4|3|4|5|6|7|8|9 -> 0],[12; 19; 3; 1],0.092,,,,FALSE,1.394,,,11,0,,,,,,,
diamond,25,DELETE_CREATE,0.4,,,DELETE_CREATE,UPDATE,[0 -> 0|1|0|1|2|3|4|5|6|7|8|9|2|0|1|2|3|4|3|4|5|6|7|8|9 -> 0],[0 -> 0|1|0|1|2|3|4|5|6|7|8|9|2|0|1|2|3|4|3|4|5|6|7|8|9 -> 0],[11; 18; 5; 1],0.12,,,,FALSE,1.451,,,10,0,,,,,,,
diamond,25,DELETE_CREATE,0.4,,,NOOP,CREATE_DELETE,[0 -> 0|1|0|1|2|3|4|5|6|7|8|9|2|0|1|2|3|4|3|4|5|6|7|8|9 -> 0],[0 -> 0|1|0|1|2|3|4|5|6|7|8|9|2|0|1|2|3|4|3|4|5|6|7|8|9 -> 0],[19; 1; 1; 13],0.104,,,,,,,,0,0,,,,,,,
diamond,25,DELETE_CREATE,0.4,,,NOOP,DELETE_CREATE,[0 -> 0|1|0|1|2|3|4|5|6|7|8|9|2|0|1|2|3|4|3|4|5|6|7|8|9 -> 0],[0 -> 0|1|0|1|2|3|4|5|6|7|8|9|2|0|1|2|3|4|3|4|5|6|7|8|9 -> 0],[12; 12; 9; 1],0.092,,,,,,,,0,0,,,,,,,
diamond,25,DELETE_CREATE,0.4,,,NOOP,NOOP,[0 -> 0|1|0|1|2|3|4|5|6|7|8|9|2|0|1|2|3|4|3|4|5|6|7|8|9 -> 0],[0 -> 0|1|0|1|2|3|4|5|6|7|8|9|2|0|1|2|3|4|3|4|5|6|7|8|9 -> 0],[20; 15],0.096,,,,FALSE,1.683,,,9,0,,,,,,,
diamond,25,DELETE_CREATE,0.4,,,NOOP,UPDATE,[0 -> 0|1|0|1|2|3|4|5|6|7|8|9|2|0|1|2|3|4|3|4|5|6|7|8|9 -> 0],[0 -> 0|1|0|1|2|3|4|5|6|7|8|9|2|0|1|2|3|4|3|4|5|6|7|8|9 -> 0],[19; 17; 1],0.096,,,,FALSE,1.459,,,12,0,,,,,,,
diamond,25,DELETE_CREATE,0.4,,,UPDATE,CREATE_DELETE,[0 -> 0|1|0|1|2|3|4|5|6|7|8|9|2|0|1|2|3|4|3|4|5|6|7|8|9 -> 0],[0 -> 0|1|0|1|2|3|4|5|6|7|8|9|2|0|1|2|3|4|3|4|5|6|7|8|9 -> 0],[1; 18; 1; 1; 13],0.096,,,,,,,,0,0,,,,,,,
diamond,25,DELETE_CREATE,0.4,,,UPDATE,DELETE_CREATE,[0 -> 0|1|0|1|2|3|4|5|6|7|8|9|2|0|1|2|3|4|3|4|5|6|7|8|9 -> 0],[0 -> 0|1|0|1|2|3|4|5|6|7|8|9|2|0|1|2|3|4|3|4|5|6|7|8|9 -> 0],[2; 19; 15; 1],0.096,,,,,,,,0,0,,,,,,,
diamond,25,DELETE_CREATE,0.4,,,UPDATE,NOOP,[0 -> 0|1|0|1|2|3|4|5|6|7|8|9|2|0|1|2|3|4|3|4|5|6|7|8|9 -> 0],[0 -> 0|1|0|1|2|3|4|5|6|7|8|9|2|0|1|2|3|4|3|4|5|6|7|8|9 -> 0],[9; 19; 4],0.092,,,,FALSE,1.545,,,8,0,,,,,,,
diamond,25,DELETE_CREATE,0.4,,,UPDATE,UPDATE,[0 -> 0|1|0|1|2|3|4|5|6|7|8|9|2|0|1|2|3|4|3|4|5|6|7|8|9 -> 0],[0 -> 0|1|0|1|2|3|4|5|6|7|8|9|2|0|1|2|3|4|3|4|5|6|7|8|9 -> 0],[14; 22; 4],0.104,,,,FALSE,1.624,,,13,0,,,,,,,
diamond,25,DELETE_CREATE,0.7,,,CREATE_DELETE,CREATE_DELETE,[0 -> 0|1|0|1|2|3|4|5|6|7|8|9|2|0|1|2|3|4|3|4|5|6|7|8|9 -> 0],[0 -> 0|1|0|1|2|3|4|5|6|7|8|9|2|0|1|2|3|4|3|4|5|6|7|8|9 -> 0],[1; 21; 1; 1; 18; 1],0.096,,,,,,,,0,0,,,,,,,
diamond,25,DELETE_CREATE,0.7,,,CREATE_DELETE,DELETE_CREATE,[0 -> 0|1|0|1|2|3|4|5|6|7|8|9|2|0|1|2|3|4|3|4|5|6|7|8|9 -> 0],[0 -> 0|1|0|1|2|3|4|5|6|7|8|9|2|0|1|2|3|4|3|4|5|6|7|8|9 -> 0],[2; 21; 20; 2],0.108,,,,,,,,0,0,,,,,,,
diamond,25,DELETE_CREATE,0.7,,,CREATE_DELETE,NOOP,[0 -> 0|1|0|1|2|3|4|5|6|7|8|9|2|0|1|2|3|4|3|4|5|6|7|8|9 -> 0],[0 -> 0|1|0|1|2|3|4|5|6|7|8|9|2|0|1|2|3|4|3|4|5|6|7|8|9 -> 0],[22; 22; 1; 1],0.1,,,,FALSE,1.373,,,21,0,,,,,,,
diamond,25,DELETE_CREATE,0.7,,,CREATE_DELETE,UPDATE,[0 -> 0|1|0|1|2|3|4|5|6|7|8|9|2|0|1|2|3|4|3|4|5|6|7|8|9 -> 0],[0 -> 0|1|0|1|2|3|4|5|6|7|8|9|2|0|1|2|3|4|3|4|5|6|7|8|9 -> 0],[20; 22; 1],0.108,,,,FALSE,1.269,,,19,0,,,,,,,
diamond,25,DELETE_CREATE,0.7,,,DELETE_CREATE,CREATE_DELETE,[0 -> 0|1|0|1|2|3|4|5|6|7|8|9|2|0|1|2|3|4|3|4|5|6|7|8|9 -> 0],[0 -> 0|1|0|1|2|3|4|5|6|7|8|9|2|0|1|2|3|4|3|4|5|6|7|8|9 -> 0],[1; 23; 1; 1; 20; 1],0.104,,,,,,,,0,0,,,,,,,
diamond,25,DELETE_CREATE,0.7,,,DELETE_CREATE,DELETE_CREATE,[0 -> 0|1|0|1|2|3|4|5|6|7|8|9|2|0|1|2|3|4|3|4|5|6|7|8|9 -> 0],[0 -> 0|1|0|1|2|3|4|5|6|7|8|9|2|0|1|2|3|4|3|4|5|6|7|8|9 -> 0],[2; 23; 20; 2],0.1,,,,,,,,0,0,,,,,,,
diamond,25,DELETE_CREATE,0.7,,,DELETE_CREATE,NOOP,[0 -> 0|1|0|1|2|3|4|5|6|7|8|9|2|0|1|2|3|4|3|4|5|6|7|8|9 -> 0],[0 -> 0|1|0|1|2|3|4|5|6|7|8|9|2|0|1|2|3|4|3|4|5|6|7|8|9 -> 0],[19; 24; 3; 1],0.108,,,,FALSE,1.728,,,18,0,,,,,,,
diamond,25,DELETE_CREATE,0.7,,,DELETE_CREATE,UPDATE,[0 -> 0|1|0|1|2|3|4|5|6|7|8|9|2|0|1|2|3|4|3|4|5|6|7|8|9 -> 0],[0 -> 0|1|0|1|2|3|4|5|6|7|8|9|2|0|1|2|3|4|3|4|5|6|7|8|9 -> 0],[21; 24; 3; 1],0.104,,,,FALSE,1.706,,,20,0,,,,,,,
diamond,25,DELETE_CREATE,0.7,,,NOOP,CREATE_DELETE,[0 -> 0|1|0|1|2|3|4|5|6|7|8|9|2|0|1|2|3|4|3|4|5|6|7|8|9 -> 0],[0 -> 0|1|0|1|2|3|4|5|6|7|8|9|2|0|1|2|3|4|3|4|5|6|7|8|9 -> 0],[23; 1; 1; 18],0.108,,,,,,,,0,0.001,,,,,,,
diamond,25,DELETE_CREATE,0.7,,,NOOP,DELETE_CREATE,[0 -> 0|1|0|1|2|3|4|5|6|7|8|9|2|0|1|2|3|4|3|4|5|6|7|8|9 -> 0],[0 -> 0|1|0|1|2|3|4|5|6|7|8|9|2|0|1|2|3|4|3|4|5|6|7|8|9 -> 0],[7; 19; 15; 1],0.104,,,,,,,,0,0,,,,,,,
diamond,25,DELETE_CREATE,0.7,,,NOOP,NOOP,[0 -> 0|1|0|1|2|3|4|5|6|7|8|9|2|0|1|2|3|4|3|4|5|6|7|8|9 -> 0],[0 -> 0|1|0|1|2|3|4|5|6|7|8|9|2|0|1|2|3|4|3|4|5|6|7|8|9 -> 0],[24; 21],0.1,,,,FALSE,1.759,,,18,0,,,,,,,
diamond,25,DELETE_CREATE,0.7,,,NOOP,UPDATE,[0 -> 0|1|0|1|2|3|4|5|6|7|8|9|2|0|1|2|3|4|3|4|5|6|7|8|9 -> 0],[0 -> 0|1|0|1|2|3|4|5|6|7|8|9|2|0|1|2|3|4|3|4|5|6|7|8|9 -> 0],[21; 18; 1],0.096,,,,FALSE,1.33,,,16,0,,,,,,,
diamond,25,DELETE_CREATE,0.7,,,UPDATE,CREATE_DELETE,[0 -> 0|1|0|1|2|3|4|5|6|7|8|9|2|0|1|2|3|4|3|4|5|6|7|8|9 -> 0],[0 -> 0|1|0|1|2|3|4|5|6|7|8|9|2|0|1|2|3|4|3|4|5|6|7|8|9 -> 0],[1; 23; 1; 1; 20],0.1,,,,,,,,0,0,,,,,,,
diamond,25,DELETE_CREATE,0.7,,,UPDATE,DELETE_CREATE,[0 -> 0|1|0|1|2|3|4|5|6|7|8|9|2|0|1|2|3|4|3|4|5|6|7|8|9 -> 0],[0 -> 0|1|0|1|2|3|4|5|6|7|8|9|2|0|1|2|3|4|3|4|5|6|7|8|9 -> 0],[2; 20; 19; 1],0.1,,,,,,,,0,0,,,,,,,
diamond,25,DELETE_CREATE,0.7,,,UPDATE,NOOP,[0 -> 0|1|0|1|2|3|4|5|6|7|8|9|2|0|1|2|3|4|3|4|5|6|7|8|9 -> 0],[0 -> 0|1|0|1|2|3|4|5|6|7|8|9|2|0|1|2|3|4|3|4|5|6|7|8|9 -> 0],[14; 18; 2],0.096,,,,FALSE,1.182,,,13,0,,,,,,,
diamond,25,DELETE_CREATE,0.7,,,UPDATE,UPDATE,[0 -> 0|1|0|1|2|3|4|5|6|7|8|9|2|0|1|2|3|4|3|4|5|6|7|8|9 -> 0],[0 -> 0|1|0|1|2|3|4|5|6|7|8|9|2|0|1|2|3|4|3|4|5|6|7|8|9 -> 0],[22; 23; 3],0.1,,,,FALSE,1.561,,,21,0,,,,,,,
diamond,25,CREATE_DELETE,0.4,,,CREATE_DELETE,CREATE_DELETE,[0 -> 0|1|0|1|2|3|4|5|6|7|8|9|2|0|1|2|3|4|3|4|5|6|7|8|9 -> 0],[0 -> 0|1|0|1|2|3|4|5|6|7|8|9|2|0|1|2|3|4|3|4|5|6|7|8|9 -> 0],[1; 21; 1; 1; 18; 1],0.104,,,,,,,,0,0,,,,,,,
diamond,25,CREATE_DELETE,0.4,,,CREATE_DELETE,DELETE_CREATE,[0 -> 0|1|0|1|2|3|4|5|6|7|8|9|2|0|1|2|3|4|3|4|5|6|7|8|9 -> 0],[0 -> 0|1|0|1|2|3|4|5|6|7|8|9|2|0|1|2|3|4|3|4|5|6|7|8|9 -> 0],[2; 21; 14; 2],0.096,,,,,,,,0,0,,,,,,,
diamond,25,CREATE_DELETE,0.4,,,CREATE_DELETE,NOOP,[0 -> 0|1|0|1|2|3|4|5|6|7|8|9|2|0|1|2|3|4|3|4|5|6|7|8|9 -> 0],[0 -> 0|1|0|1|2|3|4|5|6|7|8|9|2|0|1|2|3|4|3|4|5|6|7|8|9 -> 0],[8; 21; 12; 1],0.104,,,,FALSE,2.955,,,7,0,,,,,,,
diamond,25,CREATE_DELETE,0.4,,,CREATE_DELETE,UPDATE,[0 -> 0|1|0|1|2|3|4|5|6|7|8|9|2|0|1|2|3|4|3|4|5|6|7|8|9 -> 0],[0 -> 0|1|0|1|2|3|4|5|6|7|8|9|2|0|1|2|3|4|3|4|5|6|7|8|9 -> 0],[2; 18; 13; 1],0.1,,,,FALSE,3.015,,,1,0,,,,,,,
diamond,25,CREATE_DELETE,0.4,,,DELETE_CREATE,CREATE_DELETE,[0 -> 0|1|0|1|2|3|4|5|6|7|8|9|2|0|1|2|3|4|3|4|5|6|7|8|9 -> 0],[0 -> 0|1|0|1|2|3|4|5|6|7|8|9|2|0|1|2|3|4|3|4|5|6|7|8|9 -> 0],[1; 20; 1; 1; 14; 1],0.1,,,,,,,,0,0,,,,,,,
diamond,25,CREATE_DELETE,0.4,,,DELETE_CREATE,DELETE_CREATE,[0 -> 0|1|0|1|2|3|4|5|6|7|8|9|2|0|1|2|3|4|3|4|5|6|7|8|9 -> 0],[0 -> 0|1|0|1|2|3|4|5|6|7|8|9|2|0|1|2|3|4|3|4|5|6|7|8|9 -> 0],[2; 20; 15; 2],0.1,,,,,,,,0,0,,,,,,,
diamond,25,CREATE_DELETE,0.4,,,DELETE_CREATE,NOOP,[0 -> 0|1|0|1|2|3|4|5|6|7|8|9|2|0|1|2|3|4|3|4|5|6|7|8|9 -> 0],[0 -> 0|1|0|1|2|3|4|5|6|7|8|9|2|0|1|2|3|4|3|4|5|6|7|8|9 -> 0],[9; 18; 6; 1],0.104,,,,FALSE,1.703,,,8,0,,,,,,,
diamond,25,CREATE_DELETE,0.4,,,DELETE_CREATE,UPDATE,[0 -> 0|1|0|1|2|3|4|5|6|7|8|9|2|0|1|2|3|4|3|4|5|6|7|8|9 -> 0],[0 -> 0|1|0|1|2|3|4|5|6|7|8|9|2|0|1|2|3|4|3|4|5|6|7|8|9 -> 0],[7; 21; 11; 1],0.096,,,,FALSE,2.574,,,6,0,,,,,,,
diamond,25,CREATE_DELETE,0.4,,,NOOP,CREATE_DELETE,[0 -> 0|1|0|1|2|3|4|5|6|7|8|9|2|0|1|2|3|4|3|4|5|6|7|8|9 -> 0],[0 -> 0|1|0|1|2|3|4|5|6|7|8|9|2|0|1|2|3|4|3|4|5|6|7|8|9 -> 0],[21; 1; 1; 12],0.096,,,,,,,,0,0,,,,,,,
diamond,25,CREATE_DELETE,0.4,,,NOOP,DELETE_CREATE,[0 -> 0|1|0|1|2|3|4|5|6|7|8|9|2|0|1|2|3|4|3|4|5|6|7|8|9 -> 0],[0 -> 0|1|0|1|2|3|4|5|6|7|8|9|2|0|1|2|3|4|3|4|5|6|7|8|9 -> 0],[18; 13; 2; 1],0.096,,,,,,,,0,0,,,,,,,
diamond,25,CREATE_DELETE,0.4,,,NOOP,NOOP,[0 -> 0|1|0|1|2|3|4|5|6|7|8|9|2|0|1|2|3|4|3|4|5|6|7|8|9 -> 0],[0 -> 0|1|0|1|2|3|4|5|6|7|8|9|2|0|1|2|3|4|3|4|5|6|7|8|9 -> 0],[20; 17],0.096,,,,FALSE,2.441,,,5,0,,,,,,,
diamond,25,CREATE_DELETE,0.4,,,NOOP,UPDATE,[0 -> 0|1|0|1|2|3|4|5|6|7|8|9|2|0|1|2|3|4|3|4|5|6|7|8|9 -> 0],[0 -> 0|1|0|1|2|3|4|5|6|7|8|9|2|0|1|2|3|4|3|4|5|6|7|8|9 -> 0],[18; 14; 1],0.092,,,,FALSE,2.199,,,4,0,,,,,,,
diamond,25,CREATE_DELETE,0.4,,,UPDATE,CREATE_DELETE,[0 -> 0|1|0|1|2|3|4|5|6|7|8|9|2|0|1|2|3|4|3|4|5|6|7|8|9 -> 0],[0 -> 0|1|0|1|2|3|4|5|6|7|8|9|2|0|1|2|3|4|3|4|5|6|7|8|9 -> 0],[1; 21; 1; 1; 18],0.104,,,,,,,,0,0,,,,,,,
diamond,25,CREATE_DELETE,0.4,,,UPDATE,DELETE_CREATE,[0 -> 0|1|0|1|2|3|4|5|6|7|8|9|2|0|1|2|3|4|3|4|5|6|7|8|9 -> 0],[0 -> 0|1|0|1|2|3|4|5|6|7|8|9|2|0|1|2|3|4|3|4|5|6|7|8|9 -> 0],[2; 22; 15; 1],0.104,,,,,,,,0,0,,,,,,,
diamond,25,CREATE_DELETE,0.4,,,UPDATE,NOOP,[0 -> 0|1|0|1|2|3|4|5|6|7|8|9|2|0|1|2|3|4|3|4|5|6|7|8|9 -> 0],[0 -> 0|1|0|1|2|3|4|5|6|7|8|9|2|0|1|2|3|4|3|4|5|6|7|8|9 -> 0],[6; 20; 6],0.088,,,,FALSE,1.881,,,5,0,,,,,,,
diamond,25,CREATE_DELETE,0.4,,,UPDATE,UPDATE,[0 -> 0|1|0|1|2|3|4|5|6|7|8|9|2|0|1|2|3|4|3|4|5|6|7|8|9 -> 0],[0 -> 0|1|0|1|2|3|4|5|6|7|8|9|2|0|1|2|3|4|3|4|5|6|7|8|9 -> 0],[9; 22; 9],0.092,,,,FALSE,2.209,,,8,0,,,,,,,
diamond,25,CREATE_DELETE,0.7,,,CREATE_DELETE,CREATE_DELETE,[0 -> 0|1|0|1|2|3|4|5|6|7|8|9|2|0|1|2|3|4|3|4|5|6|7|8|9 -> 0],[0 -> 0|1|0|1|2|3|4|5|6|7|8|9|2|0|1|2|3|4|3|4|5|6|7|8|9 -> 0],[1; 24; 1; 1; 22; 1],0.12,,,,,,,,0,0.001,,,,,,,
diamond,25,CREATE_DELETE,0.7,,,CREATE_DELETE,DELETE_CREATE,[0 -> 0|1|0|1|2|3|4|5|6|7|8|9|2|0|1|2|3|4|3|4|5|6|7|8|9 -> 0],[0 -> 0|1|0|1|2|3|4|5|6|7|8|9|2|0|1|2|3|4|3|4|5|6|7|8|9 -> 0],[2; 19; 17; 1],0.112,,,,,,,,0,0,,,,,,,
diamond,25,CREATE_DELETE,0.7,,,CREATE_DELETE,NOOP,[0 -> 0|1|0|1|2|3|4|5|6|7|8|9|2|0|1|2|3|4|3|4|5|6|7|8|9 -> 0],[0 -> 0|1|0|1|2|3|4|5|6|7|8|9|2|0|1|2|3|4|3|4|5|6|7|8|9 -> 0],[1; 20; 19; 1],0.1,,,,,,,,0,0,,,,,,,
diamond,25,CREATE_DELETE,0.7,,,CREATE_DELETE,UPDATE,[0 -> 0|1|0|1|2|3|4|5|6|7|8|9|2|0|1|2|3|4|3|4|5|6|7|8|9 -> 0],[0 -> 0|1|0|1|2|3|4|5|6|7|8|9|2|0|1|2|3|4|3|4|5|6|7|8|9 -> 0],[3; 24; 21; 1],0.108,,,,FALSE,5.003,,,2,0,,,,,,,
diamond,25,CREATE_DELETE,0.7,,,DELETE_CREATE,CREATE_DELETE,[0 -> 0|1|0|1|2|3|4|5|6|7|8|9|2|0|1|2|3|4|3|4|5|6|7|8|9 -> 0],[0 -> 0|1|0|1|2|3|4|5|6|7|8|9|2|0|1|2|3|4|3|4|5|6|7|8|9 -> 0],[1; 22; 1; 1; 22; 1],0.1,,,,,,,,0,0,,,,,,,
diamond,25,CREATE_DELETE,0.7,,,DELETE_CREATE,DELETE_CREATE,[0 -> 0|1|0|1|2|3|4|5|6|7|8|9|2|0|1|2|3|4|3|4|5|6|7|8|9 -> 0],[0 -> 0|1|0|1|2|3|4|5|6|7|8|9|2|0|1|2|3|4|3|4|5|6|7|8|9 -> 0],[2; 23; 19; 2],0.112,,,,,,,,0,0,,,,,,,
diamond,25,CREATE_DELETE,0.7,,,DELETE_CREATE,NOOP,[0 -> 0|1|0|1|2|3|4|5|6|7|8|9|2|0|1|2|3|4|3|4|5|6|7|8|9 -> 0],[0 -> 0|1|0|1|2|3|4|5|6|7|8|9|2|0|1|2|3|4|3|4|5|6|7|8|9 -> 0],[4; 23; 16; 1],0.104,,,,FALSE,3.535,,,3,0,,,,,,,
diamond,25,CREATE_DELETE,0.7,,,DELETE_CREATE,UPDATE,[0 -> 0|1|0|1|2|3|4|5|6|7|8|9|2|0|1|2|3|4|3|4|5|6|7|8|9 -> 0],[0 -> 0|1|0|1|2|3|4|5|6|7|8|9|2|0|1|2|3|4|3|4|5|6|7|8|9 -> 0],[2; 22; 20; 1],0.104,,,,FALSE,5.133,,,1,0,,,,,,,
diamond,25,CREATE_DELETE,0.7,,,NOOP,CREATE_DELETE,[0 -> 0|1|0|1|2|3|4|5|6|7|8|9|2|0|1|2|3|4|3|4|5|6|7|8|9 -> 0],[0 -> 0|1|0|1|2|3|4|5|6|7|8|9|2|0|1|2|3|4|3|4|5|6|7|8|9 -> 0],[20; 1; 1; 18],0.104,,,,,,,,0,0,,,,,,,
diamond,25,CREATE_DELETE,0.7,,,NOOP,DELETE_CREATE,[0 -> 0|1|0|1|2|3|4|5|6|7|8|9|2|0|1|2|3|4|3|4|5|6|7|8|9 -> 0],[0 -> 0|1|0|1|2|3|4|5|6|7|8|9|2|0|1|2|3|4|3|4|5|6|7|8|9 -> 0],[23; 20; 2; 1],0.1,,,,,,,,0,0,,,,,,,
diamond,25,CREATE_DELETE,0.7,,,NOOP,NOOP,[0 -> 0|1|0|1|2|3|4|5|6|7|8|9|2|0|1|2|3|4|3|4|5|6|7|8|9 -> 0],[0 -> 0|1|0|1|2|3|4|5|6|7|8|9|2|0|1|2|3|4|3|4|5|6|7|8|9 -> 0],[24; 23],0.104,,,,FALSE,4.189,,,3,0,,,,,,,
diamond,25,CREATE_DELETE,0.7,,,NOOP,UPDATE,[0 -> 0|1|0|1|2|3|4|5|6|7|8|9|2|0|1|2|3|4|3|4|5|6|7|8|9 -> 0],[0 -> 0|1|0|1|2|3|4|5|6|7|8|9|2|0|1|2|3|4|3|4|5|6|7|8|9 -> 0],[21; 16; 1],0.104,,,,FALSE,2.848,,,3,0,,,,,,,
diamond,25,CREATE_DELETE,0.7,,,UPDATE,CREATE_DELETE,[0 -> 0|1|0|1|2|3|4|5|6|7|8|9|2|0|1|2|3|4|3|4|5|6|7|8|9 -> 0],[0 -> 0|1|0|1|2|3|4|5|6|7|8|9|2|0|1|2|3|4|3|4|5|6|7|8|9 -> 0],[1; 23; 1; 1; 20],0.108,,,,,,,,0,0.001,,,,,,,
diamond,25,CREATE_DELETE,0.7,,,UPDATE,DELETE_CREATE,[0 -> 0|1|0|1|2|3|4|5|6|7|8|9|2|0|1|2|3|4|3|4|5|6|7|8|9 -> 0],[0 -> 0|1|0|1|2|3|4|5|6|7|8|9|2|0|1|2|3|4|3|4|5|6|7|8|9 -> 0],[2; 24; 22; 1],0.108,,,,,,,,0,0,,,,,,,
diamond,25,CREATE_DELETE,0.7,,,UPDATE,NOOP,[0 -> 0|1|0|1|2|3|4|5|6|7|8|9|2|0|1|2|3|4|3|4|5|6|7|8|9 -> 0],[0 -> 0|1|0|1|2|3|4|5|6|7|8|9|2|0|1|2|3|4|3|4|5|6|7|8|9 -> 0],[4; 23; 18],0.108,,,,FALSE,4.226,,,3,0,,,,,,,
diamond,25,CREATE_DELETE,0.7,,,UPDATE,UPDATE,[0 -> 0|1|0|1|2|3|4|5|6|7|8|9|2|0|1|2|3|4|3|4|5|6|7|8|9 -> 0],[0 -> 0|1|0|1|2|3|4|5|6|7|8|9|2|0|1|2|3|4|3|4|5|6|7|8|9 -> 0],[4; 24; 18],0.092,,,,FALSE,3.9,,,3,0,,,,,,,
diamond,30,UPDATE,0.4,,,CREATE_DELETE,CREATE_DELETE,[0 -> 0|1|0|1|2|3|4|5|6|7|8|9|2|0|1|2|3|4|5|6|7|8|9|3|4|5|6|7|8|9 -> 0],[0 -> 0|1|0|1|2|3|4|5|6|7|8|9|2|0|1|2|3|4|5|6|7|8|9|3|4|5|6|7|8|9 -> 0],[1; 22; 1; 1; 11; 1],0.144,,,,,,,,0,0,,,,,,,
diamond,30,UPDATE,0.4,,,CREATE_DELETE,DELETE_CREATE,[0 -> 0|1|0|1|2|3|4|5|6|7|8|9|2|0|1|2|3|4|5|6|7|8|9|3|4|5|6|7|8|9 -> 0],[0 -> 0|1|0|1|2|3|4|5|6|7|8|9|2|0|1|2|3|4|5|6|7|8|9|3|4|5|6|7|8|9 -> 0],[2; 27; 10; 2],0.164,,,,,,,,0,0,,,,,,,
diamond,30,UPDATE,0.4,,,CREATE_DELETE,NOOP,[0 -> 0|1|0|1|2|3|4|5|6|7|8|9|2|0|1|2|3|4|5|6|7|8|9|3|4|5|6|7|8|9 -> 0],[0 -> 0|1|0|1|2|3|4|5|6|7|8|9|2|0|1|2|3|4|5|6|7|8|9|3|4|5|6|7|8|9 -> 0],[8; 19; 3; 1],0.16,,,,FALSE,2.39,,,7,0,,,,,,,
diamond,30,UPDATE,0.4,,,CREATE_DELETE,UPDATE,[0 -> 0|1|0|1|2|3|4|5|6|7|8|9|2|0|1|2|3|4|5|6|7|8|9|3|4|5|6|7|8|9 -> 0],[0 -> 0|1|0|1|2|3|4|5|6|7|8|9|2|0|1|2|3|4|5|6|7|8|9|3|4|5|6|7|8|9 -> 0],[4; 21; 6; 1],0.144,,,,FALSE,3.231,,,3,0,,,,,,,
diamond,30,UPDATE,0.4,,,DELETE_CREATE,CREATE_DELETE,[0 -> 0|1|0|1|2|3|4|5|6|7|8|9|2|0|1|2|3|4|5|6|7|8|9|3|4|5|6|7|8|9 -> 0],[0 -> 0|1|0|1|2|3|4|5|6|7|8|9|2|0|1|2|3|4|5|6|7|8|9|3|4|5|6|7|8|9 -> 0],[1; 25; 1; 1; 13; 1],0.164,,,,,,,,0,0,,,,,,,
diamond,30,UPDATE,0.4,,,DELETE_CREATE,DELETE_CREATE,[0 -> 0|1|0|1|2|3|4|5|6|7|8|9|2|0|1|2|3|4|5|6|7|8|9|3|4|5|6|7|8|9 -> 0],[0 -> 0|1|0|1|2|3|4|5|6|7|8|9|2|0|1|2|3|4|5|6|7|8|9|3|4|5|6|7|8|9 -> 0],[2; 21; 10; 2],0.164,,,,,,,,0,0,,,,,,,
diamond,30,UPDATE,0.4,,,DELETE_CREATE,NOOP,[0 -> 0|1|0|1|2|3|4|5|6|7|8|9|2|0|1|2|3|4|5|6|7|8|9|3|4|5|6|7|8|9 -> 0],[0 -> 0|1|0|1|2|3|4|5|6|7|8|9|2|0|1|2|3|4|5|6|7|8|9|3|4|5|6|7|8|9 -> 0],[7; 24; 9; 1],0.148,,,,FALSE,3.909,,,6,0,,,,,,,
diamond,30,UPDATE,0.4,,,DELETE_CREATE,UPDATE,[0 -> 0|1|0|1|2|3|4|5|6|7|8|9|2|0|1|2|3|4|5|6|7|8|9|3|4|5|6|7|8|9 -> 0],[0 -> 0|1|0|1|2|3|4|5|6|7|8|9|2|0|1|2|3|4|5|6|7|8|9|3|4|5|6|7|8|9 -> 0],[9; 24; 5; 1],0.152,,,,FALSE,3.164,,,8,0.001,,,,,,,
diamond,30,UPDATE,0.4,,,NOOP,CREATE_DELETE,[0 -> 0|1|0|1|2|3|4|5|6|7|8|9|2|0|1|2|3|4|5|6|7|8|9|3|4|5|6|7|8|9 -> 0],[0 -> 0|1|0|1|2|3|4|5|6|7|8|9|2|0|1|2|3|4|5|6|7|8|9|3|4|5|6|7|8|9 -> 0],[25; 1; 1; 13],0.156,,,,,,,,0,0,,,,,,,
diamond,30,UPDATE,0.4,,,NOOP,DELETE_CREATE,[0 -> 0|1|0|1|2|3|4|5|6|7|8|9|2|0|1|2|3|4|5|6|7|8|9|3|4|5|6|7|8|9 -> 0],[0 -> 0|1|0|1|2|3|4|5|6|7|8|9|2|0|1|2|3|4|5|6|7|8|9|3|4|5|6|7|8|9 -> 0],[17; 7; 5; 1],0.14,,,,,,,,0,0,,,,,,,
diamond,30,UPDATE,0.4,,,NOOP,NOOP,[0 -> 0|1|0|1|2|3|4|5|6|7|8|9|2|0|1|2|3|4|5|6|7|8|9|3|4|5|6|7|8|9 -> 0],[0 -> 0|1|0|1|2|3|4|5|6|7|8|9|2|0|1|2|3|4|5|6|7|8|9|3|4|5|6|7|8|9 -> 0],[25; 11],0.156,,,,FALSE,3.307,,,6,0,,,,,,,
diamond,30,UPDATE,0.4,,,NOOP,UPDATE,[0 -> 0|1|0|1|2|3|4|5|6|7|8|9|2|0|1|2|3|4|5|6|7|8|9|3|4|5|6|7|8|9 -> 0],[0 -> 0|1|0|1|2|3|4|5|6|7|8|9|2|0|1|2|3|4|5|6|7|8|9|3|4|5|6|7|8|9 -> 0],[25; 12; 1],0.164,,,,FALSE,3.585,,,6,0,,,,,,,
diamond,30,UPDATE,0.4,,,UPDATE,CREATE_DELETE,[0 -> 0|1|0|1|2|3|4|5|6|7|8|9|2|0|1|2|3|4|5|6|7|8|9|3|4|5|6|7|8|9 -> 0],[0 -> 0|1|0|1|2|3|4|5|6|7|8|9|2|0|1|2|3|4|5|6|7|8|9|3|4|5|6|7|8|9 -> 0],[1; 22; 1; 1; 9],0.148,,,,,,,,0,0,,,,,,,
diamond,30,UPDATE,0.4,,,UPDATE,DELETE_CREATE,[0 -> 0|1|0|1|2|3|4|5|6|7|8|9|2|0|1|2|3|4|5|6|7|8|9|3|4|5|6|7|8|9 -> 0],[0 -> 0|1|0|1|2|3|4|5|6|7|8|9|2|0|1|2|3|4|5|6|7|8|9|3|4|5|6|7|8|9 -> 0],[2; 20; 8; 1],0.148,,,,,,,,0,0,,,,,,,
diamond,30,UPDATE,0.4,,,UPDATE,NOOP,[0 -> 0|1|0|1|2|3|4|5|6|7|8|9|2|0|1|2|3|4|5|6|7|8|9|3|4|5|6|7|8|9 -> 0],[0 -> 0|1|0|1|2|3|4|5|6|7|8|9|2|0|1|2|3|4|5|6|7|8|9|3|4|5|6|7|8|9 -> 0],[7; 23; 6],0.144,,,,FALSE,3.234,,,6,0,,,,,,,
diamond,30,UPDATE,0.4,,,UPDATE,UPDATE,[0 -> 0|1|0|1|2|3|4|5|6|7|8|9|2|0|1|2|3|4|5|6|7|8|9|3|4|5|6|7|8|9 -> 0],[0 -> 0|1|0|1|2|3|4|5|6|7|8|9|2|0|1|2|3|4|5|6|7|8|9|3|4|5|6|7|8|9 -> 0],[7; 25; 8],0.156,,,,FALSE,3.821,,,6,0,,,,,,,
diamond,30,UPDATE,0.7,,,CREATE_DELETE,CREATE_DELETE,[0 -> 0|1|0|1|2|3|4|5|6|7|8|9|2|0|1|2|3|4|5|6|7|8|9|3|4|5|6|7|8|9 -> 0],[0 -> 0|1|0|1|2|3|4|5|6|7|8|9|2|0|1|2|3|4|5|6|7|8|9|3|4|5|6|7|8|9 -> 0],[1; 26; 1; 1; 5; 1],0.156,,,,,,,,0,0,,,,,,,
diamond,30,UPDATE,0.7,,,CREATE_DELETE,DELETE_CREATE,[0 -> 0|1|0|1|2|3|4|5|6|7|8|9|2|0|1|2|3|4|5|6|7|8|9|3|4|5|6|7|8|9 -> 0],[0 -> 0|1|0|1|2|3|4|5|6|7|8|9|2|0|1|2|3|4|5|6|7|8|9|3|4|5|6|7|8|9 -> 0],[2; 24; 6; 2],0.152,,,,,,,,0,0,,,,,,,
diamond,30,UPDATE,0.7,,,CREATE_DELETE,NOOP,[0 -> 0|1|0|1|2|3|4|5|6|7|8|9|2|0|1|2|3|4|5|6|7|8|9|3|4|5|6|7|8|9 -> 0],[0 -> 0|1|0|1|2|3|4|5|6|7|8|9|2|0|1|2|3|4|5|6|7|8|9|3|4|5|6|7|8|9 -> 0],[2; 25; 4; 1],0.14,,,,FALSE,3.828,,,1,0,,,,,,,
diamond,30,UPDATE,0.7,,,CREATE_DELETE,UPDATE,[0 -> 0|1|0|1|2|3|4|5|6|7|8|9|2|0|1|2|3|4|5|6|7|8|9|3|4|5|6|7|8|9 -> 0],[0 -> 0|1|0|1|2|3|4|5|6|7|8|9|2|0|1|2|3|4|5|6|7|8|9|3|4|5|6|7|8|9 -> 0],[2; 27; 2; 1],0.156,,,,FALSE,3.609,,,1,0,,,,,,,
diamond,30,UPDATE,0.7,,,DELETE_CREATE,CREATE_DELETE,[0 -> 0|1|0|1|2|3|4|5|6|7|8|9|2|0|1|2|3|4|5|6|7|8|9|3|4|5|6|7|8|9 -> 0],[0 -> 0|1|0|1|2|3|4|5|6|7|8|9|2|0|1|2|3|4|5|6|7|8|9|3|4|5|6|7|8|9 -> 0],[1; 25; 1; 1; 9; 1],0.156,,,,,,,,0,0,,,,,,,
diamond,30,UPDATE,0.7,,,DELETE_CREATE,DELETE_CREATE,[0 -> 0|1|0|1|2|3|4|5|6|7|8|9|2|0|1|2|3|4|5|6|7|8|9|3|4|5|6|7|8|9 -> 0],[0 -> 0|1|0|1|2|3|4|5|6|7|8|9|2|0|1|2|3|4|5|6|7|8|9|3|4|5|6|7|8|9 -> 0],[2; 24; 3; 2],0.148,,,,,,,,0,0,,,,,,,
diamond,30,UPDATE,0.7,,,DELETE_CREATE,NOOP,[0 -> 0|1|0|1|2|3|4|5|6|7|8|9|2|0|1|2|3|4|5|6|7|8|9|3|4|5|6|7|8|9 -> 0],[0 -> 0|1|0|1|2|3|4|5|6|7|8|9|2|0|1|2|3|4|5|6|7|8|9|3|4|5|6|7|8|9 -> 0],[8; 27; 3; 1],0.16,,,,FALSE,3.534,,,7,0,,,,,,,
diamond,30,UPDATE,0.7,,,DELETE_CREATE,UPDATE,[0 -> 0|1|0|1|2|3|4|5|6|7|8|9|2|0|1|2|3|4|5|6|7|8|9|3|4|5|6|7|8|9 -> 0],[0 -> 0|1|0|1|2|3|4|5|6|7|8|9|2|0|1|2|3|4|5|6|7|8|9|3|4|5|6|7|8|9 -> 0],[1; 28; 5; 1],0.14,,,,,,,,0,0,,,,,,,
diamond,30,UPDATE,0.7,,,NOOP,CREATE_DELETE,[0 -> 0|1|0|1|2|3|4|5|6|7|8|9|2|0|1|2|3|4|5|6|7|8|9|3|4|5|6|7|8|9 -> 0],[0 -> 0|1|0|1|2|3|4|5|6|7|8|9|2|0|1|2|3|4|5|6|7|8|9|3|4|5|6|7|8|9 -> 0],[25; 1; 1; 5],0.136,,,,,,,,0,0,,,,,,,
diamond,30,UPDATE,0.7,,,NOOP,DELETE_CREATE,[0 -> 0|1|0|1|2|3|4|5|6|7|8|9|2|0|1|2|3|4|5|6|7|8|9|3|4|5|6|7|8|9 -> 0],[0 -> 0|1|0|1|2|3|4|5|6|7|8|9|2|0|1|2|3|4|5|6|7|8|9|3|4|5|6|7|8|9 -> 0],[28; 6; 1; 1],0.156,,,,,,,,0,0,,,,,,,
diamond,30,UPDATE,0.7,,,NOOP,NOOP,[0 -> 0|1|0|1|2|3|4|5|6|7|8|9|2|0|1|2|3|4|5|6|7|8|9|3|4|5|6|7|8|9 -> 0],[0 -> 0|1|0|1|2|3|4|5|6|7|8|9|2|0|1|2|3|4|5|6|7|8|9|3|4|5|6|7|8|9 -> 0],[26; 7],0.14,,,,FALSE,3.33,,,4,0,,,,,,,
diamond,30,UPDATE,0.7,,,NOOP,UPDATE,[0 -> 0|1|0|1|2|3|4|5|6|7|8|9|2|0|1|2|3|4|5|6|7|8|9|3|4|5|6|7|8|9 -> 0],[0 -> 0|1|0|1|2|3|4|5|6|7|8|9|2|0|1|2|3|4|5|6|7|8|9|3|4|5|6|7|8|9 -> 0],[27; 4],0.16,,,,,,,,0,0,,,,,,,
diamond,30,UPDATE,0.7,,,UPDATE,CREATE_DELETE,[0 -> 0|1|0|1|2|3|4|5|6|7|8|9|2|0|1|2|3|4|5|6|7|8|9|3|4|5|6|7|8|9 -> 0],[0 -> 0|1|0|1|2|3|4|5|6|7|8|9|2|0|1|2|3|4|5|6|7|8|9|3|4|5|6|7|8|9 -> 0],[1; 25; 1; 1; 3],0.148,,,,,,,,0,0.001,,,,,,,
diamond,30,UPDATE,0.7,,,UPDATE,DELETE_CREATE,[0 -> 0|1|0|1|2|3|4|5|6|7|8|9|2|0|1|2|3|4|5|6|7|8|9|3|4|5|6|7|8|9 -> 0],[0 -> 0|1|0|1|2|3|4|5|6|7|8|9|2|0|1|2|3|4|5|6|7|8|9|3|4|5|6|7|8|9 -> 0],[2; 28; 4; 1],0.144,,,,,,,,0,0,,,,,,,
diamond,30,UPDATE,0.7,,,UPDATE,NOOP,[0 -> 0|1|0|1|2|3|4|5|6|7|8|9|2|0|1|2|3|4|5|6|7|8|9|3|4|5|6|7|8|9 -> 0],[0 -> 0|1|0|1|2|3|4|5|6|7|8|9|2|0|1|2|3|4|5|6|7|8|9|3|4|5|6|7|8|9 -> 0],[7; 28; 1],0.156,,,,FALSE,3.279,,,6,0,,,,,,,
diamond,30,UPDATE,0.7,,,UPDATE,UPDATE,[0 -> 0|1|0|1|2|3|4|5|6|7|8|9|2|0|1|2|3|4|5|6|7|8|9|3|4|5|6|7|8|9 -> 0],[0 -> 0|1|0|1|2|3|4|5|6|7|8|9|2|0|1|2|3|4|5|6|7|8|9|3|4|5|6|7|8|9 -> 0],[7; 30; 6],0.156,,,,FALSE,4.335,,,6,0,,,,,,,
diamond,30,NOOP,0.4,,,CREATE_DELETE,CREATE_DELETE,[0 -> 0|1|0|1|2|3|4|5|6|7|8|9|2|0|1|2|3|4|5|6|7|8|9|3|4|5|6|7|8|9 -> 0],[0 -> 0|1|0|1|2|3|4|5|6|7|8|9|2|0|1|2|3|4|5|6|7|8|9|3|4|5|6|7|8|9 -> 0],[1; 15; 1; 1; 12; 1],0.156,,,,,,,,0,0,,,,,,,
diamond,30,NOOP,0.4,,,CREATE_DELETE,DELETE_CREATE,[0 -> 0|1|0|1|2|3|4|5|6|7|8|9|2|0|1|2|3|4|5|6|7|8|9|3|4|5|6|7|8|9 -> 0],[0 -> 0|1|0|1|2|3|4|5|6|7|8|9|2|0|1|2|3|4|5|6|7|8|9|3|4|5|6|7|8|9 -> 0],[2; 14; 13; 2],0.16,,,,,,,,0,0,,,,,,,
diamond,30,NOOP,0.4,,,CREATE_DELETE,NOOP,[0 -> 0|1|0|1|2|3|4|5|6|7|8|9|2|0|1|2|3|4|5|6|7|8|9|3|4|5|6|7|8|9 -> 0],[0 -> 0|1|0|1|2|3|4|5|6|7|8|9|2|0|1|2|3|4|5|6|7|8|9|3|4|5|6|7|8|9 -> 0],[8; 18; 5; 1],0.16,,,,FALSE,2.394,,,7,0,,,,,,,
diamond,30,NOOP,0.4,,,CREATE_DELETE,UPDATE,[0 -> 0|1|0|1|2|3|4|5|6|7|8|9|2|0|1|2|3|4|5|6|7|8|9|3|4|5|6|7|8|9 -> 0],[0 -> 0|1|0|1|2|3|4|5|6|7|8|9|2|0|1|2|3|4|5|6|7|8|9|3|4|5|6|7|8|9 -> 0],[5; 18; 9; 1],0.144,,,,FALSE,3.221,,,4,0,,,,,,,
diamond,30,NOOP,0.4,,,DELETE_CREATE,CREATE_DELETE,[0 -> 0|1|0|1|2|3|4|5|6|7|8|9|2|0|1|2|3|4|5|6|7|8|9|3|4|5|6|7|8|9 -> 0],[0 -> 0|1|0|1|2|3|4|5|6|7|8|9|2|0|1|2|3|4|5|6|7|8|9|3|4|5|6|7|8|9 -> 0],[1; 15; 1; 1; 12; 1],0.156,,,,,,,,0,0,,,,,,,
diamond,30,NOOP,0.4,,,DELETE_CREATE,DELETE_CREATE,[0 -> 0|1|0|1|2|3|4|5|6|7|8|9|2|0|1|2|3|4|5|6|7|8|9|3|4|5|6|7|8|9 -> 0],[0 -> 0|1|0|1|2|3|4|5|6|7|8|9|2|0|1|2|3|4|5|6|7|8|9|3|4|5|6|7|8|9 -> 0],[2; 23; 17; 2],0.172,,,,,,,,0,0,,,,,,,
diamond,30,NOOP,0.4,,,DELETE_CREATE,NOOP,[0 -> 0|1|0|1|2|3|4|5|6|7|8|9|2|0|1|2|3|4|5|6|7|8|9|3|4|5|6|7|8|9 -> 0],[0 -> 0|1|0|1|2|3|4|5|6|7|8|9|2|0|1|2|3|4|5|6|7|8|9|3|4|5|6|7|8|9 -> 0],[7; 16; 6; 1],0.148,,,,FALSE,2.27,,,6,0,,,,,,,
diamond,30,NOOP,0.4,,,DELETE_CREATE,UPDATE,[0 -> 0|1|0|1|2|3|4|5|6|7|8|9|2|0|1|2|3|4|5|6|7|8|9|3|4|5|6|7|8|9 -> 0],[0 -> 0|1|0|1|2|3|4|5|6|7|8|9|2|0|1|2|3|4|5|6|7|8|9|3|4|5|6|7|8|9 -> 0],[7; 16; 6; 1],0.168,,,,FALSE,2.373,,,6,0,,,,,,,
diamond,30,NOOP,0.4,,,NOOP,CREATE_DELETE,[0 -> 0|1|0|1|2|3|4|5|6|7|8|9|2|0|1|2|3|4|5|6|7|8|9|3|4|5|6|7|8|9 -> 0],[0 -> 0|1|0|1|2|3|4|5|6|7|8|9|2|0|1|2|3|4|5|6|7|8|9|3|4|5|6|7|8|9 -> 0],[18; 1; 1; 12],0.152,,,,,,,,0,0,,,,,,,
diamond,30,NOOP,0.4,,,NOOP,DELETE_CREATE,[0 -> 0|1|0|1|2|3|4|5|6|7|8|9|2|0|1|2|3|4|5|6|7|8|9|3|4|5|6|7|8|9 -> 0],[0 -> 0|1|0|1|2|3|4|5|6|7|8|9|2|0|1|2|3|4|5|6|7|8|9|3|4|5|6|7|8|9 -> 0],[15; 13; 7; 1],0.148,,,,,,,,0,0,,,,,,,
diamond,30,NOOP,0.4,,,NOOP,NOOP,[0 -> 0|1|0|1|2|3|4|5|6|7|8|9|2|0|1|2|3|4|5|6|7|8|9|3|4|5|6|7|8|9 -> 0],[0 -> 0|1|0|1|2|3|4|5|6|7|8|9|2|0|1|2|3|4|5|6|7|8|9|3|4|5|6|7|8|9 -> 0],[19; 15],0.16,,,,FALSE,3.069,,,7,0,,,,,,,
diamond,30,NOOP,0.4,,,NOOP,UPDATE,[0 -> 0|1|0|1|2|3|4|5|6|7|8|9|2|0|1|2|3|4|5|6|7|8|9|3|4|5|6|7|8|9 -> 0],[0 -> 0|1|0|1|2|3|4|5|6|7|8|9|2|0|1|2|3|4|5|6|7|8|9|3|4|5|6|7|8|9 -> 0],[20; 11; 1],0.148,,,,FALSE,3.118,,,4,0,,,,,,,
diamond,30,NOOP,0.4,,,UPDATE,CREATE_DELETE,[0 -> 0|1|0|1|2|3|4|5|6|7|8|9|2|0|1|2|3|4|5|6|7|8|9|3|4|5|6|7|8|9 -> 0],[0 -> 0|1|0|1|2|3|4|5|6|7|8|9|2|0|1|2|3|4|5|6|7|8|9|3|4|5|6|7|8|9 -> 0],[1; 17; 1; 1; 11],0.152,,,,,,,,0,0,,,,,,,
diamond,30,NOOP,0.4,,,UPDATE,DELETE_CREATE,[0 -> 0|1|0|1|2|3|4|5|6|7|8|9|2|0|1|2|3|4|5|6|7|8|9|3|4|5|6|7|8|9 -> 0],[0 -> 0|1|0|1|2|3|4|5|6|7|8|9|2|0|1|2|3|4|5|6|7|8|9|3|4|5|6|7|8|9 -> 0],[2; 20; 13; 1],0.156,,,,,,,,0,0,,,,,,,
diamond,30,NOOP,0.4,,,UPDATE,NOOP,[0 -> 0|1|0|1|2|3|4|5|6|7|8|9|2|0|1|2|3|4|5|6|7|8|9|3|4|5|6|7|8|9 -> 0],[0 -> 0|1|0|1|2|3|4|5|6|7|8|9|2|0|1|2|3|4|5|6|7|8|9|3|4|5|6|7|8|9 -> 0],[8; 19; 7],0.152,,,,FALSE,2.714,,,7,0,,,,,,,
diamond,30,NOOP,0.4,,,UPDATE,UPDATE,[0 -> 0|1|0|1|2|3|4|5|6|7|8|9|2|0|1|2|3|4|5|6|7|8|9|3|4|5|6|7|8|9 -> 0],[0 -> 0|1|0|1|2|3|4|5|6|7|8|9|2|0|1|2|3|4|5|6|7|8|9|3|4|5|6|7|8|9 -> 0],[10; 21; 7],0.152,,,,FALSE,2.843,,,9,0,,,,,,,
diamond,30,NOOP,0.7,,,CREATE_DELETE,CREATE_DELETE,[0 -> 0|1|0|1|2|3|4|5|6|7|8|9|2|0|1|2|3|4|5|6|7|8|9|3|4|5|6|7|8|9 -> 0],[0 -> 0|1|0|1|2|3|4|5|6|7|8|9|2|0|1|2|3|4|5|6|7|8|9|3|4|5|6|7|8|9 -> 0],[1; 5; 1; 1; 3; 1],0.14,,,,,,,,0,0,,,,,,,
diamond,30,NOOP,0.7,,,CREATE_DELETE,DELETE_CREATE,[0 -> 0|1|0|1|2|3|4|5|6|7|8|9|2|0|1|2|3|4|5|6|7|8|9|3|4|5|6|7|8|9 -> 0],[0 -> 0|1|0|1|2|3|4|5|6|7|8|9|2|0|1|2|3|4|5|6|7|8|9|3|4|5|6|7|8|9 -> 0],[2; 9; 7; 2],0.164,,,,,,,,0,0,,,,,,,
diamond,30,NOOP,0.7,,,CREATE_DELETE,NOOP,[0 -> 0|1|0|1|2|3|4|5|6|7|8|9|2|0|1|2|3|4|5|6|7|8|9|3|4|5|6|7|8|9 -> 0],[0 -> 0|1|0|1|2|3|4|5|6|7|8|9|2|0|1|2|3|4|5|6|7|8|9|3|4|5|6|7|8|9 -> 0],[3; 8; 4; 1],0.14,,,,FALSE,1.48,,,2,0,,,,,,,
diamond,30,NOOP,0.7,,,CREATE_DELETE,UPDATE,[0 -> 0|1|0|1|2|3|4|5|6|7|8|9|2|0|1|2|3|4|5|6|7|8|9|3|4|5|6|7|8|9 -> 0],[0 -> 0|1|0|1|2|3|4|5|6|7|8|9|2|0|1|2|3|4|5|6|7|8|9|3|4|5|6|7|8|9 -> 0],[8; 11; 4; 1],0.164,,,,FALSE,1.329,,,7,0,,,,,,,
diamond,30,NOOP,0.7,,,DELETE_CREATE,CREATE_DELETE,[0 -> 0|1|0|1|2|3|4|5|6|7|8|9|2|0|1|2|3|4|5|6|7|8|9|3|4|5|6|7|8|9 -> 0],[0 -> 0|1|0|1|2|3|4|5|6|7|8|9|2|0|1|2|3|4|5|6|7|8|9|3|4|5|6|7|8|9 -> 0],[1; 14; 1; 1; 10; 1],0.16,,,,,,,,0,0,,,,,,,
diamond,30,NOOP,0.7,,,DELETE_CREATE,DELETE_CREATE,[0 -> 0|1|0|1|2|3|4|5|6|7|8|9|2|0|1|2|3|4|5|6|7|8|9|3|4|5|6|7|8|9 -> 0],[0 -> 0|1|0|1|2|3|4|5|6|7|8|9|2|0|1|2|3|4|5|6|7|8|9|3|4|5|6|7|8|9 -> 0],[2; 10; 4; 2],0.152,,,,,,,,0,0,,,,,,,
diamond,30,NOOP,0.7,,,DELETE_CREATE,NOOP,[0 -> 0|1|0|1|2|3|4|5|6|7|8|9|2|0|1|2|3|4|5|6|7|8|9|3|4|5|6|7|8|9 -> 0],[0 -> 0|1|0|1|2|3|4|5|6|7|8|9|2|0|1|2|3|4|5|6|7|8|9|3|4|5|6|7|8|9 -> 0],[4; 8; 1; 1],0.136,,,,FALSE,1.008,,,3,0,,,,,,,
diamond,30,NOOP,0.7,,,DELETE_CREATE,UPDATE,[0 -> 0|1|0|1|2|3|4|5|6|7|8|9|2|0|1|2|3|4|5|6|7|8|9|3|4|5|6|7|8|9 -> 0],[0 -> 0|1|0|1|2|3|4|5|6|7|8|9|2|0|1|2|3|4|5|6|7|8|9|3|4|5|6|7|8|9 -> 0],[8; 14; 5; 1],0.168,,,,FALSE,1.794,,,7,0,,,,,,,
diamond,30,NOOP,0.7,,,NOOP,CREATE_DELETE,[0 -> 0|1|0|1|2|3|4|5|6|7|8|9|2|0|1|2|3|4|5|6|7|8|9|3|4|5|6|7|8|9 -> 0],[0 -> 0|1|0|1|2|3|4|5|6|7|8|9|2|0|1|2|3|4|5|6|7|8|9|3|4|5|6|7|8|9 -> 0],[6; 1; 1; 5],0.14,,,,,,,,0,0,,,,,,,
diamond,30,NOOP,0.7,,,NOOP,DELETE_CREATE,[0 -> 0|1|0|1|2|3|4|5|6|7|8|9|2|0|1|2|3|4|5|6|7|8|9|3|4|5|6|7|8|9 -> 0],[0 -> 0|1|0|1|2|3|4|5|6|7|8|9|2|0|1|2|3|4|5|6|7|8|9|3|4|5|6|7|8|9 -> 0],[10; 11; 5; 1],0.164,,,,,,,,0,0,,,,,,,
diamond,30,NOOP,0.7,,,NOOP,NOOP,[0 -> 0|1|0|1|2|3|4|5|6|7|8|9|2|0|1|2|3|4|5|6|7|8|9|3|4|5|6|7|8|9 -> 0],[0 -> 0|1|0|1|2|3|4|5|6|7|8|9|2|0|1|2|3|4|5|6|7|8|9|3|4|5|6|7|8|9 -> 0],[9; 5],0.144,,,,FALSE,1.623,,,1,0,,,,,,,
diamond,30,NOOP,0.7,,,NOOP,UPDATE,[0 -> 0|1|0|1|2|3|4|5|6|7|8|9|2|0|1|2|3|4|5|6|7|8|9|3|4|5|6|7|8|9 -> 0],[0 -> 0|1|0|1|2|3|4|5|6|7|8|9|2|0|1|2|3|4|5|6|7|8|9|3|4|5|6|7|8|9 -> 0],[13; 8; 1],0.148,,,,FALSE,1.676,,,4,0,,,,,,,
diamond,30,NOOP,0.7,,,UPDATE,CREATE_DELETE,[0 -> 0|1|0|1|2|3|4|5|6|7|8|9|2|0|1|2|3|4|5|6|7|8|9|3|4|5|6|7|8|9 -> 0],[0 -> 0|1|0|1|2|3|4|5|6|7|8|9|2|0|1|2|3|4|5|6|7|8|9|3|4|5|6|7|8|9 -> 0],[1; 8; 1; 1; 4],0.136,,,,,,,,0,0,,,,,,,
diamond,30,NOOP,0.7,,,UPDATE,DELETE_CREATE,[0 -> 0|1|0|1|2|3|4|5|6|7|8|9|2|0|1|2|3|4|5|6|7|8|9|3|4|5|6|7|8|9 -> 0],[0 -> 0|1|0|1|2|3|4|5|6|7|8|9|2|0|1|2|3|4|5|6|7|8|9|3|4|5|6|7|8|9 -> 0],[2; 14; 10; 1],0.164,,,,,,,,0,0,,,,,,,
diamond,30,NOOP,0.7,,,UPDATE,NOOP,[0 -> 0|1|0|1|2|3|4|5|6|7|8|9|2|0|1|2|3|4|5|6|7|8|9|3|4|5|6|7|8|9 -> 0],[0 -> 0|1|0|1|2|3|4|5|6|7|8|9|2|0|1|2|3|4|5|6|7|8|9|3|4|5|6|7|8|9 -> 0],[4; 9; 1],0.152,,,,FALSE,1.135,,,3,0,,,,,,,
diamond,30,NOOP,0.7,,,UPDATE,UPDATE,[0 -> 0|1|0|1|2|3|4|5|6|7|8|9|2|0|1|2|3|4|5|6|7|8|9|3|4|5|6|7|8|9 -> 0],[0 -> 0|1|0|1|2|3|4|5|6|7|8|9|2|0|1|2|3|4|5|6|7|8|9|3|4|5|6|7|8|9 -> 0],[4; 11; 6],0.148,,,,FALSE,1.935,,,3,0,,,,,,,
diamond,30,DELETE_CREATE,0.4,,,CREATE_DELETE,CREATE_DELETE,[0 -> 0|1|0|1|2|3|4|5|6|7|8|9|2|0|1|2|3|4|5|6|7|8|9|3|4|5|6|7|8|9 -> 0],[0 -> 0|1|0|1|2|3|4|5|6|7|8|9|2|0|1|2|3|4|5|6|7|8|9|3|4|5|6|7|8|9 -> 0],[1; 23; 1; 1; 17; 1],0.168,,,,,,,,0,0.001,,,,,,,
diamond,30,DELETE_CREATE,0.4,,,CREATE_DELETE,DELETE_CREATE,[0 -> 0|1|0|1|2|3|4|5|6|7|8|9|2|0|1|2|3|4|5|6|7|8|9|3|4|5|6|7|8|9 -> 0],[0 -> 0|1|0|1|2|3|4|5|6|7|8|9|2|0|1|2|3|4|5|6|7|8|9|3|4|5|6|7|8|9 -> 0],[2; 23; 15; 2],0.164,,,,,,,,0,0,,,,,,,
diamond,30,DELETE_CREATE,0.4,,,CREATE_DELETE,NOOP,[0 -> 0|1|0|1|2|3|4|5|6|7|8|9|2|0|1|2|3|4|5|6|7|8|9|3|4|5|6|7|8|9 -> 0],[0 -> 0|1|0|1|2|3|4|5|6|7|8|9|2|0|1|2|3|4|5|6|7|8|9|3|4|5|6|7|8|9 -> 0],[13; 19; 4; 1],0.152,,,,FALSE,2.147,,,12,0,,,,,,,
diamond,30,DELETE_CREATE,0.4,,,CREATE_DELETE,UPDATE,[0 -> 0|1|0|1|2|3|4|5|6|7|8|9|2|0|1|2|3|4|5|6|7|8|9|3|4|5|6|7|8|9 -> 0],[0 -> 0|1|0|1|2|3|4|5|6|7|8|9|2|0|1|2|3|4|5|6|7|8|9|3|4|5|6|7|8|9 -> 0],[7; 24; 10; 1],0.172,,,,FALSE,4.143,,,6,0,,,,,,,
diamond,30,DELETE_CREATE,0.4,,,DELETE_CREATE,CREATE_DELETE,[0 -> 0|1|0|1|2|3|4|5|6|7|8|9|2|0|1|2|3|4|5|6|7|8|9|3|4|5|6|7|8|9 -> 0],[0 -> 0|1|0|1|2|3|4|5|6|7|8|9|2|0|1|2|3|4|5|6|7|8|9|3|4|5|6|7|8|9 -> 0],[1; 23; 1; 1; 21; 1],0.16,,,,,,,,0,0,,,,,,,
diamond,30,DELETE_CREATE,0.4,,,DELETE_CREATE,DELETE_CREATE,[0 -> 0|1|0|1|2|3|4|5|6|7|8|9|2|0|1|2|3|4|5|6|7|8|9|3|4|5|6|7|8|9 -> 0],[0 -> 0|1|0|1|2|3|4|5|6|7|8|9|2|0|1|2|3|4|5|6|7|8|9|3|4|5|6|7|8|9 -> 0],[2; 26; 22; 2],0.184,,,,,,,,0,0,,,,,,,
diamond,30,DELETE_CREATE,0.4,,,DELETE_CREATE,NOOP,[0 -> 0|1|0|1|2|3|4|5|6|7|8|9|2|0|1|2|3|4|5|6|7|8|9|3|4|5|6|7|8|9 -> 0],[0 -> 0|1|0|1|2|3|4|5|6|7|8|9|2|0|1|2|3|4|5|6|7|8|9|3|4|5|6|7|8|9 -> 0],[16; 24; 3; 1],0.156,,,,FALSE,2.613,,,15,0,,,,,,,
diamond,30,DELETE_CREATE,0.4,,,DELETE_CREATE,UPDATE,[0 -> 0|1|0|1|2|3|4|5|6|7|8|9|2|0|1|2|3|4|5|6|7|8|9|3|4|5|6|7|8|9 -> 0],[0 -> 0|1|0|1|2|3|4|5|6|7|8|9|2|0|1|2|3|4|5|6|7|8|9|3|4|5|6|7|8|9 -> 0],[16; 26; 9; 1],0.172,,,,FALSE,3.767,,,15,0,,,,,,,
diamond,30,DELETE_CREATE,0.4,,,NOOP,CREATE_DELETE,[0 -> 0|1|0|1|2|3|4|5|6|7|8|9|2|0|1|2|3|4|5|6|7|8|9|3|4|5|6|7|8|9 -> 0],[0 -> 0|1|0|1|2|3|4|5|6|7|8|9|2|0|1|2|3|4|5|6|7|8|9|3|4|5|6|7|8|9 -> 0],[27; 1; 1; 20],0.152,,,,,,,,0,0,,,,,,,
diamond,30,DELETE_CREATE,0.4,,,NOOP,DELETE_CREATE,[0 -> 0|1|0|1|2|3|4|5|6|7|8|9|2|0|1|2|3|4|5|6|7|8|9|3|4|5|6|7|8|9 -> 0],[0 -> 0|1|0|1|2|3|4|5|6|7|8|9|2|0|1|2|3|4|5|6|7|8|9|3|4|5|6|7|8|9 -> 0],[9; 19; 16; 1],0.172,,,,,,,,0,0,,,,,,,
diamond,30,DELETE_CREATE,0.4,,,NOOP,NOOP,[0 -> 0|1|0|1|2|3|4|5|6|7|8|9|2|0|1|2|3|4|5|6|7|8|9|3|4|5|6|7|8|9 -> 0],[0 -> 0|1|0|1|2|3|4|5|6|7|8|9|2|0|1|2|3|4|5|6|7|8|9|3|4|5|6|7|8|9 -> 0],[28; 20],0.16,,,,FALSE,3.868,,,15,0,,,,,,,
diamond,30,DELETE_CREATE,0.4,,,NOOP,UPDATE,[0 -> 0|1|0|1|2|3|4|5|6|7|8|9|2|0|1|2|3|4|5|6|7|8|9|3|4|5|6|7|8|9 -> 0],[0 -> 0|1|0|1|2|3|4|5|6|7|8|9|2|0|1|2|3|4|5|6|7|8|9|3|4|5|6|7|8|9 -> 0],[27; 15; 1],0.164,,,,FALSE,3.151,,,12,0,,,,,,,
diamond,30,DELETE_CREATE,0.4,,,UPDATE,CREATE_DELETE,[0 -> 0|1|0|1|2|3|4|5|6|7|8|9|2|0|1|2|3|4|5|6|7|8|9|3|4|5|6|7|8|9 -> 0],[0 -> 0|1|0|1|2|3|4|5|6|7|8|9|2|0|1|2|3|4|5|6|7|8|9|3|4|5|6|7|8|9 -> 0],[1; 24; 1; 1; 17],0.164,,,,,,,,0,0,,,,,,,
diamond,30,DELETE_CREATE,0.4,,,UPDATE,DELETE_CREATE,[0 -> 0|1|0|1|2|3|4|5|6|7|8|9|2|0|1|2|3|4|5|6|7|8|9|3|4|5|6|7|8|9 -> 0],[0 -> 0|1|0|1|2|3|4|5|6|7|8|9|2|0|1|2|3|4|5|6|7|8|9|3|4|5|6|7|8|9 -> 0],[2; 23; 20; 1],0.164,,,,,,,,0,0,,,,,,,
diamond,30,DELETE_CREATE,0.4,,,UPDATE,NOOP,[0 -> 0|1|0|1|2|3|4|5|6|7|8|9|2|0|1|2|3|4|5|6|7|8|9|3|4|5|6|7|8|9 -> 0],[0 -> 0|1|0|1|2|3|4|5|6|7|8|9|2|0|1|2|3|4|5|6|7|8|9|3|4|5|6|7|8|9 -> 0],[15; 24; 5],0.148,,,,FALSE,2.907,,,14,0,,,,,,,
diamond,30,DELETE_CREATE,0.4,,,UPDATE,UPDATE,[0 -> 0|1|0|1|2|3|4|5|6|7|8|9|2|0|1|2|3|4|5|6|7|8|9|3|4|5|6|7|8|9 -> 0],[0 -> 0|1|0|1|2|3|4|5|6|7|8|9|2|0|1|2|3|4|5|6|7|8|9|3|4|5|6|7|8|9 -> 0],[11; 25; 8],0.168,,,,FALSE,3.543,,,10,0,,,,,,,
diamond,30,DELETE_CREATE,0.7,,,CREATE_DELETE,CREATE_DELETE,[0 -> 0|1|0|1|2|3|4|5|6|7|8|9|2|0|1|2|3|4|5|6|7|8|9|3|4|5|6|7|8|9 -> 0],[0 -> 0|1|0|1|2|3|4|5|6|7|8|9|2|0|1|2|3|4|5|6|7|8|9|3|4|5|6|7|8|9 -> 0],[1; 27; 1; 1; 26; 1],0.172,,,,,,,,0,0.001,,,,,,,
diamond,30,DELETE_CREATE,0.7,,,CREATE_DELETE,DELETE_CREATE,[0 -> 0|1|0|1|2|3|4|5|6|7|8|9|2|0|1|2|3|4|5|6|7|8|9|3|4|5|6|7|8|9 -> 0],[0 -> 0|1|0|1|2|3|4|5|6|7|8|9|2|0|1|2|3|4|5|6|7|8|9|3|4|5|6|7|8|9 -> 0],[2; 27; 26; 2],0.18,,,,,,,,0,0,,,,,,,
diamond,30,DELETE_CREATE,0.7,,,CREATE_DELETE,NOOP,[0 -> 0|1|0|1|2|3|4|5|6|7|8|9|2|0|1|2|3|4|5|6|7|8|9|3|4|5|6|7|8|9 -> 0],[0 -> 0|1|0|1|2|3|4|5|6|7|8|9|2|0|1|2|3|4|5|6|7|8|9|3|4|5|6|7|8|9 -> 0],[16; 25; 5; 1],0.156,,,,FALSE,3.161,,,15,0,,,,,,,
diamond,30,DELETE_CREATE,0.7,,,CREATE_DELETE,UPDATE,[0 -> 0|1|0|1|2|3|4|5|6|7|8|9|2|0|1|2|3|4|5|6|7|8|9|3|4|5|6|7|8|9 -> 0],[0 -> 0|1|0|1|2|3|4|5|6|7|8|9|2|0|1|2|3|4|5|6|7|8|9|3|4|5|6|7|8|9 -> 0],[24; 27; 3; 1],0.164,,,,FALSE,2.841,,,23,0.001,,,,,,,
diamond,30,DELETE_CREATE,0.7,,,DELETE_CREATE,CREATE_DELETE,[0 -> 0|1|0|1|2|3|4|5|6|7|8|9|2|0|1|2|3|4|5|6|7|8|9|3|4|5|6|7|8|9 -> 0],[0 -> 0|1|0|1|2|3|4|5|6|7|8|9|2|0|1|2|3|4|5|6|7|8|9|3|4|5|6|7|8|9 -> 0],[1; 28; 1; 1; 22; 1],0.168,,,,,,,,0,0.001,,,,,,,
diamond,30,DELETE_CREATE,0.7,,,DELETE_CREATE,DELETE_CREATE,[0 -> 0|1|0|1|2|3|4|5|6|7|8|9|2|0|1|2|3|4|5|6|7|8|9|3|4|5|6|7|8|9 -> 0],[0 -> 0|1|0|1|2|3|4|5|6|7|8|9|2|0|1|2|3|4|5|6|7|8|9|3|4|5|6|7|8|9 -> 0],[2; 26; 23; 2],0.184,,,,,,,,0,0,,,,,,,
diamond,30,DELETE_CREATE,0.7,,,DELETE_CREATE,NOOP,[0 -> 0|1|0|1|2|3|4|5|6|7|8|9|2|0|1|2|3|4|5|6|7|8|9|3|4|5|6|7|8|9 -> 0],[0 -> 0|1|0|1|2|3|4|5|6|7|8|9|2|0|1|2|3|4|5|6|7|8|9|3|4|5|6|7|8|9 -> 0],[20; 25; 3; 1],0.168,,,,FALSE,2.611,,,19,0,,,,,,,
diamond,30,DELETE_CREATE,0.7,,,DELETE_CREATE,UPDATE,[0 -> 0|1|0|1|2|3|4|5|6|7|8|9|2|0|1|2|3|4|5|6|7|8|9|3|4|5|6|7|8|9 -> 0],[0 -> 0|1|0|1|2|3|4|5|6|7|8|9|2|0|1|2|3|4|5|6|7|8|9|3|4|5|6|7|8|9 -> 0],[23; 28; 5; 1],0.18,,,,FALSE,3.226,,,22,0.001,,,,,,,
diamond,30,DELETE_CREATE,0.7,,,NOOP,CREATE_DELETE,[0 -> 0|1|0|1|2|3|4|5|6|7|8|9|2|0|1|2|3|4|5|6|7|8|9|3|4|5|6|7|8|9 -> 0],[0 -> 0|1|0|1|2|3|4|5|6|7|8|9|2|0|1|2|3|4|5|6|7|8|9|3|4|5|6|7|8|9 -> 0],[29; 1; 1; 26],0.172,,,,,,,,0,0,,,,,,,
diamond,30,DELETE_CREATE,0.7,,,NOOP,DELETE_CREATE,[0 -> 0|1|0|1|2|3|4|5|6|7|8|9|2|0|1|2|3|4|5|6|7|8|9|3|4|5|6|7|8|9 -> 0],[0 -> 0|1|0|1|2|3|4|5|6|7|8|9|2|0|1|2|3|4|5|6|7|8|9|3|4|5|6|7|8|9 -> 0],[3; 28; 26; 1],0.168,,,,,,,,0,0,,,,,,,
diamond,30,DELETE_CREATE,0.7,,,NOOP,NOOP,[0 -> 0|1|0|1|2|3|4|5|6|7|8|9|2|0|1|2|3|4|5|6|7|8|9|3|4|5|6|7|8|9 -> 0],[0 -> 0|1|0|1|2|3|4|5|6|7|8|9|2|0|1|2|3|4|5|6|7|8|9|3|4|5|6|7|8|9 -> 0],[27; 23],0.152,,,,FALSE,2.57,,,21,0,,,,,,,
diamond,30,DELETE_CREATE,0.7,,,NOOP,UPDATE,[0 -> 0|1|0|1|2|3|4|5|6|7|8|9|2|0|1|2|3|4|5|6|7|8|9|3|4|5|6|7|8|9 -> 0],[0 -> 0|1|0|1|2|3|4|5|6|7|8|9|2|0|1|2|3|4|5|6|7|8|9|3|4|5|6|7|8|9 -> 0],[25; 21; 1],0.16,,,,FALSE,2.604,,,18,0,,,,,,,
diamond,30,DELETE_CREATE,0.7,,,UPDATE,CREATE_DELETE,[0 -> 0|1|0|1|2|3|4|5|6|7|8|9|2|0|1|2|3|4|5|6|7|8|9|3|4|5|6|7|8|9 -> 0],[0 -> 0|1|0|1|2|3|4|5|6|7|8|9|2|0|1|2|3|4|5|6|7|8|9|3|4|5|6|7|8|9 -> 0],[1; 25; 1; 1; 23],0.16,,,,,,,,0,0,,,,,,,
diamond,30,DELETE_CREATE,0.7,,,UPDATE,DELETE_CREATE,[0 -> 0|1|0|1|2|3|4|5|6|7|8|9|2|0|1|2|3|4|5|6|7|8|9|3|4|5|6|7|8|9 -> 0],[0 -> 0|1|0|1|2|3|4|5|6|7|8|9|2|0|1|2|3|4|5|6|7|8|9|3|4|5|6|7|8|9 -> 0],[2; 29; 26; 1],0.168,,,,,,,,0,0,,,,,,,
diamond,30,DELETE_CREATE,0.7,,,UPDATE,NOOP,[0 -> 0|1|0|1|2|3|4|5|6|7|8|9|2|0|1|2|3|4|5|6|7|8|9|3|4|5|6|7|8|9 -> 0],[0 -> 0|1|0|1|2|3|4|5|6|7|8|9|2|0|1|2|3|4|5|6|7|8|9|3|4|5|6|7|8|9 -> 0],[21; 25; 1],0.172,,,,FALSE,2.32,,,20,0,,,,,,,
diamond,30,DELETE_CREATE,0.7,,,UPDATE,UPDATE,[0 -> 0|1|0|1|2|3|4|5|6|7|8|9|2|0|1|2|3|4|5|6|7|8|9|3|4|5|6|7|8|9 -> 0],[0 -> 0|1|0|1|2|3|4|5|6|7|8|9|2|0|1|2|3|4|5|6|7|8|9|3|4|5|6|7|8|9 -> 0],[20; 27; 5],0.16,,,,FALSE,3.081,,,19,0,,,,,,,
diamond,30,CREATE_DELETE,0.4,,,CREATE_DELETE,CREATE_DELETE,[0 -> 0|1|0|1|2|3|4|5|6|7|8|9|2|0|1|2|3|4|5|6|7|8|9|3|4|5|6|7|8|9 -> 0],[0 -> 0|1|0|1|2|3|4|5|6|7|8|9|2|0|1|2|3|4|5|6|7|8|9|3|4|5|6|7|8|9 -> 0],[1; 25; 1; 1; 21; 1],0.168,,,,,,,,0,0.001,,,,,,,
diamond,30,CREATE_DELETE,0.4,,,CREATE_DELETE,DELETE_CREATE,[0 -> 0|1|0|1|2|3|4|5|6|7|8|9|2|0|1|2|3|4|5|6|7|8|9|3|4|5|6|7|8|9 -> 0],[0 -> 0|1|0|1|2|3|4|5|6|7|8|9|2|0|1|2|3|4|5|6|7|8|9|3|4|5|6|7|8|9 -> 0],[2; 23; 16; 2],0.164,,,,,,,,0,0,,,,,,,
diamond,30,CREATE_DELETE,0.4,,,CREATE_DELETE,NOOP,[0 -> 0|1|0|1|2|3|4|5|6|7|8|9|2|0|1|2|3|4|5|6|7|8|9|3|4|5|6|7|8|9 -> 0],[0 -> 0|1|0|1|2|3|4|5|6|7|8|9|2|0|1|2|3|4|5|6|7|8|9|3|4|5|6|7|8|9 -> 0],[7; 25; 11; 1],0.16,,,,FALSE,4.578,,,6,0,,,,,,,
diamond,30,CREATE_DELETE,0.4,,,CREATE_DELETE,UPDATE,[0 -> 0|1|0|1|2|3|4|5|6|7|8|9|2|0|1|2|3|4|5|6|7|8|9|3|4|5|6|7|8|9 -> 0],[0 -> 0|1|0|1|2|3|4|5|6|7|8|9|2|0|1|2|3|4|5|6|7|8|9|3|4|5|6|7|8|9 -> 0],[7; 21; 13; 1],0.168,,,,FALSE,3.867,,,6,0,,,,,,,
diamond,30,CREATE_DELETE,0.4,,,DELETE_CREATE,CREATE_DELETE,[0 -> 0|1|0|1|2|3|4|5|6|7|8|9|2|0|1|2|3|4|5|6|7|8|9|3|4|5|6|7|8|9 -> 0],[0 -> 0|1|0|1|2|3|4|5|6|7|8|9|2|0|1|2|3|4|5|6|7|8|9|3|4|5|6|7|8|9 -> 0],[1; 26; 1; 1; 19; 1],0.176,,,,,,,,0,0,,,,,,,
diamond,30,CREATE_DELETE,0.4,,,DELETE_CREATE,DELETE_CREATE,[0 -> 0|1|0|1|2|3|4|5|6|7|8|9|2|0|1|2|3|4|5|6|7|8|9|3|4|5|6|7|8|9 -> 0],[0 -> 0|1|0|1|2|3|4|5|6|7|8|9|2|0|1|2|3|4|5|6|7|8|9|3|4|5|6|7|8|9 -> 0],[2; 23; 18; 2],0.16,,,,,,,,0,0,,,,,,,
diamond,30,CREATE_DELETE,0.4,,,DELETE_CREATE,NOOP,[0 -> 0|1|0|1|2|3|4|5|6|7|8|9|2|0|1|2|3|4|5|6|7|8|9|3|4|5|6|7|8|9 -> 0],[0 -> 0|1|0|1|2|3|4|5|6|7|8|9|2|0|1|2|3|4|5|6|7|8|9|3|4|5|6|7|8|9 -> 0],[3; 19; 10; 1],0.148,,,,FALSE,4.186,,,2,0,,,,,,,
diamond,30,CREATE_DELETE,0.4,,,DELETE_CREATE,UPDATE,[0 -> 0|1|0|1|2|3|4|5|6|7|8|9|2|0|1|2|3|4|5|6|7|8|9|3|4|5|6|7|8|9 -> 0],[0 -> 0|1|0|1|2|3|4|5|6|7|8|9|2|0|1|2|3|4|5|6|7|8|9|3|4|5|6|7|8|9 -> 0],[8; 21; 11; 1],0.152,,,,FALSE,3.602,,,7,0,,,,,,,
diamond,30,CREATE_DELETE,0.4,,,NOOP,CREATE_DELETE,[0 -> 0|1|0|1|2|3|4|5|6|7|8|9|2|0|1|2|3|4|5|6|7|8|9|3|4|5|6|7|8|9 -> 0],[0 -> 0|1|0|1|2|3|4|5|6|7|8|9|2|0|1|2|3|4|5|6|7|8|9|3|4|5|6|7|8|9 -> 0],[23; 1; 1; 19],0.156,,,,,,,,0,0,,,,,,,
diamond,30,CREATE_DELETE,0.4,,,NOOP,DELETE_CREATE,[0 -> 0|1|0|1|2|3|4|5|6|7|8|9|2|0|1|2|3|4|5|6|7|8|9|3|4|5|6|7|8|9 -> 0],[0 -> 0|1|0|1|2|3|4|5|6|7|8|9|2|0|1|2|3|4|5|6|7|8|9|3|4|5|6|7|8|9 -> 0],[15; 14; 6; 1],0.152,,,,,,,,0,0,,,,,,,
diamond,30,CREATE_DELETE,0.4,,,NOOP,NOOP,[0 -> 0|1|0|1|2|3|4|5|6|7|8|9|2|0|1|2|3|4|5|6|7|8|9|3|4|5|6|7|8|9 -> 0],[0 -> 0|1|0|1|2|3|4|5|6|7|8|9|2|0|1|2|3|4|5|6|7|8|9|3|4|5|6|7|8|9 -> 0],[25; 17],0.168,,,,FALSE,3.962,,,8,0,,,,,,,
diamond,30,CREATE_DELETE,0.4,,,NOOP,UPDATE,[0 -> 0|1|0|1|2|3|4|5|6|7|8|9|2|0|1|2|3|4|5|6|7|8|9|3|4|5|6|7|8|9 -> 0],[0 -> 0|1|0|1|2|3|4|5|6|7|8|9|2|0|1|2|3|4|5|6|7|8|9|3|4|5|6|7|8|9 -> 0],[27; 22; 1],0.156,,,,FALSE,5.143,,,8,0,,,,,,,
diamond,30,CREATE_DELETE,0.4,,,UPDATE,CREATE_DELETE,[0 -> 0|1|0|1|2|3|4|5|6|7|8|9|2|0|1|2|3|4|5|6|7|8|9|3|4|5|6|7|8|9 -> 0],[0 -> 0|1|0|1|2|3|4|5|6|7|8|9|2|0|1|2|3|4|5|6|7|8|9|3|4|5|6|7|8|9 -> 0],[1; 26; 1; 1; 19],0.164,,,,,,,,0,0.001,,,,,,,
diamond,30,CREATE_DELETE,0.4,,,UPDATE,DELETE_CREATE,[0 -> 0|1|0|1|2|3|4|5|6|7|8|9|2|0|1|2|3|4|5|6|7|8|9|3|4|5|6|7|8|9 -> 0],[0 -> 0|1|0|1|2|3|4|5|6|7|8|9|2|0|1|2|3|4|5|6|7|8|9|3|4|5|6|7|8|9 -> 0],[2; 23; 18; 1],0.172,,,,,,,,0,0,,,,,,,
diamond,30,CREATE_DELETE,0.4,,,UPDATE,NOOP,[0 -> 0|1|0|1|2|3|4|5|6|7|8|9|2|0|1|2|3|4|5|6|7|8|9|3|4|5|6|7|8|9 -> 0],[0 -> 0|1|0|1|2|3|4|5|6|7|8|9|2|0|1|2|3|4|5|6|7|8|9|3|4|5|6|7|8|9 -> 0],[15; 23; 5],0.148,,,,FALSE,2.65,,,14,0,,,,,,,
diamond,30,CREATE_DELETE,0.4,,,UPDATE,UPDATE,[0 -> 0|1|0|1|2|3|4|5|6|7|8|9|2|0|1|2|3|4|5|6|7|8|9|3|4|5|6|7|8|9 -> 0],[0 -> 0|1|0|1|2|3|4|5|6|7|8|9|2|0|1|2|3|4|5|6|7|8|9|3|4|5|6|7|8|9 -> 0],[6; 29; 21],0.208,,,,FALSE,7.631,,,5,0,,,,,,,
diamond,30,CREATE_DELETE,0.7,,,CREATE_DELETE,CREATE_DELETE,[0 -> 0|1|0|1|2|3|4|5|6|7|8|9|2|0|1|2|3|4|5|6|7|8|9|3|4|5|6|7|8|9 -> 0],[0 -> 0|1|0|1|2|3|4|5|6|7|8|9|2|0|1|2|3|4|5|6|7|8|9|3|4|5|6|7|8|9 -> 0],[1; 28; 1; 1; 27; 1],0.184,,,,,,,,0,0.001,,,,,,,
diamond,30,CREATE_DELETE,0.7,,,CREATE_DELETE,DELETE_CREATE,[0 -> 0|1|0|1|2|3|4|5|6|7|8|9|2|0|1|2|3|4|5|6|7|8|9|3|4|5|6|7|8|9 -> 0],[0 -> 0|1|0|1|2|3|4|5|6|7|8|9|2|0|1|2|3|4|5|6|7|8|9|3|4|5|6|7|8|9 -> 0],[2; 29; 27; 2],0.176,,,,,,,,0,0,,,,,,,
diamond,30,CREATE_DELETE,0.7,,,CREATE_DELETE,NOOP,[0 -> 0|1|0|1|2|3|4|5|6|7|8|9|2|0|1|2|3|4|5|6|7|8|9|3|4|5|6|7|8|9 -> 0],[0 -> 0|1|0|1|2|3|4|5|6|7|8|9|2|0|1|2|3|4|5|6|7|8|9|3|4|5|6|7|8|9 -> 0],[4; 28; 22; 1],0.16,,,,FALSE,8.41,,,3,0,,,,,,,
diamond,30,CREATE_DELETE,0.7,,,CREATE_DELETE,UPDATE,[0 -> 0|1|0|1|2|3|4|5|6|7|8|9|2|0|1|2|3|4|5|6|7|8|9|3|4|5|6|7|8|9 -> 0],[0 -> 0|1|0|1|2|3|4|5|6|7|8|9|2|0|1|2|3|4|5|6|7|8|9|3|4|5|6|7|8|9 -> 0],[2; 26; 24; 1],0.164,,,,FALSE,8.778,,,1,0,,,,,,,
diamond,30,CREATE_DELETE,0.7,,,DELETE_CREATE,CREATE_DELETE,[0 -> 0|1|0|1|2|3|4|5|6|7|8|9|2|0|1|2|3|4|5|6|7|8|9|3|4|5|6|7|8|9 -> 0],[0 -> 0|1|0|1|2|3|4|5|6|7|8|9|2|0|1|2|3|4|5|6|7|8|9|3|4|5|6|7|8|9 -> 0],[1; 28; 1; 1; 25; 1],0.164,,,,,,,,0,0.001,,,,,,,
diamond,30,CREATE_DELETE,0.7,,,DELETE_CREATE,DELETE_CREATE,[0 -> 0|1|0|1|2|3|4|5|6|7|8|9|2|0|1|2|3|4|5|6|7|8|9|3|4|5|6|7|8|9 -> 0],[0 -> 0|1|0|1|2|3|4|5|6|7|8|9|2|0|1|2|3|4|5|6|7|8|9|3|4|5|6|7|8|9 -> 0],[2; 27; 23; 2],0.16,,,,,,,,0,0,,,,,,,
diamond,30,CREATE_DELETE,0.7,,,DELETE_CREATE,NOOP,[0 -> 0|1|0|1|2|3|4|5|6|7|8|9|2|0|1|2|3|4|5|6|7|8|9|3|4|5|6|7|8|9 -> 0],[0 -> 0|1|0|1|2|3|4|5|6|7|8|9|2|0|1|2|3|4|5|6|7|8|9|3|4|5|6|7|8|9 -> 0],[2; 24; 20; 1],0.164,,,,FALSE,6.774,,,1,0,,,,,,,
diamond,30,CREATE_DELETE,0.7,,,DELETE_CREATE,UPDATE,[0 -> 0|1|0|1|2|3|4|5|6|7|8|9|2|0|1|2|3|4|5|6|7|8|9|3|4|5|6|7|8|9 -> 0],[0 -> 0|1|0|1|2|3|4|5|6|7|8|9|2|0|1|2|3|4|5|6|7|8|9|3|4|5|6|7|8|9 -> 0],[3; 26; 18; 1],0.176,,,,FALSE,6.429,,,2,0,,,,,,,
diamond,30,CREATE_DELETE,0.7,,,NOOP,CREATE_DELETE,[0 -> 0|1|0|1|2|3|4|5|6|7|8|9|2|0|1|2|3|4|5|6|7|8|9|3|4|5|6|7|8|9 -> 0],[0 -> 0|1|0|1|2|3|4|5|6|7|8|9|2|0|1|2|3|4|5|6|7|8|9|3|4|5|6|7|8|9 -> 0],[27; 1; 1; 22],0.168,,,,,,,,0,0,,,,,,,
diamond,30,CREATE_DELETE,0.7,,,NOOP,DELETE_CREATE,[0 -> 0|1|0|1|2|3|4|5|6|7|8|9|2|0|1|2|3|4|5|6|7|8|9|3|4|5|6|7|8|9 -> 0],[0 -> 0|1|0|1|2|3|4|5|6|7|8|9|2|0|1|2|3|4|5|6|7|8|9|3|4|5|6|7|8|9 -> 0],[21; 25; 5; 1],0.176,,,,,,,,0,0,,,,,,,
diamond,30,CREATE_DELETE,0.7,,,NOOP,NOOP,[0 -> 0|1|0|1|2|3|4|5|6|7|8|9|2|0|1|2|3|4|5|6|7|8|9|3|4|5|6|7|8|9 -> 0],[0 -> 0|1|0|1|2|3|4|5|6|7|8|9|2|0|1|2|3|4|5|6|7|8|9|3|4|5|6|7|8|9 -> 0],[28; 20],0.16,,,,FALSE,7.489,,,2,0,,,,,,,
diamond,30,CREATE_DELETE,0.7,,,NOOP,UPDATE,[0 -> 0|1|0|1|2|3|4|5|6|7|8|9|2|0|1|2|3|4|5|6|7|8|9|3|4|5|6|7|8|9 -> 0],[0 -> 0|1|0|1|2|3|4|5|6|7|8|9|2|0|1|2|3|4|5|6|7|8|9|3|4|5|6|7|8|9 -> 0],[27; 23; 1],0.16,,,,FALSE,6.788,,,3,0,,,,,,,
diamond,30,CREATE_DELETE,0.7,,,UPDATE,CREATE_DELETE,[0 -> 0|1|0|1|2|3|4|5|6|7|8|9|2|0|1|2|3|4|5|6|7|8|9|3|4|5|6|7|8|9 -> 0],[0 -> 0|1|0|1|2|3|4|5|6|7|8|9|2|0|1|2|3|4|5|6|7|8|9|3|4|5|6|7|8|9 -> 0],[1; 30; 1; 1; 25],0.168,,,,,,,,0,0,,,,,,,
diamond,30,CREATE_DELETE,0.7,,,UPDATE,DELETE_CREATE,[0 -> 0|1|0|1|2|3|4|5|6|7|8|9|2|0|1|2|3|4|5|6|7|8|9|3|4|5|6|7|8|9 -> 0],[0 -> 0|1|0|1|2|3|4|5|6|7|8|9|2|0|1|2|3|4|5|6|7|8|9|3|4|5|6|7|8|9 -> 0],[2; 29; 26; 1],0.168,,,,,,,,0,0,,,,,,,
diamond,30,CREATE_DELETE,0.7,,,UPDATE,NOOP,[0 -> 0|1|0|1|2|3|4|5|6|7|8|9|2|0|1|2|3|4|5|6|7|8|9|3|4|5|6|7|8|9 -> 0],[0 -> 0|1|0|1|2|3|4|5|6|7|8|9|2|0|1|2|3|4|5|6|7|8|9|3|4|5|6|7|8|9 -> 0],[3; 27; 24],0.18,,,,FALSE,8.649,,,2,0,,,,,,,
diamond,30,CREATE_DELETE,0.7,,,UPDATE,UPDATE,[0 -> 0|1|0|1|2|3|4|5|6|7|8|9|2|0|1|2|3|4|5|6|7|8|9|3|4|5|6|7|8|9 -> 0],[0 -> 0|1|0|1|2|3|4|5|6|7|8|9|2|0|1|2|3|4|5|6|7|8|9|3|4|5|6|7|8|9 -> 0],[6; 29; 22],0.164,,,,FALSE,7.298,,,5,0.001,,,,,,,
diamond,40,UPDATE,0.4,,,CREATE_DELETE,CREATE_DELETE,[0 -> 0|1|0|1|2|3|4|5|6|7|8|9|2|0|1|2|3|4|5|6|7|8|9|3|0|1|2|3|4|5|6|7|8|9|4|5|6|7|8|9 -> 0],[0 -> 0|1|0|1|2|3|4|5|6|7|8|9|2|0|1|2|3|4|5|6|7|8|9|3|0|1|2|3|4|5|6|7|8|9|4|5|6|7|8|9 -> 0],[1; 28; 1; 1; 13; 1],0.312,,,,,,,,0,0,,,,,,,
diamond,40,UPDATE,0.4,,,CREATE_DELETE,DELETE_CREATE,[0 -> 0|1|0|1|2|3|4|5|6|7|8|9|2|0|1|2|3|4|5|6|7|8|9|3|0|1|2|3|4|5|6|7|8|9|4|5|6|7|8|9 -> 0],[0 -> 0|1|0|1|2|3|4|5|6|7|8|9|2|0|1|2|3|4|5|6|7|8|9|3|0|1|2|3|4|5|6|7|8|9|4|5|6|7|8|9 -> 0],[2; 33; 17; 2],0.34,,,,,,,,0,0.001,,,,,,,
diamond,40,UPDATE,0.4,,,CREATE_DELETE,NOOP,[0 -> 0|1|0|1|2|3|4|5|6|7|8|9|2|0|1|2|3|4|5|6|7|8|9|3|0|1|2|3|4|5|6|7|8|9|4|5|6|7|8|9 -> 0],[0 -> 0|1|0|1|2|3|4|5|6|7|8|9|2|0|1|2|3|4|5|6|7|8|9|3|0|1|2|3|4|5|6|7|8|9|4|5|6|7|8|9 -> 0],[8; 28; 5; 1],0.34,,,,FALSE,7.94,,,7,0.001,,,,,,,
diamond,40,UPDATE,0.4,,,CREATE_DELETE,UPDATE,[0 -> 0|1|0|1|2|3|4|5|6|7|8|9|2|0|1|2|3|4|5|6|7|8|9|3|0|1|2|3|4|5|6|7|8|9|4|5|6|7|8|9 -> 0],[0 -> 0|1|0|1|2|3|4|5|6|7|8|9|2|0|1|2|3|4|5|6|7|8|9|3|0|1|2|3|4|5|6|7|8|9|4|5|6|7|8|9 -> 0],[8; 35; 12; 1],0.328,,,,FALSE,12.108,,,7,0,,,,,,,
diamond,40,UPDATE,0.4,,,DELETE_CREATE,CREATE_DELETE,[0 -> 0|1|0|1|2|3|4|5|6|7|8|9|2|0|1|2|3|4|5|6|7|8|9|3|0|1|2|3|4|5|6|7|8|9|4|5|6|7|8|9 -> 0],[0 -> 0|1|0|1|2|3|4|5|6|7|8|9|2|0|1|2|3|4|5|6|7|8|9|3|0|1|2|3|4|5|6|7|8|9|4|5|6|7|8|9 -> 0],[1; 36; 1; 1; 20; 1],0.336,,,,,,,,0,0.001,,,,,,,
diamond,40,UPDATE,0.4,,,DELETE_CREATE,DELETE_CREATE,[0 -> 0|1|0|1|2|3|4|5|6|7|8|9|2|0|1|2|3|4|5|6|7|8|9|3|0|1|2|3|4|5|6|7|8|9|4|5|6|7|8|9 -> 0],[0 -> 0|1|0|1|2|3|4|5|6|7|8|9|2|0|1|2|3|4|5|6|7|8|9|3|0|1|2|3|4|5|6|7|8|9|4|5|6|7|8|9 -> 0],[2; 29; 13; 2],0.348,,,,,,,,0,0,,,,,,,
diamond,40,UPDATE,0.4,,,DELETE_CREATE,NOOP,[0 -> 0|1|0|1|2|3|4|5|6|7|8|9|2|0|1|2|3|4|5|6|7|8|9|3|0|1|2|3|4|5|6|7|8|9|4|5|6|7|8|9 -> 0],[0 -> 0|1|0|1|2|3|4|5|6|7|8|9|2|0|1|2|3|4|5|6|7|8|9|3|0|1|2|3|4|5|6|7|8|9|4|5|6|7|8|9 -> 0],[12; 31; 8; 1],0.316,,,,FALSE,9.367,,,11,0.001,,,,,,,
diamond,40,UPDATE,0.4,,,DELETE_CREATE,UPDATE,[0 -> 0|1|0|1|2|3|4|5|6|7|8|9|2|0|1|2|3|4|5|6|7|8|9|3|0|1|2|3|4|5|6|7|8|9|4|5|6|7|8|9 -> 0],[0 -> 0|1|0|1|2|3|4|5|6|7|8|9|2|0|1|2|3|4|5|6|7|8|9|3|0|1|2|3|4|5|6|7|8|9|4|5|6|7|8|9 -> 0],[10; 35; 8; 1],0.376,,,,FALSE,10.397,,,9,0.001,,,,,,,
diamond,40,UPDATE,0.4,,,NOOP,CREATE_DELETE,[0 -> 0|1|0|1|2|3|4|5|6|7|8|9|2|0|1|2|3|4|5|6|7|8|9|3|0|1|2|3|4|5|6|7|8|9|4|5|6|7|8|9 -> 0],[0 -> 0|1|0|1|2|3|4|5|6|7|8|9|2|0|1|2|3|4|5|6|7|8|9|3|0|1|2|3|4|5|6|7|8|9|4|5|6|7|8|9 -> 0],[33; 1; 1; 19],0.352,,,,,,,,0,0.001,,,,,,,
diamond,40,UPDATE,0.4,,,NOOP,DELETE_CREATE,[0 -> 0|1|0|1|2|3|4|5|6|7|8|9|2|0|1|2|3|4|5|6|7|8|9|3|0|1|2|3|4|5|6|7|8|9|4|5|6|7|8|9 -> 0],[0 -> 0|1|0|1|2|3|4|5|6|7|8|9|2|0|1|2|3|4|5|6|7|8|9|3|0|1|2|3|4|5|6|7|8|9|4|5|6|7|8|9 -> 0],[24; 10; 6; 1],0.34,,,,,,,,0,0,,,,,,,
diamond,40,UPDATE,0.4,,,NOOP,NOOP,[0 -> 0|1|0|1|2|3|4|5|6|7|8|9|2|0|1|2|3|4|5|6|7|8|9|3|0|1|2|3|4|5|6|7|8|9|4|5|6|7|8|9 -> 0],[0 -> 0|1|0|1|2|3|4|5|6|7|8|9|2|0|1|2|3|4|5|6|7|8|9|3|0|1|2|3|4|5|6|7|8|9|4|5|6|7|8|9 -> 0],[30; 15],0.312,,,,FALSE,7.79,,,10,0,,,,,,,
diamond,40,UPDATE,0.4,,,NOOP,UPDATE,[0 -> 0|1|0|1|2|3|4|5|6|7|8|9|2|0|1|2|3|4|5|6|7|8|9|3|0|1|2|3|4|5|6|7|8|9|4|5|6|7|8|9 -> 0],[0 -> 0|1|0|1|2|3|4|5|6|7|8|9|2|0|1|2|3|4|5|6|7|8|9|3|0|1|2|3|4|5|6|7|8|9|4|5|6|7|8|9 -> 0],[27; 13; 1],0.36,,,,FALSE,6.701,,,9,0,,,,,,,
diamond,40,UPDATE,0.4,,,UPDATE,CREATE_DELETE,[0 -> 0|1|0|1|2|3|4|5|6|7|8|9|2|0|1|2|3|4|5|6|7|8|9|3|0|1|2|3|4|5|6|7|8|9|4|5|6|7|8|9 -> 0],[0 -> 0|1|0|1|2|3|4|5|6|7|8|9|2|0|1|2|3|4|5|6|7|8|9|3|0|1|2|3|4|5|6|7|8|9|4|5|6|7|8|9 -> 0],[1; 30; 1; 1; 20],0.324,,,,,,,,0,0.001,,,,,,,
diamond,40,UPDATE,0.4,,,UPDATE,DELETE_CREATE,[0 -> 0|1|0|1|2|3|4|5|6|7|8|9|2|0|1|2|3|4|5|6|7|8|9|3|0|1|2|3|4|5|6|7|8|9|4|5|6|7|8|9 -> 0],[0 -> 0|1|0|1|2|3|4|5|6|7|8|9|2|0|1|2|3|4|5|6|7|8|9|3|0|1|2|3|4|5|6|7|8|9|4|5|6|7|8|9 -> 0],[2; 35; 14; 1],0.36,,,,,,,,0,0,,,,,,,
diamond,40,UPDATE,0.4,,,UPDATE,NOOP,[0 -> 0|1|0|1|2|3|4|5|6|7|8|9|2|0|1|2|3|4|5|6|7|8|9|3|0|1|2|3|4|5|6|7|8|9|4|5|6|7|8|9 -> 0],[0 -> 0|1|0|1|2|3|4|5|6|7|8|9|2|0|1|2|3|4|5|6|7|8|9|3|0|1|2|3|4|5|6|7|8|9|4|5|6|7|8|9 -> 0],[8; 32; 10],0.324,,,,FALSE,10.282,,,7,0,,,,,,,
diamond,40,UPDATE,0.4,,,UPDATE,UPDATE,[0 -> 0|1|0|1|2|3|4|5|6|7|8|9|2|0|1|2|3|4|5|6|7|8|9|3|0|1|2|3|4|5|6|7|8|9|4|5|6|7|8|9 -> 0],[0 -> 0|1|0|1|2|3|4|5|6|7|8|9|2|0|1|2|3|4|5|6|7|8|9|3|0|1|2|3|4|5|6|7|8|9|4|5|6|7|8|9 -> 0],[12; 31; 6],0.332,,,,FALSE,8.125,,,11,0,,,,,,,
diamond,40,UPDATE,0.7,,,CREATE_DELETE,CREATE_DELETE,[0 -> 0|1|0|1|2|3|4|5|6|7|8|9|2|0|1|2|3|4|5|6|7|8|9|3|0|1|2|3|4|5|6|7|8|9|4|5|6|7|8|9 -> 0],[0 -> 0|1|0|1|2|3|4|5|6|7|8|9|2|0|1|2|3|4|5|6|7|8|9|3|0|1|2|3|4|5|6|7|8|9|4|5|6|7|8|9 -> 0],[1; 35; 1; 1; 7; 1],0.336,,,,,,,,0,0,,,,,,,
diamond,40,UPDATE,0.7,,,CREATE_DELETE,DELETE_CREATE,[0 -> 0|1|0|1|2|3|4|5|6|7|8|9|2|0|1|2|3|4|5|6|7|8|9|3|0|1|2|3|4|5|6|7|8|9|4|5|6|7|8|9 -> 0],[0 -> 0|1|0|1|2|3|4|5|6|7|8|9|2|0|1|2|3|4|5|6|7|8|9|3|0|1|2|3|4|5|6|7|8|9|4|5|6|7|8|9 -> 0],[2; 37; 7; 2],0.328,,,,,,,,0,0,,,,,,,
diamond,40,UPDATE,0.7,,,CREATE_DELETE,NOOP,[0 -> 0|1|0|1|2|3|4|5|6|7|8|9|2|0|1|2|3|4|5|6|7|8|9|3|0|1|2|3|4|5|6|7|8|9|4|5|6|7|8|9 -> 0],[0 -> 0|1|0|1|2|3|4|5|6|7|8|9|2|0|1|2|3|4|5|6|7|8|9|3|0|1|2|3|4|5|6|7|8|9|4|5|6|7|8|9 -> 0],[3; 37; 6; 1],0.312,,,,FALSE,11.844,,,2,0.001,,,,,,,
diamond,40,UPDATE,0.7,,,CREATE_DELETE,UPDATE,[0 -> 0|1|0|1|2|3|4|5|6|7|8|9|2|0|1|2|3|4|5|6|7|8|9|3|0|1|2|3|4|5|6|7|8|9|4|5|6|7|8|9 -> 0],[0 -> 0|1|0|1|2|3|4|5|6|7|8|9|2|0|1|2|3|4|5|6|7|8|9|3|0|1|2|3|4|5|6|7|8|9|4|5|6|7|8|9 -> 0],[3; 39; 7; 1],0.332,,,,FALSE,12.374,,,2,0,,,,,,,
diamond,40,UPDATE,0.7,,,DELETE_CREATE,CREATE_DELETE,[0 -> 0|1|0|1|2|3|4|5|6|7|8|9|2|0|1|2|3|4|5|6|7|8|9|3|0|1|2|3|4|5|6|7|8|9|4|5|6|7|8|9 -> 0],[0 -> 0|1|0|1|2|3|4|5|6|7|8|9|2|0|1|2|3|4|5|6|7|8|9|3|0|1|2|3|4|5|6|7|8|9|4|5|6|7|8|9 -> 0],[1; 36; 1; 1; 5; 1],0.312,,,,,,,,0,0.001,,,,,,,
diamond,40,UPDATE,0.7,,,DELETE_CREATE,DELETE_CREATE,[0 -> 0|1|0|1|2|3|4|5|6|7|8|9|2|0|1|2|3|4|5|6|7|8|9|3|0|1|2|3|4|5|6|7|8|9|4|5|6|7|8|9 -> 0],[0 -> 0|1|0|1|2|3|4|5|6|7|8|9|2|0|1|2|3|4|5|6|7|8|9|3|0|1|2|3|4|5|6|7|8|9|4|5|6|7|8|9 -> 0],[2; 35; 6; 2],0.304,,,,,,,,0,0,,,,,,,
diamond,40,UPDATE,0.7,,,DELETE_CREATE,NOOP,[0 -> 0|1|0|1|2|3|4|5|6|7|8|9|2|0|1|2|3|4|5|6|7|8|9|3|0|1|2|3|4|5|6|7|8|9|4|5|6|7|8|9 -> 0],[0 -> 0|1|0|1|2|3|4|5|6|7|8|9|2|0|1|2|3|4|5|6|7|8|9|3|0|1|2|3|4|5|6|7|8|9|4|5|6|7|8|9 -> 0],[4; 39; 2; 1],0.32,,,,FALSE,10.675,,,3,0,,,,,,,
diamond,40,UPDATE,0.7,,,DELETE_CREATE,UPDATE,[0 -> 0|1|0|1|2|3|4|5|6|7|8|9|2|0|1|2|3|4|5|6|7|8|9|3|0|1|2|3|4|5|6|7|8|9|4|5|6|7|8|9 -> 0],[0 -> 0|1|0|1|2|3|4|5|6|7|8|9|2|0|1|2|3|4|5|6|7|8|9|3|0|1|2|3|4|5|6|7|8|9|4|5|6|7|8|9 -> 0],[4; 34; 4; 1],0.324,,,,FALSE,9.506,,,3,0.001,,,,,,,
diamond,40,UPDATE,0.7,,,NOOP,CREATE_DELETE,[0 -> 0|1|0|1|2|3|4|5|6|7|8|9|2|0|1|2|3|4|5|6|7|8|9|3|0|1|2|3|4|5|6|7|8|9|4|5|6|7|8|9 -> 0],[0 -> 0|1|0|1|2|3|4|5|6|7|8|9|2|0|1|2|3|4|5|6|7|8|9|3|0|1|2|3|4|5|6|7|8|9|4|5|6|7|8|9 -> 0],[36; 1; 1; 5],0.312,,,,,,,,0,0,,,,,,,
diamond,40,UPDATE,0.7,,,NOOP,DELETE_CREATE,[0 -> 0|1|0|1|2|3|4|5|6|7|8|9|2|0|1|2|3|4|5|6|7|8|9|3|0|1|2|3|4|5|6|7|8|9|4|5|6|7|8|9 -> 0],[0 -> 0|1|0|1|2|3|4|5|6|7|8|9|2|0|1|2|3|4|5|6|7|8|9|3|0|1|2|3|4|5|6|7|8|9|4|5|6|7|8|9 -> 0],[34; 9; 4; 1],0.32,,,,,,,,0,0,,,,,,,
diamond,40,UPDATE,0.7,,,NOOP,NOOP,[0 -> 0|1|0|1|2|3|4|5|6|7|8|9|2|0|1|2|3|4|5|6|7|8|9|3|0|1|2|3|4|5|6|7|8|9|4|5|6|7|8|9 -> 0],[0 -> 0|1|0|1|2|3|4|5|6|7|8|9|2|0|1|2|3|4|5|6|7|8|9|3|0|1|2|3|4|5|6|7|8|9|4|5|6|7|8|9 -> 0],[36; 7],0.3,,,,FALSE,9.491,,,4,0,,,,,,,
diamond,40,UPDATE,0.7,,,NOOP,UPDATE,[0 -> 0|1|0|1|2|3|4|5|6|7|8|9|2|0|1|2|3|4|5|6|7|8|9|3|0|1|2|3|4|5|6|7|8|9|4|5|6|7|8|9 -> 0],[0 -> 0|1|0|1|2|3|4|5|6|7|8|9|2|0|1|2|3|4|5|6|7|8|9|3|0|1|2|3|4|5|6|7|8|9|4|5|6|7|8|9 -> 0],[33; 3; 1],0.304,,,,FALSE,8.847,,,1,0,,,,,,,
diamond,40,UPDATE,0.7,,,UPDATE,CREATE_DELETE,[0 -> 0|1|0|1|2|3|4|5|6|7|8|9|2|0|1|2|3|4|5|6|7|8|9|3|0|1|2|3|4|5|6|7|8|9|4|5|6|7|8|9 -> 0],[0 -> 0|1|0|1|2|3|4|5|6|7|8|9|2|0|1|2|3|4|5|6|7|8|9|3|0|1|2|3|4|5|6|7|8|9|4|5|6|7|8|9 -> 0],[1; 37; 1; 1; 7],0.32,,,,,,,,0,0,,,,,,,
diamond,40,UPDATE,0.7,,,UPDATE,DELETE_CREATE,[0 -> 0|1|0|1|2|3|4|5|6|7|8|9|2|0|1|2|3|4|5|6|7|8|9|3|0|1|2|3|4|5|6|7|8|9|4|5|6|7|8|9 -> 0],[0 -> 0|1|0|1|2|3|4|5|6|7|8|9|2|0|1|2|3|4|5|6|7|8|9|3|0|1|2|3|4|5|6|7|8|9|4|5|6|7|8|9 -> 0],[2; 36; 18; 1],0.364,,,,,,,,0,0.001,,,,,,,
diamond,40,UPDATE,0.7,,,UPDATE,NOOP,[0 -> 0|1|0|1|2|3|4|5|6|7|8|9|2|0|1|2|3|4|5|6|7|8|9|3|0|1|2|3|4|5|6|7|8|9|4|5|6|7|8|9 -> 0],[0 -> 0|1|0|1|2|3|4|5|6|7|8|9|2|0|1|2|3|4|5|6|7|8|9|3|0|1|2|3|4|5|6|7|8|9|4|5|6|7|8|9 -> 0],[7; 36; 3],0.324,,,,FALSE,9.44,,,6,0,,,,,,,
diamond,40,UPDATE,0.7,,,UPDATE,UPDATE,[0 -> 0|1|0|1|2|3|4|5|6|7|8|9|2|0|1|2|3|4|5|6|7|8|9|3|0|1|2|3|4|5|6|7|8|9|4|5|6|7|8|9 -> 0],[0 -> 0|1|0|1|2|3|4|5|6|7|8|9|2|0|1|2|3|4|5|6|7|8|9|3|0|1|2|3|4|5|6|7|8|9|4|5|6|7|8|9 -> 0],[5; 35; 6],0.348,,,,FALSE,10.248,,,4,0,,,,,,,
diamond,40,NOOP,0.4,,,CREATE_DELETE,CREATE_DELETE,[0 -> 0|1|0|1|2|3|4|5|6|7|8|9|2|0|1|2|3|4|5|6|7|8|9|3|0|1|2|3|4|5|6|7|8|9|4|5|6|7|8|9 -> 0],[0 -> 0|1|0|1|2|3|4|5|6|7|8|9|2|0|1|2|3|4|5|6|7|8|9|3|0|1|2|3|4|5|6|7|8|9|4|5|6|7|8|9 -> 0],[1; 23; 1; 1; 17; 1],0.328,,,,,,,,0,0,,,,,,,
diamond,40,NOOP,0.4,,,CREATE_DELETE,DELETE_CREATE,[0 -> 0|1|0|1|2|3|4|5|6|7|8|9|2|0|1|2|3|4|5|6|7|8|9|3|0|1|2|3|4|5|6|7|8|9|4|5|6|7|8|9 -> 0],[0 -> 0|1|0|1|2|3|4|5|6|7|8|9|2|0|1|2|3|4|5|6|7|8|9|3|0|1|2|3|4|5|6|7|8|9|4|5|6|7|8|9 -> 0],[2; 23; 19; 2],0.316,,,,,,,,0,0,,,,,,,
diamond,40,NOOP,0.4,,,CREATE_DELETE,NOOP,[0 -> 0|1|0|1|2|3|4|5|6|7|8|9|2|0|1|2|3|4|5|6|7|8|9|3|0|1|2|3|4|5|6|7|8|9|4|5|6|7|8|9 -> 0],[0 -> 0|1|0|1|2|3|4|5|6|7|8|9|2|0|1|2|3|4|5|6|7|8|9|3|0|1|2|3|4|5|6|7|8|9|4|5|6|7|8|9 -> 0],[10; 22; 7; 1],0.348,,,,FALSE,6.156,,,9,0.001,,,,,,,
diamond,40,NOOP,0.4,,,CREATE_DELETE,UPDATE,[0 -> 0|1|0|1|2|3|4|5|6|7|8|9|2|0|1|2|3|4|5|6|7|8|9|3|0|1|2|3|4|5|6|7|8|9|4|5|6|7|8|9 -> 0],[0 -> 0|1|0|1|2|3|4|5|6|7|8|9|2|0|1|2|3|4|5|6|7|8|9|3|0|1|2|3|4|5|6|7|8|9|4|5|6|7|8|9 -> 0],[10; 24; 12; 1],0.36,,,,FALSE,8.051,,,9,0.001,,,,,,,
diamond,40,NOOP,0.4,,,DELETE_CREATE,CREATE_DELETE,[0 -> 0|1|0|1|2|3|4|5|6|7|8|9|2|0|1|2|3|4|5|6|7|8|9|3|0|1|2|3|4|5|6|7|8|9|4|5|6|7|8|9 -> 0],[0 -> 0|1|0|1|2|3|4|5|6|7|8|9|2|0|1|2|3|4|5|6|7|8|9|3|0|1|2|3|4|5|6|7|8|9|4|5|6|7|8|9 -> 0],[1; 29; 1; 1; 24; 1],0.34,,,,,,,,0,0.001,,,,,,,
diamond,40,NOOP,0.4,,,DELETE_CREATE,DELETE_CREATE,[0 -> 0|1|0|1|2|3|4|5|6|7|8|9|2|0|1|2|3|4|5|6|7|8|9|3|0|1|2|3|4|5|6|7|8|9|4|5|6|7|8|9 -> 0],[0 -> 0|1|0|1|2|3|4|5|6|7|8|9|2|0|1|2|3|4|5|6|7|8|9|3|0|1|2|3|4|5|6|7|8|9|4|5|6|7|8|9 -> 0],[2; 18; 14; 2],0.332,,,,,,,,0,0,,,,,,,
diamond,40,NOOP,0.4,,,DELETE_CREATE,NOOP,[0 -> 0|1|0|1|2|3|4|5|6|7|8|9|2|0|1|2|3|4|5|6|7|8|9|3|0|1|2|3|4|5|6|7|8|9|4|5|6|7|8|9 -> 0],[0 -> 0|1|0|1|2|3|4|5|6|7|8|9|2|0|1|2|3|4|5|6|7|8|9|3|0|1|2|3|4|5|6|7|8|9|4|5|6|7|8|9 -> 0],[8; 27; 6; 1],0.308,,,,FALSE,8.116,,,7,0,,,,,,,
diamond,40,NOOP,0.4,,,DELETE_CREATE,UPDATE,[0 -> 0|1|0|1|2|3|4|5|6|7|8|9|2|0|1|2|3|4|5|6|7|8|9|3|0|1|2|3|4|5|6|7|8|9|4|5|6|7|8|9 -> 0],[0 -> 0|1|0|1|2|3|4|5|6|7|8|9|2|0|1|2|3|4|5|6|7|8|9|3|0|1|2|3|4|5|6|7|8|9|4|5|6|7|8|9 -> 0],[10; 26; 12; 1],0.34,,,,FALSE,8.705,,,9,0.001,,,,,,,
diamond,40,NOOP,0.4,,,NOOP,CREATE_DELETE,[0 -> 0|1|0|1|2|3|4|5|6|7|8|9|2|0|1|2|3|4|5|6|7|8|9|3|0|1|2|3|4|5|6|7|8|9|4|5|6|7|8|9 -> 0],[0 -> 0|1|0|1|2|3|4|5|6|7|8|9|2|0|1|2|3|4|5|6|7|8|9|3|0|1|2|3|4|5|6|7|8|9|4|5|6|7|8|9 -> 0],[21; 1; 1; 12],0.324,,,,,,,,0,0,,,,,,,
diamond,40,NOOP,0.4,,,NOOP,DELETE_CREATE,[0 -> 0|1|0|1|2|3|4|5|6|7|8|9|2|0|1|2|3|4|5|6|7|8|9|3|0|1|2|3|4|5|6|7|8|9|4|5|6|7|8|9 -> 0],[0 -> 0|1|0|1|2|3|4|5|6|7|8|9|2|0|1|2|3|4|5|6|7|8|9|3|0|1|2|3|4|5|6|7|8|9|4|5|6|7|8|9 -> 0],[17; 16; 10; 1],0.336,,,,,,,,0,0,,,,,,,
diamond,40,NOOP,0.4,,,NOOP,NOOP,[0 -> 0|1|0|1|2|3|4|5|6|7|8|9|2|0|1|2|3|4|5|6|7|8|9|3|0|1|2|3|4|5|6|7|8|9|4|5|6|7|8|9 -> 0],[0 -> 0|1|0|1|2|3|4|5|6|7|8|9|2|0|1|2|3|4|5|6|7|8|9|3|0|1|2|3|4|5|6|7|8|9|4|5|6|7|8|9 -> 0],[26; 20],0.34,,,,FALSE,10.246,,,5,0,,,,,,,
diamond,40,NOOP,0.4,,,NOOP,UPDATE,[0 -> 0|1|0|1|2|3|4|5|6|7|8|9|2|0|1|2|3|4|5|6|7|8|9|3|0|1|2|3|4|5|6|7|8|9|4|5|6|7|8|9 -> 0],[0 -> 0|1|0|1|2|3|4|5|6|7|8|9|2|0|1|2|3|4|5|6|7|8|9|3|0|1|2|3|4|5|6|7|8|9|4|5|6|7|8|9 -> 0],[19; 14; 1],0.34,,,,FALSE,4.604,,,9,0,,,,,,,
diamond,40,NOOP,0.4,,,UPDATE,CREATE_DELETE,[0 -> 0|1|0|1|2|3|4|5|6|7|8|9|2|0|1|2|3|4|5|6|7|8|9|3|0|1|2|3|4|5|6|7|8|9|4|5|6|7|8|9 -> 0],[0 -> 0|1|0|1|2|3|4|5|6|7|8|9|2|0|1|2|3|4|5|6|7|8|9|3|0|1|2|3|4|5|6|7|8|9|4|5|6|7|8|9 -> 0],[1; 21; 1; 1; 15],0.356,,,,,,,,0,0.001,,,,,,,
diamond,40,NOOP,0.4,,,UPDATE,DELETE_CREATE,[0 -> 0|1|0|1|2|3|4|5|6|7|8|9|2|0|1|2|3|4|5|6|7|8|9|3|0|1|2|3|4|5|6|7|8|9|4|5|6|7|8|9 -> 0],[0 -> 0|1|0|1|2|3|4|5|6|7|8|9|2|0|1|2|3|4|5|6|7|8|9|3|0|1|2|3|4|5|6|7|8|9|4|5|6|7|8|9 -> 0],[2; 21; 14; 1],0.316,,,,,,,,0,0,,,,,,,
diamond,40,NOOP,0.4,,,UPDATE,NOOP,[0 -> 0|1|0|1|2|3|4|5|6|7|8|9|2|0|1|2|3|4|5|6|7|8|9|3|0|1|2|3|4|5|6|7|8|9|4|5|6|7|8|9 -> 0],[0 -> 0|1|0|1|2|3|4|5|6|7|8|9|2|0|1|2|3|4|5|6|7|8|9|3|0|1|2|3|4|5|6|7|8|9|4|5|6|7|8|9 -> 0],[12; 24; 6],0.316,,,,FALSE,6.102,,,11,0,,,,,,,
diamond,40,NOOP,0.4,,,UPDATE,UPDATE,[0 -> 0|1|0|1|2|3|4|5|6|7|8|9|2|0|1|2|3|4|5|6|7|8|9|3|0|1|2|3|4|5|6|7|8|9|4|5|6|7|8|9 -> 0],[0 -> 0|1|0|1|2|3|4|5|6|7|8|9|2|0|1|2|3|4|5|6|7|8|9|3|0|1|2|3|4|5|6|7|8|9|4|5|6|7|8|9 -> 0],[11; 27; 10],0.312,,,,FALSE,8.3,,,10,0,,,,,,,
diamond,40,NOOP,0.7,,,CREATE_DELETE,CREATE_DELETE,[0 -> 0|1|0|1|2|3|4|5|6|7|8|9|2|0|1|2|3|4|5|6|7|8|9|3|0|1|2|3|4|5|6|7|8|9|4|5|6|7|8|9 -> 0],[0 -> 0|1|0|1|2|3|4|5|6|7|8|9|2|0|1|2|3|4|5|6|7|8|9|3|0|1|2|3|4|5|6|7|8|9|4|5|6|7|8|9 -> 0],[1; 15; 1; 1; 10; 1],0.336,,,,,,,,0,0,,,,,,,
diamond,40,NOOP,0.7,,,CREATE_DELETE,DELETE_CREATE,[0 -> 0|1|0|1|2|3|4|5|6|7|8|9|2|0|1|2|3|4|5|6|7|8|9|3|0|1|2|3|4|5|6|7|8|9|4|5|6|7|8|9 -> 0],[0 -> 0|1|0|1|2|3|4|5|6|7|8|9|2|0|1|2|3|4|5|6|7|8|9|3|0|1|2|3|4|5|6|7|8|9|4|5|6|7|8|9 -> 0],[2; 11; 9; 2],0.316,,,,,,,,0,0,,,,,,,
diamond,40,NOOP,0.7,,,CREATE_DELETE,NOOP,[0 -> 0|1|0|1|2|3|4|5|6|7|8|9|2|0|1|2|3|4|5|6|7|8|9|3|0|1|2|3|4|5|6|7|8|9|4|5|6|7|8|9 -> 0],[0 -> 0|1|0|1|2|3|4|5|6|7|8|9|2|0|1|2|3|4|5|6|7|8|9|3|0|1|2|3|4|5|6|7|8|9|4|5|6|7|8|9 -> 0],[8; 13; 2; 1],0.34,,,,FALSE,2.992,,,7,0,,,,,,,
diamond,40,NOOP,0.7,,,CREATE_DELETE,UPDATE,[0 -> 0|1|0|1|2|3|4|5|6|7|8|9|2|0|1|2|3|4|5|6|7|8|9|3|0|1|2|3|4|5|6|7|8|9|4|5|6|7|8|9 -> 0],[0 -> 0|1|0|1|2|3|4|5|6|7|8|9|2|0|1|2|3|4|5|6|7|8|9|3|0|1|2|3|4|5|6|7|8|9|4|5|6|7|8|9 -> 0],[4; 8; 4; 1],0.332,,,,FALSE,2.777,,,3,0,,,,,,,
diamond,40,NOOP,0.7,,,DELETE_CREATE,CREATE_DELETE,[0 -> 0|1|0|1|2|3|4|5|6|7|8|9|2|0|1|2|3|4|5|6|7|8|9|3|0|1|2|3|4|5|6|7|8|9|4|5|6|7|8|9 -> 0],[0 -> 0|1|0|1|2|3|4|5|6|7|8|9|2|0|1|2|3|4|5|6|7|8|9|3|0|1|2|3|4|5|6|7|8|9|4|5|6|7|8|9 -> 0],[1; 13; 1; 1; 7; 1],0.316,,,,,,,,0,0,,,,,,,
diamond,40,NOOP,0.7,,,DELETE_CREATE,DELETE_CREATE,[0 -> 0|1|0|1|2|3|4|5|6|7|8|9|2|0|1|2|3|4|5|6|7|8|9|3|0|1|2|3|4|5|6|7|8|9|4|5|6|7|8|9 -> 0],[0 -> 0|1|0|1|2|3|4|5|6|7|8|9|2|0|1|2|3|4|5|6|7|8|9|3|0|1|2|3|4|5|6|7|8|9|4|5|6|7|8|9 -> 0],[2; 13; 13; 2],0.332,,,,,,,,0,0,,,,,,,
diamond,40,NOOP,0.7,,,DELETE_CREATE,NOOP,[0 -> 0|1|0|1|2|3|4|5|6|7|8|9|2|0|1|2|3|4|5|6|7|8|9|3|0|1|2|3|4|5|6|7|8|9|4|5|6|7|8|9 -> 0],[0 -> 0|1|0|1|2|3|4|5|6|7|8|9|2|0|1|2|3|4|5|6|7|8|9|3|0|1|2|3|4|5|6|7|8|9|4|5|6|7|8|9 -> 0],[7; 12; 2; 1],0.324,,,,FALSE,3.03,,,6,0,,,,,,,
diamond,40,NOOP,0.7,,,DELETE_CREATE,UPDATE,[0 -> 0|1|0|1|2|3|4|5|6|7|8|9|2|0|1|2|3|4|5|6|7|8|9|3|0|1|2|3|4|5|6|7|8|9|4|5|6|7|8|9 -> 0],[0 -> 0|1|0|1|2|3|4|5|6|7|8|9|2|0|1|2|3|4|5|6|7|8|9|3|0|1|2|3|4|5|6|7|8|9|4|5|6|7|8|9 -> 0],[2; 10; 4; 1],0.324,,,,FALSE,3.536,,,1,0,,,,,,,
diamond,40,NOOP,0.7,,,NOOP,CREATE_DELETE,[0 -> 0|1|0|1|2|3|4|5|6|7|8|9|2|0|1|2|3|4|5|6|7|8|9|3|0|1|2|3|4|5|6|7|8|9|4|5|6|7|8|9 -> 0],[0 -> 0|1|0|1|2|3|4|5|6|7|8|9|2|0|1|2|3|4|5|6|7|8|9|3|0|1|2|3|4|5|6|7|8|9|4|5|6|7|8|9 -> 0],[15; 1; 1; 12],0.344,,,,,,,,0,0.001,,,,,,,
diamond,40,NOOP,0.7,,,NOOP,DELETE_CREATE,[0 -> 0|1|0|1|2|3|4|5|6|7|8|9|2|0|1|2|3|4|5|6|7|8|9|3|0|1|2|3|4|5|6|7|8|9|4|5|6|7|8|9 -> 0],[0 -> 0|1|0|1|2|3|4|5|6|7|8|9|2|0|1|2|3|4|5|6|7|8|9|3|0|1|2|3|4|5|6|7|8|9|4|5|6|7|8|9 -> 0],[5; 6; 4; 1],0.308,,,,,,,,0,0,,,,,,,
diamond,40,NOOP,0.7,,,NOOP,NOOP,[0 -> 0|1|0|1|2|3|4|5|6|7|8|9|2|0|1|2|3|4|5|6|7|8|9|3|0|1|2|3|4|5|6|7|8|9|4|5|6|7|8|9 -> 0],[0 -> 0|1|0|1|2|3|4|5|6|7|8|9|2|0|1|2|3|4|5|6|7|8|9|3|0|1|2|3|4|5|6|7|8|9|4|5|6|7|8|9 -> 0],[8; 7],0.296,,,,FALSE,2.74,,,3,0,,,,,,,
diamond,40,NOOP,0.7,,,NOOP,UPDATE,[0 -> 0|1|0|1|2|3|4|5|6|7|8|9|2|0|1|2|3|4|5|6|7|8|9|3|0|1|2|3|4|5|6|7|8|9|4|5|6|7|8|9 -> 0],[0 -> 0|1|0|1|2|3|4|5|6|7|8|9|2|0|1|2|3|4|5|6|7|8|9|3|0|1|2|3|4|5|6|7|8|9|4|5|6|7|8|9 -> 0],[14; 8; 1],0.308,,,,FALSE,3.457,,,5,0,,,,,,,
diamond,40,NOOP,0.7,,,UPDATE,CREATE_DELETE,[0 -> 0|1|0|1|2|3|4|5|6|7|8|9|2|0|1|2|3|4|5|6|7|8|9|3|0|1|2|3|4|5|6|7|8|9|4|5|6|7|8|9 -> 0],[0 -> 0|1|0|1|2|3|4|5|6|7|8|9|2|0|1|2|3|4|5|6|7|8|9|3|0|1|2|3|4|5|6|7|8|9|4|5|6|7|8|9 -> 0],[1; 11; 1; 1; 8],0.304,,,,,,,,0,0,,,,,,,
diamond,40,NOOP,0.7,,,UPDATE,DELETE_CREATE,[0 -> 0|1|0|1|2|3|4|5|6|7|8|9|2|0|1|2|3|4|5|6|7|8|9|3|0|1|2|3|4|5|6|7|8|9|4|5|6|7|8|9 -> 0],[0 -> 0|1|0|1|2|3|4|5|6|7|8|9|2|0|1|2|3|4|5|6|7|8|9|3|0|1|2|3|4|5|6|7|8|9|4|5|6|7|8|9 -> 0],[2; 11; 7; 1],0.308,,,,,,,,0,0,,,,,,,
diamond,40,NOOP,0.7,,,UPDATE,NOOP,[0 -> 0|1|0|1|2|3|4|5|6|7|8|9|2|0|1|2|3|4|5|6|7|8|9|3|0|1|2|3|4|5|6|7|8|9|4|5|6|7|8|9 -> 0],[0 -> 0|1|0|1|2|3|4|5|6|7|8|9|2|0|1|2|3|4|5|6|7|8|9|3|0|1|2|3|4|5|6|7|8|9|4|5|6|7|8|9 -> 0],[7; 11; 2],0.308,,,,FALSE,2.522,,,6,0,,,,,,,
diamond,40,NOOP,0.7,,,UPDATE,UPDATE,[0 -> 0|1|0|1|2|3|4|5|6|7|8|9|2|0|1|2|3|4|5|6|7|8|9|3|0|1|2|3|4|5|6|7|8|9|4|5|6|7|8|9 -> 0],[0 -> 0|1|0|1|2|3|4|5|6|7|8|9|2|0|1|2|3|4|5|6|7|8|9|3|0|1|2|3|4|5|6|7|8|9|4|5|6|7|8|9 -> 0],[3; 12; 6],0.324,,,,FALSE,4.008,,,2,0,,,,,,,
diamond,40,DELETE_CREATE,0.4,,,CREATE_DELETE,CREATE_DELETE,[0 -> 0|1|0|1|2|3|4|5|6|7|8|9|2|0|1|2|3|4|5|6|7|8|9|3|0|1|2|3|4|5|6|7|8|9|4|5|6|7|8|9 -> 0],[0 -> 0|1|0|1|2|3|4|5|6|7|8|9|2|0|1|2|3|4|5|6|7|8|9|3|0|1|2|3|4|5|6|7|8|9|4|5|6|7|8|9 -> 0],[1; 36; 1; 1; 29; 1],0.344,,,,,,,,0,0.001,,,,,,,
diamond,40,DELETE_CREATE,0.4,,,CREATE_DELETE,DELETE_CREATE,[0 -> 0|1|0|1|2|3|4|5|6|7|8|9|2|0|1|2|3|4|5|6|7|8|9|3|0|1|2|3|4|5|6|7|8|9|4|5|6|7|8|9 -> 0],[0 -> 0|1|0|1|2|3|4|5|6|7|8|9|2|0|1|2|3|4|5|6|7|8|9|3|0|1|2|3|4|5|6|7|8|9|4|5|6|7|8|9 -> 0],[2; 30; 27; 2],0.352,,,,,,,,0,0.001,,,,,,,
diamond,40,DELETE_CREATE,0.4,,,CREATE_DELETE,NOOP,[0 -> 0|1|0|1|2|3|4|5|6|7|8|9|2|0|1|2|3|4|5|6|7|8|9|3|0|1|2|3|4|5|6|7|8|9|4|5|6|7|8|9 -> 0],[0 -> 0|1|0|1|2|3|4|5|6|7|8|9|2|0|1|2|3|4|5|6|7|8|9|3|0|1|2|3|4|5|6|7|8|9|4|5|6|7|8|9 -> 0],[17; 31; 7; 1],0.352,,,,FALSE,8.288,,,16,0.001,,,,,,,
diamond,40,DELETE_CREATE,0.4,,,CREATE_DELETE,UPDATE,[0 -> 0|1|0|1|2|3|4|5|6|7|8|9|2|0|1|2|3|4|5|6|7|8|9|3|0|1|2|3|4|5|6|7|8|9|4|5|6|7|8|9 -> 0],[0 -> 0|1|0|1|2|3|4|5|6|7|8|9|2|0|1|2|3|4|5|6|7|8|9|3|0|1|2|3|4|5|6|7|8|9|4|5|6|7|8|9 -> 0],[21; 34; 9; 1],0.364,,,,FALSE,9.19,,,20,0.001,,,,,,,
diamond,40,DELETE_CREATE,0.4,,,DELETE_CREATE,CREATE_DELETE,[0 -> 0|1|0|1|2|3|4|5|6|7|8|9|2|0|1|2|3|4|5|6|7|8|9|3|0|1|2|3|4|5|6|7|8|9|4|5|6|7|8|9 -> 0],[0 -> 0|1|0|1|2|3|4|5|6|7|8|9|2|0|1|2|3|4|5|6|7|8|9|3|0|1|2|3|4|5|6|7|8|9|4|5|6|7|8|9 -> 0],[1; 26; 1; 1; 22; 1],0.376,,,,,,,,0,0.001,,,,,,,
diamond,40,DELETE_CREATE,0.4,,,DELETE_CREATE,DELETE_CREATE,[0 -> 0|1|0|1|2|3|4|5|6|7|8|9|2|0|1|2|3|4|5|6|7|8|9|3|0|1|2|3|4|5|6|7|8|9|4|5|6|7|8|9 -> 0],[0 -> 0|1|0|1|2|3|4|5|6|7|8|9|2|0|1|2|3|4|5|6|7|8|9|3|0|1|2|3|4|5|6|7|8|9|4|5|6|7|8|9 -> 0],[2; 33; 23; 2],0.34,,,,,,,,0,0.001,,,,,,,
diamond,40,DELETE_CREATE,0.4,,,DELETE_CREATE,NOOP,[0 -> 0|1|0|1|2|3|4|5|6|7|8|9|2|0|1|2|3|4|5|6|7|8|9|3|0|1|2|3|4|5|6|7|8|9|4|5|6|7|8|9 -> 0],[0 -> 0|1|0|1|2|3|4|5|6|7|8|9|2|0|1|2|3|4|5|6|7|8|9|3|0|1|2|3|4|5|6|7|8|9|4|5|6|7|8|9 -> 0],[18; 31; 2; 1],0.324,,,,FALSE,6.698,,,17,0,,,,,,,
diamond,40,DELETE_CREATE,0.4,,,DELETE_CREATE,UPDATE,[0 -> 0|1|0|1|2|3|4|5|6|7|8|9|2|0|1|2|3|4|5|6|7|8|9|3|0|1|2|3|4|5|6|7|8|9|4|5|6|7|8|9 -> 0],[0 -> 0|1|0|1|2|3|4|5|6|7|8|9|2|0|1|2|3|4|5|6|7|8|9|3|0|1|2|3|4|5|6|7|8|9|4|5|6|7|8|9 -> 0],[12; 29; 12; 1],0.344,,,,FALSE,9.799,,,11,0.001,,,,,,,
diamond,40,DELETE_CREATE,0.4,,,NOOP,CREATE_DELETE,[0 -> 0|1|0|1|2|3|4|5|6|7|8|9|2|0|1|2|3|4|5|6|7|8|9|3|0|1|2|3|4|5|6|7|8|9|4|5|6|7|8|9 -> 0],[0 -> 0|1|0|1|2|3|4|5|6|7|8|9|2|0|1|2|3|4|5|6|7|8|9|3|0|1|2|3|4|5|6|7|8|9|4|5|6|7|8|9 -> 0],[32; 1; 1; 21],0.32,,,,,,,,0,0,,,,,,,
diamond,40,DELETE_CREATE,0.4,,,NOOP,DELETE_CREATE,[0 -> 0|1|0|1|2|3|4|5|6|7|8|9|2|0|1|2|3|4|5|6|7|8|9|3|0|1|2|3|4|5|6|7|8|9|4|5|6|7|8|9 -> 0],[0 -> 0|1|0|1|2|3|4|5|6|7|8|9|2|0|1|2|3|4|5|6|7|8|9|3|0|1|2|3|4|5|6|7|8|9|4|5|6|7|8|9 -> 0],[17; 25; 19; 1],0.332,,,,,,,,0,0,,,,,,,
diamond,40,DELETE_CREATE,0.4,,,NOOP,NOOP,[0 -> 0|1|0|1|2|3|4|5|6|7|8|9|2|0|1|2|3|4|5|6|7|8|9|3|0|1|2|3|4|5|6|7|8|9|4|5|6|7|8|9 -> 0],[0 -> 0|1|0|1|2|3|4|5|6|7|8|9|2|0|1|2|3|4|5|6|7|8|9|3|0|1|2|3|4|5|6|7|8|9|4|5|6|7|8|9 -> 0],[33; 23],0.34,,,,FALSE,8.928,,,15,0,,,,,,,
diamond,40,DELETE_CREATE,0.4,,,NOOP,UPDATE,[0 -> 0|1|0|1|2|3|4|5|6|7|8|9|2|0|1|2|3|4|5|6|7|8|9|3|0|1|2|3|4|5|6|7|8|9|4|5|6|7|8|9 -> 0],[0 -> 0|1|0|1|2|3|4|5|6|7|8|9|2|0|1|2|3|4|5|6|7|8|9|3|0|1|2|3|4|5|6|7|8|9|4|5|6|7|8|9 -> 0],[31; 21; 1],0.356,,,,FALSE,8.98,,,12,0,,,,,,,
diamond,40,DELETE_CREATE,0.4,,,UPDATE,CREATE_DELETE,[0 -> 0|1|0|1|2|3|4|5|6|7|8|9|2|0|1|2|3|4|5|6|7|8|9|3|0|1|2|3|4|5|6|7|8|9|4|5|6|7|8|9 -> 0],[0 -> 0|1|0|1|2|3|4|5|6|7|8|9|2|0|1|2|3|4|5|6|7|8|9|3|0|1|2|3|4|5|6|7|8|9|4|5|6|7|8|9 -> 0],[1; 34; 1; 1; 29],0.36,,,,,,,,0,0.001,,,,,,,
diamond,40,DELETE_CREATE,0.4,,,UPDATE,DELETE_CREATE,[0 -> 0|1|0|1|2|3|4|5|6|7|8|9|2|0|1|2|3|4|5|6|7|8|9|3|0|1|2|3|4|5|6|7|8|9|4|5|6|7|8|9 -> 0],[0 -> 0|1|0|1|2|3|4|5|6|7|8|9|2|0|1|2|3|4|5|6|7|8|9|3|0|1|2|3|4|5|6|7|8|9|4|5|6|7|8|9 -> 0],[2; 32; 24; 1],0.36,,,,,,,,0,0,,,,,,,
diamond,40,DELETE_CREATE,0.4,,,UPDATE,NOOP,[0 -> 0|1|0|1|2|3|4|5|6|7|8|9|2|0|1|2|3|4|5|6|7|8|9|3|0|1|2|3|4|5|6|7|8|9|4|5|6|7|8|9 -> 0],[0 -> 0|1|0|1|2|3|4|5|6|7|8|9|2|0|1|2|3|4|5|6|7|8|9|3|0|1|2|3|4|5|6|7|8|9|4|5|6|7|8|9 -> 0],[14; 29; 10],0.34,,,,FALSE,8.769,,,13,0.001,,,,,,,
diamond,40,DELETE_CREATE,0.4,,,UPDATE,UPDATE,[0 -> 0|1|0|1|2|3|4|5|6|7|8|9|2|0|1|2|3|4|5|6|7|8|9|3|0|1|2|3|4|5|6|7|8|9|4|5|6|7|8|9 -> 0],[0 -> 0|1|0|1|2|3|4|5|6|7|8|9|2|0|1|2|3|4|5|6|7|8|9|3|0|1|2|3|4|5|6|7|8|9|4|5|6|7|8|9 -> 0],[18; 31; 8],0.336,,,,FALSE,7.867,,,17,0.001,,,,,,,
diamond,40,DELETE_CREATE,0.7,,,CREATE_DELETE,CREATE_DELETE,[0 -> 0|1|0|1|2|3|4|5|6|7|8|9|2|0|1|2|3|4|5|6|7|8|9|3|0|1|2|3|4|5|6|7|8|9|4|5|6|7|8|9 -> 0],[0 -> 0|1|0|1|2|3|4|5|6|7|8|9|2|0|1|2|3|4|5|6|7|8|9|3|0|1|2|3|4|5|6|7|8|9|4|5|6|7|8|9 -> 0],[1; 36; 1; 1; 33; 1],0.384,,,,,,,,0,0.001,,,,,,,
diamond,40,DELETE_CREATE,0.7,,,CREATE_DELETE,DELETE_CREATE,[0 -> 0|1|0|1|2|3|4|5|6|7|8|9|2|0|1|2|3|4|5|6|7|8|9|3|0|1|2|3|4|5|6|7|8|9|4|5|6|7|8|9 -> 0],[0 -> 0|1|0|1|2|3|4|5|6|7|8|9|2|0|1|2|3|4|5|6|7|8|9|3|0|1|2|3|4|5|6|7|8|9|4|5|6|7|8|9 -> 0],[2; 37; 32; 2],0.364,,,,,,,,0,0.001,,,,,,,
diamond,40,DELETE_CREATE,0.7,,,CREATE_DELETE,NOOP,[0 -> 0|1|0|1|2|3|4|5|6|7|8|9|2|0|1|2|3|4|5|6|7|8|9|3|0|1|2|3|4|5|6|7|8|9|4|5|6|7|8|9 -> 0],[0 -> 0|1|0|1|2|3|4|5|6|7|8|9|2|0|1|2|3|4|5|6|7|8|9|3|0|1|2|3|4|5|6|7|8|9|4|5|6|7|8|9 -> 0],[31; 36; 3; 1],0.372,,,,FALSE,7.462,,,30,0.001,,,,,,,
diamond,40,DELETE_CREATE,0.7,,,CREATE_DELETE,UPDATE,[0 -> 0|1|0|1|2|3|4|5|6|7|8|9|2|0|1|2|3|4|5|6|7|8|9|3|0|1|2|3|4|5|6|7|8|9|4|5|6|7|8|9 -> 0],[0 -> 0|1|0|1|2|3|4|5|6|7|8|9|2|0|1|2|3|4|5|6|7|8|9|3|0|1|2|3|4|5|6|7|8|9|4|5|6|7|8|9 -> 0],[27; 32; 4; 1],0.36,,,,FALSE,6.664,,,26,0.001,,,,,,,
diamond,40,DELETE_CREATE,0.7,,,DELETE_CREATE,CREATE_DELETE,[0 -> 0|1|0|1|2|3|4|5|6|7|8|9|2|0|1|2|3|4|5|6|7|8|9|3|0|1|2|3|4|5|6|7|8|9|4|5|6|7|8|9 -> 0],[0 -> 0|1|0|1|2|3|4|5|6|7|8|9|2|0|1|2|3|4|5|6|7|8|9|3|0|1|2|3|4|5|6|7|8|9|4|5|6|7|8|9 -> 0],[1; 34; 1; 1; 28; 1],0.352,,,,,,,,0,0.001,,,,,,,
diamond,40,DELETE_CREATE,0.7,,,DELETE_CREATE,DELETE_CREATE,[0 -> 0|1|0|1|2|3|4|5|6|7|8|9|2|0|1|2|3|4|5|6|7|8|9|3|0|1|2|3|4|5|6|7|8|9|4|5|6|7|8|9 -> 0],[0 -> 0|1|0|1|2|3|4|5|6|7|8|9|2|0|1|2|3|4|5|6|7|8|9|3|0|1|2|3|4|5|6|7|8|9|4|5|6|7|8|9 -> 0],[2; 39; 35; 2],0.384,,,,,,,,0,0.001,,,,,,,
diamond,40,DELETE_CREATE,0.7,,,DELETE_CREATE,NOOP,[0 -> 0|1|0|1|2|3|4|5|6|7|8|9|2|0|1|2|3|4|5|6|7|8|9|3|0|1|2|3|4|5|6|7|8|9|4|5|6|7|8|9 -> 0],[0 -> 0|1|0|1|2|3|4|5|6|7|8|9|2|0|1|2|3|4|5|6|7|8|9|3|0|1|2|3|4|5|6|7|8|9|4|5|6|7|8|9 -> 0],[20; 33; 8; 1],0.364,,,,FALSE,8.724,,,19,0.001,,,,,,,
diamond,40,DELETE_CREATE,0.7,,,DELETE_CREATE,UPDATE,[0 -> 0|1|0|1|2|3|4|5|6|7|8|9|2|0|1|2|3|4|5|6|7|8|9|3|0|1|2|3|4|5|6|7|8|9|4|5|6|7|8|9 -> 0],[0 -> 0|1|0|1|2|3|4|5|6|7|8|9|2|0|1|2|3|4|5|6|7|8|9|3|0|1|2|3|4|5|6|7|8|9|4|5|6|7|8|9 -> 0],[32; 38; 5; 1],0.352,,,,FALSE,8.589,,,31,0.001,,,,,,,
diamond,40,DELETE_CREATE,0.7,,,NOOP,CREATE_DELETE,[0 -> 0|1|0|1|2|3|4|5|6|7|8|9|2|0|1|2|3|4|5|6|7|8|9|3|0|1|2|3|4|5|6|7|8|9|4|5|6|7|8|9 -> 0],[0 -> 0|1|0|1|2|3|4|5|6|7|8|9|2|0|1|2|3|4|5|6|7|8|9|3|0|1|2|3|4|5|6|7|8|9|4|5|6|7|8|9 -> 0],[34; 1; 1; 30],0.34,,,,,,,,0,0,,,,,,,
diamond,40,DELETE_CREATE,0.7,,,NOOP,DELETE_CREATE,[0 -> 0|1|0|1|2|3|4|5|6|7|8|9|2|0|1|2|3|4|5|6|7|8|9|3|0|1|2|3|4|5|6|7|8|9|4|5|6|7|8|9 -> 0],[0 -> 0|1|0|1|2|3|4|5|6|7|8|9|2|0|1|2|3|4|5|6|7|8|9|3|0|1|2|3|4|5|6|7|8|9|4|5|6|7|8|9 -> 0],[6; 37; 33; 1],0.38,,,,,,,,0,0,,,,,,,
diamond,40,DELETE_CREATE,0.7,,,NOOP,NOOP,[0 -> 0|1|0|1|2|3|4|5|6|7|8|9|2|0|1|2|3|4|5|6|7|8|9|3|0|1|2|3|4|5|6|7|8|9|4|5|6|7|8|9 -> 0],[0 -> 0|1|0|1|2|3|4|5|6|7|8|9|2|0|1|2|3|4|5|6|7|8|9|3|0|1|2|3|4|5|6|7|8|9|4|5|6|7|8|9 -> 0],[36; 34],0.352,,,,FALSE,8.1,,,28,0.001,,,,,,,
diamond,40,DELETE_CREATE,0.7,,,NOOP,UPDATE,[0 -> 0|1|0|1|2|3|4|5|6|7|8|9|2|0|1|2|3|4|5|6|7|8|9|3|0|1|2|3|4|5|6|7|8|9|4|5|6|7|8|9 -> 0],[0 -> 0|1|0|1|2|3|4|5|6|7|8|9|2|0|1|2|3|4|5|6|7|8|9|3|0|1|2|3|4|5|6|7|8|9|4|5|6|7|8|9 -> 0],[37; 34; 1],0.356,,,,FALSE,7.633,,,31,0.001,,,,,,,
diamond,40,DELETE_CREATE,0.7,,,UPDATE,CREATE_DELETE,[0 -> 0|1|0|1|2|3|4|5|6|7|8|9|2|0|1|2|3|4|5|6|7|8|9|3|0|1|2|3|4|5|6|7|8|9|4|5|6|7|8|9 -> 0],[0 -> 0|1|0|1|2|3|4|5|6|7|8|9|2|0|1|2|3|4|5|6|7|8|9|3|0|1|2|3|4|5|6|7|8|9|4|5|6|7|8|9 -> 0],[1; 37; 1; 1; 35],0.396,,,,,,,,0,0.001,,,,,,,
diamond,40,DELETE_CREATE,0.7,,,UPDATE,DELETE_CREATE,[0 -> 0|1|0|1|2|3|4|5|6|7|8|9|2|0|1|2|3|4|5|6|7|8|9|3|0|1|2|3|4|5|6|7|8|9|4|5|6|7|8|9 -> 0],[0 -> 0|1|0|1|2|3|4|5|6|7|8|9|2|0|1|2|3|4|5|6|7|8|9|3|0|1|2|3|4|5|6|7|8|9|4|5|6|7|8|9 -> 0],[2; 34; 31; 1],0.388,,,,,,,,0,0.001,,,,,,,
diamond,40,DELETE_CREATE,0.7,,,UPDATE,NOOP,[0 -> 0|1|0|1|2|3|4|5|6|7|8|9|2|0|1|2|3|4|5|6|7|8|9|3|0|1|2|3|4|5|6|7|8|9|4|5|6|7|8|9 -> 0],[0 -> 0|1|0|1|2|3|4|5|6|7|8|9|2|0|1|2|3|4|5|6|7|8|9|3|0|1|2|3|4|5|6|7|8|9|4|5|6|7|8|9 -> 0],[31; 32],0.328,,,,FALSE,5.447,,,30,0,,,,,,,
diamond,40,DELETE_CREATE,0.7,,,UPDATE,UPDATE,[0 -> 0|1|0|1|2|3|4|5|6|7|8|9|2|0|1|2|3|4|5|6|7|8|9|3|0|1|2|3|4|5|6|7|8|9|4|5|6|7|8|9 -> 0],[0 -> 0|1|0|1|2|3|4|5|6|7|8|9|2|0|1|2|3|4|5|6|7|8|9|3|0|1|2|3|4|5|6|7|8|9|4|5|6|7|8|9 -> 0],[27; 39; 7],0.348,,,,FALSE,9.755,,,26,0.001,,,,,,,
diamond,40,CREATE_DELETE,0.4,,,CREATE_DELETE,CREATE_DELETE,[0 -> 0|1|0|1|2|3|4|5|6|7|8|9|2|0|1|2|3|4|5|6|7|8|9|3|0|1|2|3|4|5|6|7|8|9|4|5|6|7|8|9 -> 0],[0 -> 0|1|0|1|2|3|4|5|6|7|8|9|2|0|1|2|3|4|5|6|7|8|9|3|0|1|2|3|4|5|6|7|8|9|4|5|6|7|8|9 -> 0],[1; 31; 1; 1; 22; 1],0.348,,,,,,,,0,0.001,,,,,,,
diamond,40,CREATE_DELETE,0.4,,,CREATE_DELETE,DELETE_CREATE,[0 -> 0|1|0|1|2|3|4|5|6|7|8|9|2|0|1|2|3|4|5|6|7|8|9|3|0|1|2|3|4|5|6|7|8|9|4|5|6|7|8|9 -> 0],[0 -> 0|1|0|1|2|3|4|5|6|7|8|9|2|0|1|2|3|4|5|6|7|8|9|3|0|1|2|3|4|5|6|7|8|9|4|5|6|7|8|9 -> 0],[2; 31; 21; 2],0.34,,,,,,,,0,0,,,,,,,
diamond,40,CREATE_DELETE,0.4,,,CREATE_DELETE,NOOP,[0 -> 0|1|0|1|2|3|4|5|6|7|8|9|2|0|1|2|3|4|5|6|7|8|9|3|0|1|2|3|4|5|6|7|8|9|4|5|6|7|8|9 -> 0],[0 -> 0|1|0|1|2|3|4|5|6|7|8|9|2|0|1|2|3|4|5|6|7|8|9|3|0|1|2|3|4|5|6|7|8|9|4|5|6|7|8|9 -> 0],[9; 28; 15; 1],0.34,,,,FALSE,10.53,,,8,0.001,,,,,,,
diamond,40,CREATE_DELETE,0.4,,,CREATE_DELETE,UPDATE,[0 -> 0|1|0|1|2|3|4|5|6|7|8|9|2|0|1|2|3|4|5|6|7|8|9|3|0|1|2|3|4|5|6|7|8|9|4|5|6|7|8|9 -> 0],[0 -> 0|1|0|1|2|3|4|5|6|7|8|9|2|0|1|2|3|4|5|6|7|8|9|3|0|1|2|3|4|5|6|7|8|9|4|5|6|7|8|9 -> 0],[9; 36; 19; 1],0.324,,,,FALSE,15.822,,,8,0,,,,,,,
diamond,40,CREATE_DELETE,0.4,,,DELETE_CREATE,CREATE_DELETE,[0 -> 0|1|0|1|2|3|4|5|6|7|8|9|2|0|1|2|3|4|5|6|7|8|9|3|0|1|2|3|4|5|6|7|8|9|4|5|6|7|8|9 -> 0],[0 -> 0|1|0|1|2|3|4|5|6|7|8|9|2|0|1|2|3|4|5|6|7|8|9|3|0|1|2|3|4|5|6|7|8|9|4|5|6|7|8|9 -> 0],[1; 33; 1; 1; 26; 1],0.328,,,,,,,,0,0.001,,,,,,,
diamond,40,CREATE_DELETE,0.4,,,DELETE_CREATE,DELETE_CREATE,[0 -> 0|1|0|1|2|3|4|5|6|7|8|9|2|0|1|2|3|4|5|6|7|8|9|3|0|1|2|3|4|5|6|7|8|9|4|5|6|7|8|9 -> 0],[0 -> 0|1|0|1|2|3|4|5|6|7|8|9|2|0|1|2|3|4|5|6|7|8|9|3|0|1|2|3|4|5|6|7|8|9|4|5|6|7|8|9 -> 0],[2; 35; 25; 2],0.352,,,,,,,,0,0.001,,,,,,,
diamond,40,CREATE_DELETE,0.4,,,DELETE_CREATE,NOOP,[0 -> 0|1|0|1|2|3|4|5|6|7|8|9|2|0|1|2|3|4|5|6|7|8|9|3|0|1|2|3|4|5|6|7|8|9|4|5|6|7|8|9 -> 0],[0 -> 0|1|0|1|2|3|4|5|6|7|8|9|2|0|1|2|3|4|5|6|7|8|9|3|0|1|2|3|4|5|6|7|8|9|4|5|6|7|8|9 -> 0],[8; 31; 15; 1],0.332,,,,FALSE,12.186,,,7,0,,,,,,,
diamond,40,CREATE_DELETE,0.4,,,DELETE_CREATE,UPDATE,[0 -> 0|1|0|1|2|3|4|5|6|7|8|9|2|0|1|2|3|4|5|6|7|8|9|3|0|1|2|3|4|5|6|7|8|9|4|5|6|7|8|9 -> 0],[0 -> 0|1|0|1|2|3|4|5|6|7|8|9|2|0|1|2|3|4|5|6|7|8|9|3|0|1|2|3|4|5|6|7|8|9|4|5|6|7|8|9 -> 0],[5; 31; 20; 1],0.352,,,,FALSE,14.129,,,4,0,,,,,,,
diamond,40,CREATE_DELETE,0.4,,,NOOP,CREATE_DELETE,[0 -> 0|1|0|1|2|3|4|5|6|7|8|9|2|0|1|2|3|4|5|6|7|8|9|3|0|1|2|3|4|5|6|7|8|9|4|5|6|7|8|9 -> 0],[0 -> 0|1|0|1|2|3|4|5|6|7|8|9|2|0|1|2|3|4|5|6|7|8|9|3|0|1|2|3|4|5|6|7|8|9|4|5|6|7|8|9 -> 0],[31; 1; 1; 22],0.356,,,,,,,,0,0,,,,,,,
diamond,40,CREATE_DELETE,0.4,,,NOOP,DELETE_CREATE,[0 -> 0|1|0|1|2|3|4|5|6|7|8|9|2|0|1|2|3|4|5|6|7|8|9|3|0|1|2|3|4|5|6|7|8|9|4|5|6|7|8|9 -> 0],[0 -> 0|1|0|1|2|3|4|5|6|7|8|9|2|0|1|2|3|4|5|6|7|8|9|3|0|1|2|3|4|5|6|7|8|9|4|5|6|7|8|9 -> 0],[27; 27; 7; 1],0.372,,,,,,,,0,0,,,,,,,
diamond,40,CREATE_DELETE,0.4,,,NOOP,NOOP,[0 -> 0|1|0|1|2|3|4|5|6|7|8|9|2|0|1|2|3|4|5|6|7|8|9|3|0|1|2|3|4|5|6|7|8|9|4|5|6|7|8|9 -> 0],[0 -> 0|1|0|1|2|3|4|5|6|7|8|9|2|0|1|2|3|4|5|6|7|8|9|3|0|1|2|3|4|5|6|7|8|9|4|5|6|7|8|9 -> 0],[33; 29],0.324,,,,FALSE,14.232,,,8,0,,,,,,,
diamond,40,CREATE_DELETE,0.4,,,NOOP,UPDATE,[0 -> 0|1|0|1|2|3|4|5|6|7|8|9|2|0|1|2|3|4|5|6|7|8|9|3|0|1|2|3|4|5|6|7|8|9|4|5|6|7|8|9 -> 0],[0 -> 0|1|0|1|2|3|4|5|6|7|8|9|2|0|1|2|3|4|5|6|7|8|9|3|0|1|2|3|4|5|6|7|8|9|4|5|6|7|8|9 -> 0],[31; 24; 1],0.32,,,,FALSE,10.218,,,11,0,,,,,,,
diamond,40,CREATE_DELETE,0.4,,,UPDATE,CREATE_DELETE,[0 -> 0|1|0|1|2|3|4|5|6|7|8|9|2|0|1|2|3|4|5|6|7|8|9|3|0|1|2|3|4|5|6|7|8|9|4|5|6|7|8|9 -> 0],[0 -> 0|1|0|1|2|3|4|5|6|7|8|9|2|0|1|2|3|4|5|6|7|8|9|3|0|1|2|3|4|5|6|7|8|9|4|5|6|7|8|9 -> 0],[1; 31; 1; 1; 22],0.356,,,,,,,,0,0.001,,,,,,,
diamond,40,CREATE_DELETE,0.4,,,UPDATE,DELETE_CREATE,[0 -> 0|1|0|1|2|3|4|5|6|7|8|9|2|0|1|2|3|4|5|6|7|8|9|3|0|1|2|3|4|5|6|7|8|9|4|5|6|7|8|9 -> 0],[0 -> 0|1|0|1|2|3|4|5|6|7|8|9|2|0|1|2|3|4|5|6|7|8|9|3|0|1|2|3|4|5|6|7|8|9|4|5|6|7|8|9 -> 0],[2; 28; 17; 1],0.316,,,,,,,,0,0,,,,,,,
diamond,40,CREATE_DELETE,0.4,,,UPDATE,NOOP,[0 -> 0|1|0|1|2|3|4|5|6|7|8|9|2|0|1|2|3|4|5|6|7|8|9|3|0|1|2|3|4|5|6|7|8|9|4|5|6|7|8|9 -> 0],[0 -> 0|1|0|1|2|3|4|5|6|7|8|9|2|0|1|2|3|4|5|6|7|8|9|3|0|1|2|3|4|5|6|7|8|9|4|5|6|7|8|9 -> 0],[8; 35; 20],0.368,,,,FALSE,15.116,,,7,0.001,,,,,,,
diamond,40,CREATE_DELETE,0.4,,,UPDATE,UPDATE,[0 -> 0|1|0|1|2|3|4|5|6|7|8|9|2|0|1|2|3|4|5|6|7|8|9|3|0|1|2|3|4|5|6|7|8|9|4|5|6|7|8|9 -> 0],[0 -> 0|1|0|1|2|3|4|5|6|7|8|9|2|0|1|2|3|4|5|6|7|8|9|3|0|1|2|3|4|5|6|7|8|9|4|5|6|7|8|9 -> 0],[8; 30; 18],0.356,,,,FALSE,12.131,,,7,0,,,,,,,
diamond,40,CREATE_DELETE,0.7,,,CREATE_DELETE,CREATE_DELETE,[0 -> 0|1|0|1|2|3|4|5|6|7|8|9|2|0|1|2|3|4|5|6|7|8|9|3|0|1|2|3|4|5|6|7|8|9|4|5|6|7|8|9 -> 0],[0 -> 0|1|0|1|2|3|4|5|6|7|8|9|2|0|1|2|3|4|5|6|7|8|9|3|0|1|2|3|4|5|6|7|8|9|4|5|6|7|8|9 -> 0],[1; 36; 1; 1; 30; 1],0.336,,,,,,,,0,0.001,,,,,,,
diamond,40,CREATE_DELETE,0.7,,,CREATE_DELETE,DELETE_CREATE,[0 -> 0|1|0|1|2|3|4|5|6|7|8|9|2|0|1|2|3|4|5|6|7|8|9|3|0|1|2|3|4|5|6|7|8|9|4|5|6|7|8|9 -> 0],[0 -> 0|1|0|1|2|3|4|5|6|7|8|9|2|0|1|2|3|4|5|6|7|8|9|3|0|1|2|3|4|5|6|7|8|9|4|5|6|7|8|9 -> 0],[2; 38; 33; 2],0.392,,,,,,,,0,0.001,,,,,,,
diamond,40,CREATE_DELETE,0.7,,,CREATE_DELETE,NOOP,[0 -> 0|1|0|1|2|3|4|5|6|7|8|9|2|0|1|2|3|4|5|6|7|8|9|3|0|1|2|3|4|5|6|7|8|9|4|5|6|7|8|9 -> 0],[0 -> 0|1|0|1|2|3|4|5|6|7|8|9|2|0|1|2|3|4|5|6|7|8|9|3|0|1|2|3|4|5|6|7|8|9|4|5|6|7|8|9 -> 0],[6; 36; 25; 1],0.356,,,,FALSE,19.687,,,5,0.001,,,,,,,
diamond,40,CREATE_DELETE,0.7,,,CREATE_DELETE,UPDATE,[0 -> 0|1|0|1|2|3|4|5|6|7|8|9|2|0|1|2|3|4|5|6|7|8|9|3|0|1|2|3|4|5|6|7|8|9|4|5|6|7|8|9 -> 0],[0 -> 0|1|0|1|2|3|4|5|6|7|8|9|2|0|1|2|3|4|5|6|7|8|9|3|0|1|2|3|4|5|6|7|8|9|4|5|6|7|8|9 -> 0],[8; 36; 29; 1],0.364,,,,FALSE,19.83,,,7,0.001,,,,,,,
diamond,40,CREATE_DELETE,0.7,,,DELETE_CREATE,CREATE_DELETE,[0 -> 0|1|0|1|2|3|4|5|6|7|8|9|2|0|1|2|3|4|5|6|7|8|9|3|0|1|2|3|4|5|6|7|8|9|4|5|6|7|8|9 -> 0],[0 -> 0|1|0|1|2|3|4|5|6|7|8|9|2|0|1|2|3|4|5|6|7|8|9|3|0|1|2|3|4|5|6|7|8|9|4|5|6|7|8|9 -> 0],[1; 34; 1; 1; 32; 1],0.388,,,,,,,,0,0.001,,,,,,,
diamond,40,CREATE_DELETE,0.7,,,DELETE_CREATE,DELETE_CREATE,[0 -> 0|1|0|1|2|3|4|5|6|7|8|9|2|0|1|2|3|4|5|6|7|8|9|3|0|1|2|3|4|5|6|7|8|9|4|5|6|7|8|9 -> 0],[0 -> 0|1|0|1|2|3|4|5|6|7|8|9|2|0|1|2|3|4|5|6|7|8|9|3|0|1|2|3|4|5|6|7|8|9|4|5|6|7|8|9 -> 0],[2; 39; 31; 2],0.364,,,,,,,,0,0,,,,,,,
diamond,40,CREATE_DELETE,0.7,,,DELETE_CREATE,NOOP,[0 -> 0|1|0|1|2|3|4|5|6|7|8|9|2|0|1|2|3|4|5|6|7|8|9|3|0|1|2|3|4|5|6|7|8|9|4|5|6|7|8|9 -> 0],[0 -> 0|1|0|1|2|3|4|5|6|7|8|9|2|0|1|2|3|4|5|6|7|8|9|3|0|1|2|3|4|5|6|7|8|9|4|5|6|7|8|9 -> 0],[4; 35; 29; 1],0.356,,,,FALSE,20.427,,,3,0.001,,,,,,,
diamond,40,CREATE_DELETE,0.7,,,DELETE_CREATE,UPDATE,[0 -> 0|1|0|1|2|3|4|5|6|7|8|9|2|0|1|2|3|4|5|6|7|8|9|3|0|1|2|3|4|5|6|7|8|9|4|5|6|7|8|9 -> 0],[0 -> 0|1|0|1|2|3|4|5|6|7|8|9|2|0|1|2|3|4|5|6|7|8|9|3|0|1|2|3|4|5|6|7|8|9|4|5|6|7|8|9 -> 0],[3; 35; 29; 1],0.388,,,,FALSE,21.665,,,2,0.001,,,,,,,
diamond,40,CREATE_DELETE,0.7,,,NOOP,CREATE_DELETE,[0 -> 0|1|0|1|2|3|4|5|6|7|8|9|2|0|1|2|3|4|5|6|7|8|9|3|0|1|2|3|4|5|6|7|8|9|4|5|6|7|8|9 -> 0],[0 -> 0|1|0|1|2|3|4|5|6|7|8|9|2|0|1|2|3|4|5|6|7|8|9|3|0|1|2|3|4|5|6|7|8|9|4|5|6|7|8|9 -> 0],[37; 1; 1; 30],0.376,,,,,,,,0,0.001,,,,,,,
diamond,40,CREATE_DELETE,0.7,,,NOOP,DELETE_CREATE,[0 -> 0|1|0|1|2|3|4|5|6|7|8|9|2|0|1|2|3|4|5|6|7|8|9|3|0|1|2|3|4|5|6|7|8|9|4|5|6|7|8|9 -> 0],[0 -> 0|1|0|1|2|3|4|5|6|7|8|9|2|0|1|2|3|4|5|6|7|8|9|3|0|1|2|3|4|5|6|7|8|9|4|5|6|7|8|9 -> 0],[32; 32; 6; 1],0.384,,,,,,,,0,0.001,,,,,,,
diamond,40,CREATE_DELETE,0.7,,,NOOP,NOOP,[0 -> 0|1|0|1|2|3|4|5|6|7|8|9|2|0|1|2|3|4|5|6|7|8|9|3|0|1|2|3|4|5|6|7|8|9|4|5|6|7|8|9 -> 0],[0 -> 0|1|0|1|2|3|4|5|6|7|8|9|2|0|1|2|3|4|5|6|7|8|9|3|0|1|2|3|4|5|6|7|8|9|4|5|6|7|8|9 -> 0],[33; 31],0.356,,,,FALSE,21.361,,,2,0,,,,,,,
diamond,40,CREATE_DELETE,0.7,,,NOOP,UPDATE,[0 -> 0|1|0|1|2|3|4|5|6|7|8|9|2|0|1|2|3|4|5|6|7|8|9|3|0|1|2|3|4|5|6|7|8|9|4|5|6|7|8|9 -> 0],[0 -> 0|1|0|1|2|3|4|5|6|7|8|9|2|0|1|2|3|4|5|6|7|8|9|3|0|1|2|3|4|5|6|7|8|9|4|5|6|7|8|9 -> 0],[37; 31; 1],0.34,,,,FALSE,22.747,,,4,0,,,,,,,
diamond,40,CREATE_DELETE,0.7,,,UPDATE,CREATE_DELETE,[0 -> 0|1|0|1|2|3|4|5|6|7|8|9|2|0|1|2|3|4|5|6|7|8|9|3|0|1|2|3|4|5|6|7|8|9|4|5|6|7|8|9 -> 0],[0 -> 0|1|0|1|2|3|4|5|6|7|8|9|2|0|1|2|3|4|5|6|7|8|9|3|0|1|2|3|4|5|6|7|8|9|4|5|6|7|8|9 -> 0],[1; 35; 1; 1; 34],0.348,,,,,,,,0,0.001,,,,,,,
diamond,40,CREATE_DELETE,0.7,,,UPDATE,DELETE_CREATE,[0 -> 0|1|0|1|2|3|4|5|6|7|8|9|2|0|1|2|3|4|5|6|7|8|9|3|0|1|2|3|4|5|6|7|8|9|4|5|6|7|8|9 -> 0],[0 -> 0|1|0|1|2|3|4|5|6|7|8|9|2|0|1|2|3|4|5|6|7|8|9|3|0|1|2|3|4|5|6|7|8|9|4|5|6|7|8|9 -> 0],[2; 31; 29; 1],0.376,,,,,,,,0,0.001,,,,,,,
diamond,40,CREATE_DELETE,0.7,,,UPDATE,NOOP,[0 -> 0|1|0|1|2|3|4|5|6|7|8|9|2|0|1|2|3|4|5|6|7|8|9|3|0|1|2|3|4|5|6|7|8|9|4|5|6|7|8|9 -> 0],[0 -> 0|1|0|1|2|3|4|5|6|7|8|9|2|0|1|2|3|4|5|6|7|8|9|3|0|1|2|3|4|5|6|7|8|9|4|5|6|7|8|9 -> 0],[3; 34; 28],0.332,,,,FALSE,19.699,,,2,0,,,,,,,
diamond,40,CREATE_DELETE,0.7,,,UPDATE,UPDATE,[0 -> 0|1|0|1|2|3|4|5|6|7|8|9|2|0|1|2|3|4|5|6|7|8|9|3|0|1|2|3|4|5|6|7|8|9|4|5|6|7|8|9 -> 0],[0 -> 0|1|0|1|2|3|4|5|6|7|8|9|2|0|1|2|3|4|5|6|7|8|9|3|0|1|2|3|4|5|6|7|8|9|4|5|6|7|8|9 -> 0],[7; 39; 28],0.372,,,,FALSE,22.538,,,6,0.001,,,,,,,
diamond,50,UPDATE,0.4,,,CREATE_DELETE,CREATE_DELETE,[0 -> 0|1|0|1|2|3|4|5|6|7|8|9|2|0|1|2|3|4|5|6|7|8|9|3|0|1|2|3|4|5|6|7|8|9|4|0|1|2|3|4|5|6|7|8|9|5|6|7|8|9 -> 0],[0 -> 0|1|0|1|2|3|4|5|6|7|8|9|2|0|1|2|3|4|5|6|7|8|9|3|0|1|2|3|4|5|6|7|8|9|4|0|1|2|3|4|5|6|7|8|9|5|6|7|8|9 -> 0],[1; 41; 1; 1; 17; 1],0.64,,,,,,,,0,0.001,,,,,,,
diamond,50,UPDATE,0.4,,,CREATE_DELETE,DELETE_CREATE,[0 -> 0|1|0|1|2|3|4|5|6|7|8|9|2|0|1|2|3|4|5|6|7|8|9|3|0|1|2|3|4|5|6|7|8|9|4|0|1|2|3|4|5|6|7|8|9|5|6|7|8|9 -> 0],[0 -> 0|1|0|1|2|3|4|5|6|7|8|9|2|0|1|2|3|4|5|6|7|8|9|3|0|1|2|3|4|5|6|7|8|9|4|0|1|2|3|4|5|6|7|8|9|5|6|7|8|9 -> 0],[2; 46; 22; 2],0.644,,,,,,,,0,0.001,,,,,,,
diamond,50,UPDATE,0.4,,,CREATE_DELETE,NOOP,[0 -> 0|1|0|1|2|3|4|5|6|7|8|9|2|0|1|2|3|4|5|6|7|8|9|3|0|1|2|3|4|5|6|7|8|9|4|0|1|2|3|4|5|6|7|8|9|5|6|7|8|9 -> 0],[0 -> 0|1|0|1|2|3|4|5|6|7|8|9|2|0|1|2|3|4|5|6|7|8|9|3|0|1|2|3|4|5|6|7|8|9|4|0|1|2|3|4|5|6|7|8|9|5|6|7|8|9 -> 0],[12; 41; 11; 1],0.572,,,,FALSE,22.903,,,11,0,,,,,,,
diamond,50,UPDATE,0.4,,,CREATE_DELETE,UPDATE,[0 -> 0|1|0|1|2|3|4|5|6|7|8|9|2|0|1|2|3|4|5|6|7|8|9|3|0|1|2|3|4|5|6|7|8|9|4|0|1|2|3|4|5|6|7|8|9|5|6|7|8|9 -> 0],[0 -> 0|1|0|1|2|3|4|5|6|7|8|9|2|0|1|2|3|4|5|6|7|8|9|3|0|1|2|3|4|5|6|7|8|9|4|0|1|2|3|4|5|6|7|8|9|5|6|7|8|9 -> 0],[8; 39; 12; 1],0.62,,,,FALSE,23.129,,,7,0.001,,,,,,,
diamond,50,UPDATE,0.4,,,DELETE_CREATE,CREATE_DELETE,[0 -> 0|1|0|1|2|3|4|5|6|7|8|9|2|0|1|2|3|4|5|6|7|8|9|3|0|1|2|3|4|5|6|7|8|9|4|0|1|2|3|4|5|6|7|8|9|5|6|7|8|9 -> 0],[0 -> 0|1|0|1|2|3|4|5|6|7|8|9|2|0|1|2|3|4|5|6|7|8|9|3|0|1|2|3|4|5|6|7|8|9|4|0|1|2|3|4|5|6|7|8|9|5|6|7|8|9 -> 0],[1; 37; 1; 1; 23; 1],0.644,,,,,,,,0,0.001,,,,,,,
diamond,50,UPDATE,0.4,,,DELETE_CREATE,DELETE_CREATE,[0 -> 0|1|0|1|2|3|4|5|6|7|8|9|2|0|1|2|3|4|5|6|7|8|9|3|0|1|2|3|4|5|6|7|8|9|4|0|1|2|3|4|5|6|7|8|9|5|6|7|8|9 -> 0],[0 -> 0|1|0|1|2|3|4|5|6|7|8|9|2|0|1|2|3|4|5|6|7|8|9|3|0|1|2|3|4|5|6|7|8|9|4|0|1|2|3|4|5|6|7|8|9|5|6|7|8|9 -> 0],[2; 42; 16; 2],0.576,,,,,,,,0,0,,,,,,,
diamond,50,UPDATE,0.4,,,DELETE_CREATE,NOOP,[0 -> 0|1|0|1|2|3|4|5|6|7|8|9|2|0|1|2|3|4|5|6|7|8|9|3|0|1|2|3|4|5|6|7|8|9|4|0|1|2|3|4|5|6|7|8|9|5|6|7|8|9 -> 0],[0 -> 0|1|0|1|2|3|4|5|6|7|8|9|2|0|1|2|3|4|5|6|7|8|9|3|0|1|2|3|4|5|6|7|8|9|4|0|1|2|3|4|5|6|7|8|9|5|6|7|8|9 -> 0],[14; 37; 6; 1],0.62,,,,FALSE,17.31,,,13,0.001,,,,,,,
diamond,50,UPDATE,0.4,,,DELETE_CREATE,UPDATE,[0 -> 0|1|0|1|2|3|4|5|6|7|8|9|2|0|1|2|3|4|5|6|7|8|9|3|0|1|2|3|4|5|6|7|8|9|4|0|1|2|3|4|5|6|7|8|9|5|6|7|8|9 -> 0],[0 -> 0|1|0|1|2|3|4|5|6|7|8|9|2|0|1|2|3|4|5|6|7|8|9|3|0|1|2|3|4|5|6|7|8|9|4|0|1|2|3|4|5|6|7|8|9|5|6|7|8|9 -> 0],[14; 44; 15; 1],0.7,,,,FALSE,26.403,,,13,0.001,,,,,,,
diamond,50,UPDATE,0.4,,,NOOP,CREATE_DELETE,[0 -> 0|1|0|1|2|3|4|5|6|7|8|9|2|0|1|2|3|4|5|6|7|8|9|3|0|1|2|3|4|5|6|7|8|9|4|0|1|2|3|4|5|6|7|8|9|5|6|7|8|9 -> 0],[0 -> 0|1|0|1|2|3|4|5|6|7|8|9|2|0|1|2|3|4|5|6|7|8|9|3|0|1|2|3|4|5|6|7|8|9|4|0|1|2|3|4|5|6|7|8|9|5|6|7|8|9 -> 0],[43; 1; 1; 24],0.584,,,,,,,,0,0,,,,,,,
diamond,50,UPDATE,0.4,,,NOOP,DELETE_CREATE,[0 -> 0|1|0|1|2|3|4|5|6|7|8|9|2|0|1|2|3|4|5|6|7|8|9|3|0|1|2|3|4|5|6|7|8|9|4|0|1|2|3|4|5|6|7|8|9|5|6|7|8|9 -> 0],[0 -> 0|1|0|1|2|3|4|5|6|7|8|9|2|0|1|2|3|4|5|6|7|8|9|3|0|1|2|3|4|5|6|7|8|9|4|0|1|2|3|4|5|6|7|8|9|5|6|7|8|9 -> 0],[29; 20; 11; 1],0.596,,,,,,,,0,0.001,,,,,,,
diamond,50,UPDATE,0.4,,,NOOP,NOOP,[0 -> 0|1|0|1|2|3|4|5|6|7|8|9|2|0|1|2|3|4|5|6|7|8|9|3|0|1|2|3|4|5|6|7|8|9|4|0|1|2|3|4|5|6|7|8|9|5|6|7|8|9 -> 0],[0 -> 0|1|0|1|2|3|4|5|6|7|8|9|2|0|1|2|3|4|5|6|7|8|9|3|0|1|2|3|4|5|6|7|8|9|4|0|1|2|3|4|5|6|7|8|9|5|6|7|8|9 -> 0],[39; 23],0.616,,,,FALSE,21.231,,,12,0.001,,,,,,,
diamond,50,UPDATE,0.4,,,NOOP,UPDATE,[0 -> 0|1|0|1|2|3|4|5|6|7|8|9|2|0|1|2|3|4|5|6|7|8|9|3|0|1|2|3|4|5|6|7|8|9|4|0|1|2|3|4|5|6|7|8|9|5|6|7|8|9 -> 0],[0 -> 0|1|0|1|2|3|4|5|6|7|8|9|2|0|1|2|3|4|5|6|7|8|9|3|0|1|2|3|4|5|6|7|8|9|4|0|1|2|3|4|5|6|7|8|9|5|6|7|8|9 -> 0],[40; 20; 1],0.62,,,,FALSE,22.742,,,9,0.001,,,,,,,
diamond,50,UPDATE,0.4,,,UPDATE,CREATE_DELETE,[0 -> 0|1|0|1|2|3|4|5|6|7|8|9|2|0|1|2|3|4|5|6|7|8|9|3|0|1|2|3|4|5|6|7|8|9|4|0|1|2|3|4|5|6|7|8|9|5|6|7|8|9 -> 0],[0 -> 0|1|0|1|2|3|4|5|6|7|8|9|2|0|1|2|3|4|5|6|7|8|9|3|0|1|2|3|4|5|6|7|8|9|4|0|1|2|3|4|5|6|7|8|9|5|6|7|8|9 -> 0],[1; 40; 1; 1; 25],0.7,,,,,,,,0,0.001,,,,,,,
diamond,50,UPDATE,0.4,,,UPDATE,DELETE_CREATE,[0 -> 0|1|0|1|2|3|4|5|6|7|8|9|2|0|1|2|3|4|5|6|7|8|9|3|0|1|2|3|4|5|6|7|8|9|4|0|1|2|3|4|5|6|7|8|9|5|6|7|8|9 -> 0],[0 -> 0|1|0|1|2|3|4|5|6|7|8|9|2|0|1|2|3|4|5|6|7|8|9|3|0|1|2|3|4|5|6|7|8|9|4|0|1|2|3|4|5|6|7|8|9|5|6|7|8|9 -> 0],[2; 41; 21; 1],0.596,,,,,,,,0,0.001,,,,,,,
diamond,50,UPDATE,0.4,,,UPDATE,NOOP,[0 -> 0|1|0|1|2|3|4|5|6|7|8|9|2|0|1|2|3|4|5|6|7|8|9|3|0|1|2|3|4|5|6|7|8|9|4|0|1|2|3|4|5|6|7|8|9|5|6|7|8|9 -> 0],[0 -> 0|1|0|1|2|3|4|5|6|7|8|9|2|0|1|2|3|4|5|6|7|8|9|3|0|1|2|3|4|5|6|7|8|9|4|0|1|2|3|4|5|6|7|8|9|5|6|7|8|9 -> 0],[15; 39; 10],0.584,,,,FALSE,19.73,,,14,0.001,,,,,,,
diamond,50,UPDATE,0.4,,,UPDATE,UPDATE,[0 -> 0|1|0|1|2|3|4|5|6|7|8|9|2|0|1|2|3|4|5|6|7|8|9|3|0|1|2|3|4|5|6|7|8|9|4|0|1|2|3|4|5|6|7|8|9|5|6|7|8|9 -> 0],[0 -> 0|1|0|1|2|3|4|5|6|7|8|9|2|0|1|2|3|4|5|6|7|8|9|3|0|1|2|3|4|5|6|7|8|9|4|0|1|2|3|4|5|6|7|8|9|5|6|7|8|9 -> 0],[6; 39; 7],0.6,,,,FALSE,19.848,,,5,0,,,,,,,
diamond,50,UPDATE,0.7,,,CREATE_DELETE,CREATE_DELETE,[0 -> 0|1|0|1|2|3|4|5|6|7|8|9|2|0|1|2|3|4|5|6|7|8|9|3|0|1|2|3|4|5|6|7|8|9|4|0|1|2|3|4|5|6|7|8|9|5|6|7|8|9 -> 0],[0 -> 0|1|0|1|2|3|4|5|6|7|8|9|2|0|1|2|3|4|5|6|7|8|9|3|0|1|2|3|4|5|6|7|8|9|4|0|1|2|3|4|5|6|7|8|9|5|6|7|8|9 -> 0],[1; 45; 1; 1; 12; 1],0.632,,,,,,,,0,0.001,,,,,,,
diamond,50,UPDATE,0.7,,,CREATE_DELETE,DELETE_CREATE,[0 -> 0|1|0|1|2|3|4|5|6|7|8|9|2|0|1|2|3|4|5|6|7|8|9|3|0|1|2|3|4|5|6|7|8|9|4|0|1|2|3|4|5|6|7|8|9|5|6|7|8|9 -> 0],[0 -> 0|1|0|1|2|3|4|5|6|7|8|9|2|0|1|2|3|4|5|6|7|8|9|3|0|1|2|3|4|5|6|7|8|9|4|0|1|2|3|4|5|6|7|8|9|5|6|7|8|9 -> 0],[2; 48; 8; 2],0.58,,,,,,,,0,0,,,,,,,
diamond,50,UPDATE,0.7,,,CREATE_DELETE,NOOP,[0 -> 0|1|0|1|2|3|4|5|6|7|8|9|2|0|1|2|3|4|5|6|7|8|9|3|0|1|2|3|4|5|6|7|8|9|4|0|1|2|3|4|5|6|7|8|9|5|6|7|8|9 -> 0],[0 -> 0|1|0|1|2|3|4|5|6|7|8|9|2|0|1|2|3|4|5|6|7|8|9|3|0|1|2|3|4|5|6|7|8|9|4|0|1|2|3|4|5|6|7|8|9|5|6|7|8|9 -> 0],[3; 46; 8; 1],0.612,,,,FALSE,27.613,,,2,0.001,,,,,,,
diamond,50,UPDATE,0.7,,,CREATE_DELETE,UPDATE,[0 -> 0|1|0|1|2|3|4|5|6|7|8|9|2|0|1|2|3|4|5|6|7|8|9|3|0|1|2|3|4|5|6|7|8|9|4|0|1|2|3|4|5|6|7|8|9|5|6|7|8|9 -> 0],[0 -> 0|1|0|1|2|3|4|5|6|7|8|9|2|0|1|2|3|4|5|6|7|8|9|3|0|1|2|3|4|5|6|7|8|9|4|0|1|2|3|4|5|6|7|8|9|5|6|7|8|9 -> 0],[6; 48; 10; 1],0.592,,,,FALSE,28.051,,,5,0,,,,,,,
diamond,50,UPDATE,0.7,,,DELETE_CREATE,CREATE_DELETE,[0 -> 0|1|0|1|2|3|4|5|6|7|8|9|2|0|1|2|3|4|5|6|7|8|9|3|0|1|2|3|4|5|6|7|8|9|4|0|1|2|3|4|5|6|7|8|9|5|6|7|8|9 -> 0],[0 -> 0|1|0|1|2|3|4|5|6|7|8|9|2|0|1|2|3|4|5|6|7|8|9|3|0|1|2|3|4|5|6|7|8|9|4|0|1|2|3|4|5|6|7|8|9|5|6|7|8|9 -> 0],[1; 42; 1; 1; 9; 1],0.62,,,,,,,,0,0.001,,,,,,,
diamond,50,UPDATE,0.7,,,DELETE_CREATE,DELETE_CREATE,[0 -> 0|1|0|1|2|3|4|5|6|7|8|9|2|0|1|2|3|4|5|6|7|8|9|3|0|1|2|3|4|5|6|7|8|9|4|0|1|2|3|4|5|6|7|8|9|5|6|7|8|9 -> 0],[0 -> 0|1|0|1|2|3|4|5|6|7|8|9|2|0|1|2|3|4|5|6|7|8|9|3|0|1|2|3|4|5|6|7|8|9|4|0|1|2|3|4|5|6|7|8|9|5|6|7|8|9 -> 0],[2; 46; 9; 2],0.612,,,,,,,,0,0.001,,,,,,,
diamond,50,UPDATE,0.7,,,DELETE_CREATE,NOOP,[0 -> 0|1|0|1|2|3|4|5|6|7|8|9|2|0|1|2|3|4|5|6|7|8|9|3|0|1|2|3|4|5|6|7|8|9|4|0|1|2|3|4|5|6|7|8|9|5|6|7|8|9 -> 0],[0 -> 0|1|0|1|2|3|4|5|6|7|8|9|2|0|1|2|3|4|5|6|7|8|9|3|0|1|2|3|4|5|6|7|8|9|4|0|1|2|3|4|5|6|7|8|9|5|6|7|8|9 -> 0],[6; 43; 4; 1],0.552,,,,FALSE,21.191,,,5,0,,,,,,,
diamond,50,UPDATE,0.7,,,DELETE_CREATE,UPDATE,[0 -> 0|1|0|1|2|3|4|5|6|7|8|9|2|0|1|2|3|4|5|6|7|8|9|3|0|1|2|3|4|5|6|7|8|9|4|0|1|2|3|4|5|6|7|8|9|5|6|7|8|9 -> 0],[0 -> 0|1|0|1|2|3|4|5|6|7|8|9|2|0|1|2|3|4|5|6|7|8|9|3|0|1|2|3|4|5|6|7|8|9|4|0|1|2|3|4|5|6|7|8|9|5|6|7|8|9 -> 0],[2; 1; 1; 42; 1],0.608,,,,FALSE,2.142,,,51,0.001,,,,,,,
diamond,50,UPDATE,0.7,,,NOOP,CREATE_DELETE,[0 -> 0|1|0|1|2|3|4|5|6|7|8|9|2|0|1|2|3|4|5|6|7|8|9|3|0|1|2|3|4|5|6|7|8|9|4|0|1|2|3|4|5|6|7|8|9|5|6|7|8|9 -> 0],[0 -> 0|1|0|1|2|3|4|5|6|7|8|9|2|0|1|2|3|4|5|6|7|8|9|3|0|1|2|3|4|5|6|7|8|9|4|0|1|2|3|4|5|6|7|8|9|5|6|7|8|9 -> 0],[44; 1; 1; 10],0.58,,,,,,,,0,0,,,,,,,
diamond,50,UPDATE,0.7,,,NOOP,DELETE_CREATE,[0 -> 0|1|0|1|2|3|4|5|6|7|8|9|2|0|1|2|3|4|5|6|7|8|9|3|0|1|2|3|4|5|6|7|8|9|4|0|1|2|3|4|5|6|7|8|9|5|6|7|8|9 -> 0],[0 -> 0|1|0|1|2|3|4|5|6|7|8|9|2|0|1|2|3|4|5|6|7|8|9|3|0|1|2|3|4|5|6|7|8|9|4|0|1|2|3|4|5|6|7|8|9|5|6|7|8|9 -> 0],[39; 12; 7; 1],0.576,,,,,,,,0,0,,,,,,,
diamond,50,UPDATE,0.7,,,NOOP,NOOP,[0 -> 0|1|0|1|2|3|4|5|6|7|8|9|2|0|1|2|3|4|5|6|7|8|9|3|0|1|2|3|4|5|6|7|8|9|4|0|1|2|3|4|5|6|7|8|9|5|6|7|8|9 -> 0],[0 -> 0|1|0|1|2|3|4|5|6|7|8|9|2|0|1|2|3|4|5|6|7|8|9|3|0|1|2|3|4|5|6|7|8|9|4|0|1|2|3|4|5|6|7|8|9|5|6|7|8|9 -> 0],[45; 7],0.588,,,,FALSE,21.401,,,4,0,,,,,,,
diamond,50,UPDATE,0.7,,,NOOP,UPDATE,[0 -> 0|1|0|1|2|3|4|5|6|7|8|9|2|0|1|2|3|4|5|6|7|8|9|3|0|1|2|3|4|5|6|7|8|9|4|0|1|2|3|4|5|6|7|8|9|5|6|7|8|9 -> 0],[0 -> 0|1|0|1|2|3|4|5|6|7|8|9|2|0|1|2|3|4|5|6|7|8|9|3|0|1|2|3|4|5|6|7|8|9|4|0|1|2|3|4|5|6|7|8|9|5|6|7|8|9 -> 0],[46; 12; 1],0.604,,,,FALSE,23.3,,,7,0,,,,,,,
diamond,50,UPDATE,0.7,,,UPDATE,CREATE_DELETE,[0 -> 0|1|0|1|2|3|4|5|6|7|8|9|2|0|1|2|3|4|5|6|7|8|9|3|0|1|2|3|4|5|6|7|8|9|4|0|1|2|3|4|5|6|7|8|9|5|6|7|8|9 -> 0],[0 -> 0|1|0|1|2|3|4|5|6|7|8|9|2|0|1|2|3|4|5|6|7|8|9|3|0|1|2|3|4|5|6|7|8|9|4|0|1|2|3|4|5|6|7|8|9|5|6|7|8|9 -> 0],[1; 44; 1; 1; 17],0.6,,,,,,,,0,0.001,,,,,,,
diamond,50,UPDATE,0.7,,,UPDATE,DELETE_CREATE,[0 -> 0|1|0|1|2|3|4|5|6|7|8|9|2|0|1|2|3|4|5|6|7|8|9|3|0|1|2|3|4|5|6|7|8|9|4|0|1|2|3|4|5|6|7|8|9|5|6|7|8|9 -> 0],[0 -> 0|1|0|1|2|3|4|5|6|7|8|9|2|0|1|2|3|4|5|6|7|8|9|3|0|1|2|3|4|5|6|7|8|9|4|0|1|2|3|4|5|6|7|8|9|5|6|7|8|9 -> 0],[2; 44; 10; 1],0.592,,,,,,,,0,0.001,,,,,,,
diamond,50,UPDATE,0.7,,,UPDATE,NOOP,[0 -> 0|1|0|1|2|3|4|5|6|7|8|9|2|0|1|2|3|4|5|6|7|8|9|3|0|1|2|3|4|5|6|7|8|9|4|0|1|2|3|4|5|6|7|8|9|5|6|7|8|9 -> 0],[0 -> 0|1|0|1|2|3|4|5|6|7|8|9|2|0|1|2|3|4|5|6|7|8|9|3|0|1|2|3|4|5|6|7|8|9|4|0|1|2|3|4|5|6|7|8|9|5|6|7|8|9 -> 0],[3; 47; 6],0.568,,,,FALSE,25.735,,,2,0.001,,,,,,,
diamond,50,UPDATE,0.7,,,UPDATE,UPDATE,[0 -> 0|1|0|1|2|3|4|5|6|7|8|9|2|0|1|2|3|4|5|6|7|8|9|3|0|1|2|3|4|5|6|7|8|9|4|0|1|2|3|4|5|6|7|8|9|5|6|7|8|9 -> 0],[0 -> 0|1|0|1|2|3|4|5|6|7|8|9|2|0|1|2|3|4|5|6|7|8|9|3|0|1|2|3|4|5|6|7|8|9|4|0|1|2|3|4|5|6|7|8|9|5|6|7|8|9 -> 0],[4; 45; 7],0.568,,,,FALSE,24.508,,,3,0,,,,,,,
diamond,50,NOOP,0.4,,,CREATE_DELETE,CREATE_DELETE,[0 -> 0|1|0|1|2|3|4|5|6|7|8|9|2|0|1|2|3|4|5|6|7|8|9|3|0|1|2|3|4|5|6|7|8|9|4|0|1|2|3|4|5|6|7|8|9|5|6|7|8|9 -> 0],[0 -> 0|1|0|1|2|3|4|5|6|7|8|9|2|0|1|2|3|4|5|6|7|8|9|3|0|1|2|3|4|5|6|7|8|9|4|0|1|2|3|4|5|6|7|8|9|5|6|7|8|9 -> 0],[1; 29; 1; 1; 21; 1],0.648,,,,,,,,0,0.001,,,,,,,
diamond,50,NOOP,0.4,,,CREATE_DELETE,DELETE_CREATE,[0 -> 0|1|0|1|2|3|4|5|6|7|8|9|2|0|1|2|3|4|5|6|7|8|9|3|0|1|2|3|4|5|6|7|8|9|4|0|1|2|3|4|5|6|7|8|9|5|6|7|8|9 -> 0],[0 -> 0|1|0|1|2|3|4|5|6|7|8|9|2|0|1|2|3|4|5|6|7|8|9|3|0|1|2|3|4|5|6|7|8|9|4|0|1|2|3|4|5|6|7|8|9|5|6|7|8|9 -> 0],[2; 30; 20; 2],0.608,,,,,,,,0,0.001,,,,,,,
diamond,50,NOOP,0.4,,,CREATE_DELETE,NOOP,[0 -> 0|1|0|1|2|3|4|5|6|7|8|9|2|0|1|2|3|4|5|6|7|8|9|3|0|1|2|3|4|5|6|7|8|9|4|0|1|2|3|4|5|6|7|8|9|5|6|7|8|9 -> 0],[0 -> 0|1|0|1|2|3|4|5|6|7|8|9|2|0|1|2|3|4|5|6|7|8|9|3|0|1|2|3|4|5|6|7|8|9|4|0|1|2|3|4|5|6|7|8|9|5|6|7|8|9 -> 0],[13; 28; 9; 1],0.584,,,,FALSE,14.163,,,12,0.001,,,,,,,
diamond,50,NOOP,0.4,,,CREATE_DELETE,UPDATE,[0 -> 0|1|0|1|2|3|4|5|6|7|8|9|2|0|1|2|3|4|5|6|7|8|9|3|0|1|2|3|4|5|6|7|8|9|4|0|1|2|3|4|5|6|7|8|9|5|6|7|8|9 -> 0],[0 -> 0|1|0|1|2|3|4|5|6|7|8|9|2|0|1|2|3|4|5|6|7|8|9|3|0|1|2|3|4|5|6|7|8|9|4|0|1|2|3|4|5|6|7|8|9|5|6|7|8|9 -> 0],[9; 25; 12; 1],0.62,,,,FALSE,14.184,,,8,0.001,,,,,,,
diamond,50,NOOP,0.4,,,DELETE_CREATE,CREATE_DELETE,[0 -> 0|1|0|1|2|3|4|5|6|7|8|9|2|0|1|2|3|4|5|6|7|8|9|3|0|1|2|3|4|5|6|7|8|9|4|0|1|2|3|4|5|6|7|8|9|5|6|7|8|9 -> 0],[0 -> 0|1|0|1|2|3|4|5|6|7|8|9|2|0|1|2|3|4|5|6|7|8|9|3|0|1|2|3|4|5|6|7|8|9|4|0|1|2|3|4|5|6|7|8|9|5|6|7|8|9 -> 0],[1; 32; 1; 1; 23; 1],0.64,,,,,,,,0,0.001,,,,,,,
diamond,50,NOOP,0.4,,,DELETE_CREATE,DELETE_CREATE,[0 -> 0|1|0|1|2|3|4|5|6|7|8|9|2|0|1|2|3|4|5|6|7|8|9|3|0|1|2|3|4|5|6|7|8|9|4|0|1|2|3|4|5|6|7|8|9|5|6|7|8|9 -> 0],[0 -> 0|1|0|1|2|3|4|5|6|7|8|9|2|0|1|2|3|4|5|6|7|8|9|3|0|1|2|3|4|5|6|7|8|9|4|0|1|2|3|4|5|6|7|8|9|5|6|7|8|9 -> 0],[2; 30; 20; 2],0.596,,,,,,,,0,0,,,,,,,
diamond,50,NOOP,0.4,,,DELETE_CREATE,NOOP,[0 -> 0|1|0|1|2|3|4|5|6|7|8|9|2|0|1|2|3|4|5|6|7|8|9|3|0|1|2|3|4|5|6|7|8|9|4|0|1|2|3|4|5|6|7|8|9|5|6|7|8|9 -> 0],[0 -> 0|1|0|1|2|3|4|5|6|7|8|9|2|0|1|2|3|4|5|6|7|8|9|3|0|1|2|3|4|5|6|7|8|9|4|0|1|2|3|4|5|6|7|8|9|5|6|7|8|9 -> 0],[7; 25; 9; 1],0.628,,,,FALSE,13.721,,,6,0.001,,,,,,,
diamond,50,NOOP,0.4,,,DELETE_CREATE,UPDATE,[0 -> 0|1|0|1|2|3|4|5|6|7|8|9|2|0|1|2|3|4|5|6|7|8|9|3|0|1|2|3|4|5|6|7|8|9|4|0|1|2|3|4|5|6|7|8|9|5|6|7|8|9 -> 0],[0 -> 0|1|0|1|2|3|4|5|6|7|8|9|2|0|1|2|3|4|5|6|7|8|9|3|0|1|2|3|4|5|6|7|8|9|4|0|1|2|3|4|5|6|7|8|9|5|6|7|8|9 -> 0],[12; 28; 12; 1],0.604,,,,FALSE,17.157,,,11,0.001,,,,,,,
diamond,50,NOOP,0.4,,,NOOP,CREATE_DELETE,[0 -> 0|1|0|1|2|3|4|5|6|7|8|9|2|0|1|2|3|4|5|6|7|8|9|3|0|1|2|3|4|5|6|7|8|9|4|0|1|2|3|4|5|6|7|8|9|5|6|7|8|9 -> 0],[0 -> 0|1|0|1|2|3|4|5|6|7|8|9|2|0|1|2|3|4|5|6|7|8|9|3|0|1|2|3|4|5|6|7|8|9|4|0|1|2|3|4|5|6|7|8|9|5|6|7|8|9 -> 0],[31; 1; 1; 18],0.584,,,,,,,,0,0,,,,,,,
diamond,50,NOOP,0.4,,,NOOP,DELETE_CREATE,[0 -> 0|1|0|1|2|3|4|5|6|7|8|9|2|0|1|2|3|4|5|6|7|8|9|3|0|1|2|3|4|5|6|7|8|9|4|0|1|2|3|4|5|6|7|8|9|5|6|7|8|9 -> 0],[0 -> 0|1|0|1|2|3|4|5|6|7|8|9|2|0|1|2|3|4|5|6|7|8|9|3|0|1|2|3|4|5|6|7|8|9|4|0|1|2|3|4|5|6|7|8|9|5|6|7|8|9 -> 0],[21; 17; 11; 1],0.628,,,,,,,,0,0.001,,,,,,,
diamond,50,NOOP,0.4,,,NOOP,NOOP,[0 -> 0|1|0|1|2|3|4|5|6|7|8|9|2|0|1|2|3|4|5|6|7|8|9|3|0|1|2|3|4|5|6|7|8|9|4|0|1|2|3|4|5|6|7|8|9|5|6|7|8|9 -> 0],[0 -> 0|1|0|1|2|3|4|5|6|7|8|9|2|0|1|2|3|4|5|6|7|8|9|3|0|1|2|3|4|5|6|7|8|9|4|0|1|2|3|4|5|6|7|8|9|5|6|7|8|9 -> 0],[30; 23],0.624,,,,FALSE,16.488,,,10,0.001,,,,,,,
diamond,50,NOOP,0.4,,,NOOP,UPDATE,[0 -> 0|1|0|1|2|3|4|5|6|7|8|9|2|0|1|2|3|4|5|6|7|8|9|3|0|1|2|3|4|5|6|7|8|9|4|0|1|2|3|4|5|6|7|8|9|5|6|7|8|9 -> 0],[0 -> 0|1|0|1|2|3|4|5|6|7|8|9|2|0|1|2|3|4|5|6|7|8|9|3|0|1|2|3|4|5|6|7|8|9|4|0|1|2|3|4|5|6|7|8|9|5|6|7|8|9 -> 0],[29; 23; 1],0.58,,,,FALSE,13.494,,,14,0,,,,,,,
diamond,50,NOOP,0.4,,,UPDATE,CREATE_DELETE,[0 -> 0|1|0|1|2|3|4|5|6|7|8|9|2|0|1|2|3|4|5|6|7|8|9|3|0|1|2|3|4|5|6|7|8|9|4|0|1|2|3|4|5|6|7|8|9|5|6|7|8|9 -> 0],[0 -> 0|1|0|1|2|3|4|5|6|7|8|9|2|0|1|2|3|4|5|6|7|8|9|3|0|1|2|3|4|5|6|7|8|9|4|0|1|2|3|4|5|6|7|8|9|5|6|7|8|9 -> 0],[1; 39; 1; 1; 31],0.612,,,,,,,,0,0.001,,,,,,,
diamond,50,NOOP,0.4,,,UPDATE,DELETE_CREATE,[0 -> 0|1|0|1|2|3|4|5|6|7|8|9|2|0|1|2|3|4|5|6|7|8|9|3|0|1|2|3|4|5|6|7|8|9|4|0|1|2|3|4|5|6|7|8|9|5|6|7|8|9 -> 0],[0 -> 0|1|0|1|2|3|4|5|6|7|8|9|2|0|1|2|3|4|5|6|7|8|9|3|0|1|2|3|4|5|6|7|8|9|4|0|1|2|3|4|5|6|7|8|9|5|6|7|8|9 -> 0],[2; 33; 26; 1],0.616,,,,,,,,0,0.001,,,,,,,
diamond,50,NOOP,0.4,,,UPDATE,NOOP,[0 -> 0|1|0|1|2|3|4|5|6|7|8|9|2|0|1|2|3|4|5|6|7|8|9|3|0|1|2|3|4|5|6|7|8|9|4|0|1|2|3|4|5|6|7|8|9|5|6|7|8|9 -> 0],[0 -> 0|1|0|1|2|3|4|5|6|7|8|9|2|0|1|2|3|4|5|6|7|8|9|3|0|1|2|3|4|5|6|7|8|9|4|0|1|2|3|4|5|6|7|8|9|5|6|7|8|9 -> 0],[14; 30; 5],0.616,,,,FALSE,12.743,,,13,0.001,,,,,,,
diamond,50,NOOP,0.4,,,UPDATE,UPDATE,[0 -> 0|1|0|1|2|3|4|5|6|7|8|9|2|0|1|2|3|4|5|6|7|8|9|3|0|1|2|3|4|5|6|7|8|9|4|0|1|2|3|4|5|6|7|8|9|5|6|7|8|9 -> 0],[0 -> 0|1|0|1|2|3|4|5|6|7|8|9|2|0|1|2|3|4|5|6|7|8|9|3|0|1|2|3|4|5|6|7|8|9|4|0|1|2|3|4|5|6|7|8|9|5|6|7|8|9 -> 0],[9; 25; 14],0.6,,,,FALSE,14.757,,,8,0,,,,,,,
diamond,50,NOOP,0.7,,,CREATE_DELETE,CREATE_DELETE,[0 -> 0|1|0|1|2|3|4|5|6|7|8|9|2|0|1|2|3|4|5|6|7|8|9|3|0|1|2|3|4|5|6|7|8|9|4|0|1|2|3|4|5|6|7|8|9|5|6|7|8|9 -> 0],[0 -> 0|1|0|1|2|3|4|5|6|7|8|9|2|0|1|2|3|4|5|6|7|8|9|3|0|1|2|3|4|5|6|7|8|9|4|0|1|2|3|4|5|6|7|8|9|5|6|7|8|9 -> 0],[1; 15; 1; 1; 10; 1],0.616,,,,,,,,0,0.001,,,,,,,
diamond,50,NOOP,0.7,,,CREATE_DELETE,DELETE_CREATE,[0 -> 0|1|0|1|2|3|4|5|6|7|8|9|2|0|1|2|3|4|5|6|7|8|9|3|0|1|2|3|4|5|6|7|8|9|4|0|1|2|3|4|5|6|7|8|9|5|6|7|8|9 -> 0],[0 -> 0|1|0|1|2|3|4|5|6|7|8|9|2|0|1|2|3|4|5|6|7|8|9|3|0|1|2|3|4|5|6|7|8|9|4|0|1|2|3|4|5|6|7|8|9|5|6|7|8|9 -> 0],[2; 11; 10; 2],0.616,,,,,,,,0,0,,,,,,,
diamond,50,NOOP,0.7,,,CREATE_DELETE,NOOP,[0 -> 0|1|0|1|2|3|4|5|6|7|8|9|2|0|1|2|3|4|5|6|7|8|9|3|0|1|2|3|4|5|6|7|8|9|4|0|1|2|3|4|5|6|7|8|9|5|6|7|8|9 -> 0],[0 -> 0|1|0|1|2|3|4|5|6|7|8|9|2|0|1|2|3|4|5|6|7|8|9|3|0|1|2|3|4|5|6|7|8|9|4|0|1|2|3|4|5|6|7|8|9|5|6|7|8|9 -> 0],[10; 20; 5; 1],0.556,,,,FALSE,9.225,,,9,0,,,,,,,
diamond,50,NOOP,0.7,,,CREATE_DELETE,UPDATE,[0 -> 0|1|0|1|2|3|4|5|6|7|8|9|2|0|1|2|3|4|5|6|7|8|9|3|0|1|2|3|4|5|6|7|8|9|4|0|1|2|3|4|5|6|7|8|9|5|6|7|8|9 -> 0],[0 -> 0|1|0|1|2|3|4|5|6|7|8|9|2|0|1|2|3|4|5|6|7|8|9|3|0|1|2|3|4|5|6|7|8|9|4|0|1|2|3|4|5|6|7|8|9|5|6|7|8|9 -> 0],[4; 12; 3; 1],0.616,,,,FALSE,5.983,,,3,0,,,,,,,
diamond,50,NOOP,0.7,,,DELETE_CREATE,CREATE_DELETE,[0 -> 0|1|0|1|2|3|4|5|6|7|8|9|2|0|1|2|3|4|5|6|7|8|9|3|0|1|2|3|4|5|6|7|8|9|4|0|1|2|3|4|5|6|7|8|9|5|6|7|8|9 -> 0],[0 -> 0|1|0|1|2|3|4|5|6|7|8|9|2|0|1|2|3|4|5|6|7|8|9|3|0|1|2|3|4|5|6|7|8|9|4|0|1|2|3|4|5|6|7|8|9|5|6|7|8|9 -> 0],[1; 17; 1; 1; 14; 1],0.56,,,,,,,,0,0,,,,,,,
diamond,50,NOOP,0.7,,,DELETE_CREATE,DELETE_CREATE,[0 -> 0|1|0|1|2|3|4|5|6|7|8|9|2|0|1|2|3|4|5|6|7|8|9|3|0|1|2|3|4|5|6|7|8|9|4|0|1|2|3|4|5|6|7|8|9|5|6|7|8|9 -> 0],[0 -> 0|1|0|1|2|3|4|5|6|7|8|9|2|0|1|2|3|4|5|6|7|8|9|3|0|1|2|3|4|5|6|7|8|9|4|0|1|2|3|4|5|6|7|8|9|5|6|7|8|9 -> 0],[2; 21; 14; 2],0.64,,,,,,,,0,0.001,,,,,,,
diamond,50,NOOP,0.7,,,DELETE_CREATE,NOOP,[0 -> 0|1|0|1|2|3|4|5|6|7|8|9|2|0|1|2|3|4|5|6|7|8|9|3|0|1|2|3|4|5|6|7|8|9|4|0|1|2|3|4|5|6|7|8|9|5|6|7|8|9 -> 0],[0 -> 0|1|0|1|2|3|4|5|6|7|8|9|2|0|1|2|3|4|5|6|7|8|9|3|0|1|2|3|4|5|6|7|8|9|4|0|1|2|3|4|5|6|7|8|9|5|6|7|8|9 -> 0],[9; 20; 5; 1],0.584,,,,FALSE,9.588,,,8,0,,,,,,,
diamond,50,NOOP,0.7,,,DELETE_CREATE,UPDATE,[0 -> 0|1|0|1|2|3|4|5|6|7|8|9|2|0|1|2|3|4|5|6|7|8|9|3|0|1|2|3|4|5|6|7|8|9|4|0|1|2|3|4|5|6|7|8|9|5|6|7|8|9 -> 0],[0 -> 0|1|0|1|2|3|4|5|6|7|8|9|2|0|1|2|3|4|5|6|7|8|9|3|0|1|2|3|4|5|6|7|8|9|4|0|1|2|3|4|5|6|7|8|9|5|6|7|8|9 -> 0],[8; 15; 3; 1],0.612,,,,FALSE,6.346,,,7,0,,,,,,,
diamond,50,NOOP,0.7,,,NOOP,CREATE_DELETE,[0 -> 0|1|0|1|2|3|4|5|6|7|8|9|2|0|1|2|3|4|5|6|7|8|9|3|0|1|2|3|4|5|6|7|8|9|4|0|1|2|3|4|5|6|7|8|9|5|6|7|8|9 -> 0],[0 -> 0|1|0|1|2|3|4|5|6|7|8|9|2|0|1|2|3|4|5|6|7|8|9|3|0|1|2|3|4|5|6|7|8|9|4|0|1|2|3|4|5|6|7|8|9|5|6|7|8|9 -> 0],[10; 1; 1; 7],0.532,,,,,,,,0,0.001,,,,,,,
diamond,50,NOOP,0.7,,,NOOP,DELETE_CREATE,[0 -> 0|1|0|1|2|3|4|5|6|7|8|9|2|0|1|2|3|4|5|6|7|8|9|3|0|1|2|3|4|5|6|7|8|9|4|0|1|2|3|4|5|6|7|8|9|5|6|7|8|9 -> 0],[0 -> 0|1|0|1|2|3|4|5|6|7|8|9|2|0|1|2|3|4|5|6|7|8|9|3|0|1|2|3|4|5|6|7|8|9|4|0|1|2|3|4|5|6|7|8|9|5|6|7|8|9 -> 0],[11; 12; 4; 1],0.636,,,,,,,,0,0,,,,,,,
diamond,50,NOOP,0.7,,,NOOP,NOOP,[0 -> 0|1|0|1|2|3|4|5|6|7|8|9|2|0|1|2|3|4|5|6|7|8|9|3|0|1|2|3|4|5|6|7|8|9|4|0|1|2|3|4|5|6|7|8|9|5|6|7|8|9 -> 0],[0 -> 0|1|0|1|2|3|4|5|6|7|8|9|2|0|1|2|3|4|5|6|7|8|9|3|0|1|2|3|4|5|6|7|8|9|4|0|1|2|3|4|5|6|7|8|9|5|6|7|8|9 -> 0],[18; 10],0.588,,,,FALSE,7.738,,,6,0,,,,,,,
diamond,50,NOOP,0.7,,,NOOP,UPDATE,[0 -> 0|1|0|1|2|3|4|5|6|7|8|9|2|0|1|2|3|4|5|6|7|8|9|3|0|1|2|3|4|5|6|7|8|9|4|0|1|2|3|4|5|6|7|8|9|5|6|7|8|9 -> 0],[0 -> 0|1|0|1|2|3|4|5|6|7|8|9|2|0|1|2|3|4|5|6|7|8|9|3|0|1|2|3|4|5|6|7|8|9|4|0|1|2|3|4|5|6|7|8|9|5|6|7|8|9 -> 0],[18; 15; 1],0.588,,,,FALSE,9.52,,,7,0,,,,,,,
diamond,50,NOOP,0.7,,,UPDATE,CREATE_DELETE,[0 -> 0|1|0|1|2|3|4|5|6|7|8|9|2|0|1|2|3|4|5|6|7|8|9|3|0|1|2|3|4|5|6|7|8|9|4|0|1|2|3|4|5|6|7|8|9|5|6|7|8|9 -> 0],[0 -> 0|1|0|1|2|3|4|5|6|7|8|9|2|0|1|2|3|4|5|6|7|8|9|3|0|1|2|3|4|5|6|7|8|9|4|0|1|2|3|4|5|6|7|8|9|5|6|7|8|9 -> 0],[1; 19; 1; 1; 15],0.608,,,,,,,,0,0.001,,,,,,,
diamond,50,NOOP,0.7,,,UPDATE,DELETE_CREATE,[0 -> 0|1|0|1|2|3|4|5|6|7|8|9|2|0|1|2|3|4|5|6|7|8|9|3|0|1|2|3|4|5|6|7|8|9|4|0|1|2|3|4|5|6|7|8|9|5|6|7|8|9 -> 0],[0 -> 0|1|0|1|2|3|4|5|6|7|8|9|2|0|1|2|3|4|5|6|7|8|9|3|0|1|2|3|4|5|6|7|8|9|4|0|1|2|3|4|5|6|7|8|9|5|6|7|8|9 -> 0],[2; 9; 3; 1],0.564,,,,,,,,0,0,,,,,,,
diamond,50,NOOP,0.7,,,UPDATE,NOOP,[0 -> 0|1|0|1|2|3|4|5|6|7|8|9|2|0|1|2|3|4|5|6|7|8|9|3|0|1|2|3|4|5|6|7|8|9|4|0|1|2|3|4|5|6|7|8|9|5|6|7|8|9 -> 0],[0 -> 0|1|0|1|2|3|4|5|6|7|8|9|2|0|1|2|3|4|5|6|7|8|9|3|0|1|2|3|4|5|6|7|8|9|4|0|1|2|3|4|5|6|7|8|9|5|6|7|8|9 -> 0],[3; 15; 7],0.576,,,,FALSE,9.705,,,2,0,,,,,,,
diamond,50,NOOP,0.7,,,UPDATE,UPDATE,[0 -> 0|1|0|1|2|3|4|5|6|7|8|9|2|0|1|2|3|4|5|6|7|8|9|3|0|1|2|3|4|5|6|7|8|9|4|0|1|2|3|4|5|6|7|8|9|5|6|7|8|9 -> 0],[0 -> 0|1|0|1|2|3|4|5|6|7|8|9|2|0|1|2|3|4|5|6|7|8|9|3|0|1|2|3|4|5|6|7|8|9|4|0|1|2|3|4|5|6|7|8|9|5|6|7|8|9 -> 0],[4; 13; 8],0.616,,,,FALSE,8.644,,,3,0,,,,,,,
diamond,50,DELETE_CREATE,0.4,,,CREATE_DELETE,CREATE_DELETE,[0 -> 0|1|0|1|2|3|4|5|6|7|8|9|2|0|1|2|3|4|5|6|7|8|9|3|0|1|2|3|4|5|6|7|8|9|4|0|1|2|3|4|5|6|7|8|9|5|6|7|8|9 -> 0],[0 -> 0|1|0|1|2|3|4|5|6|7|8|9|2|0|1|2|3|4|5|6|7|8|9|3|0|1|2|3|4|5|6|7|8|9|4|0|1|2|3|4|5|6|7|8|9|5|6|7|8|9 -> 0],[1; 43; 1; 1; 29; 1],0.596,,,,,,,,0,0.001,,,,,,,
diamond,50,DELETE_CREATE,0.4,,,CREATE_DELETE,DELETE_CREATE,[0 -> 0|1|0|1|2|3|4|5|6|7|8|9|2|0|1|2|3|4|5|6|7|8|9|3|0|1|2|3|4|5|6|7|8|9|4|0|1|2|3|4|5|6|7|8|9|5|6|7|8|9 -> 0],[0 -> 0|1|0|1|2|3|4|5|6|7|8|9|2|0|1|2|3|4|5|6|7|8|9|3|0|1|2|3|4|5|6|7|8|9|4|0|1|2|3|4|5|6|7|8|9|5|6|7|8|9 -> 0],[2; 40; 32; 2],0.688,,,,,,,,0,0.001,,,,,,,
diamond,50,DELETE_CREATE,0.4,,,CREATE_DELETE,NOOP,[0 -> 0|1|0|1|2|3|4|5|6|7|8|9|2|0|1|2|3|4|5|6|7|8|9|3|0|1|2|3|4|5|6|7|8|9|4|0|1|2|3|4|5|6|7|8|9|5|6|7|8|9 -> 0],[0 -> 0|1|0|1|2|3|4|5|6|7|8|9|2|0|1|2|3|4|5|6|7|8|9|3|0|1|2|3|4|5|6|7|8|9|4|0|1|2|3|4|5|6|7|8|9|5|6|7|8|9 -> 0],[23; 40; 9; 1],0.64,,,,FALSE,18.384,,,22,0.001,,,,,,,
diamond,50,DELETE_CREATE,0.4,,,CREATE_DELETE,UPDATE,[0 -> 0|1|0|1|2|3|4|5|6|7|8|9|2|0|1|2|3|4|5|6|7|8|9|3|0|1|2|3|4|5|6|7|8|9|4|0|1|2|3|4|5|6|7|8|9|5|6|7|8|9 -> 0],[0 -> 0|1|0|1|2|3|4|5|6|7|8|9|2|0|1|2|3|4|5|6|7|8|9|3|0|1|2|3|4|5|6|7|8|9|4|0|1|2|3|4|5|6|7|8|9|5|6|7|8|9 -> 0],[16; 37; 13; 1],0.664,,,,FALSE,20.1,,,15,0.001,,,,,,,
diamond,50,DELETE_CREATE,0.4,,,DELETE_CREATE,CREATE_DELETE,[0 -> 0|1|0|1|2|3|4|5|6|7|8|9|2|0|1|2|3|4|5|6|7|8|9|3|0|1|2|3|4|5|6|7|8|9|4|0|1|2|3|4|5|6|7|8|9|5|6|7|8|9 -> 0],[0 -> 0|1|0|1|2|3|4|5|6|7|8|9|2|0|1|2|3|4|5|6|7|8|9|3|0|1|2|3|4|5|6|7|8|9|4|0|1|2|3|4|5|6|7|8|9|5|6|7|8|9 -> 0],[1; 36; 1; 1; 30; 1],0.6,,,,,,,,0,0.001,,,,,,,
diamond,50,DELETE_CREATE,0.4,,,DELETE_CREATE,DELETE_CREATE,[0 -> 0|1|0|1|2|3|4|5|6|7|8|9|2|0|1|2|3|4|5|6|7|8|9|3|0|1|2|3|4|5|6|7|8|9|4|0|1|2|3|4|5|6|7|8|9|5|6|7|8|9 -> 0],[0 -> 0|1|0|1|2|3|4|5|6|7|8|9|2|0|1|2|3|4|5|6|7|8|9|3|0|1|2|3|4|5|6|7|8|9|4|0|1|2|3|4|5|6|7|8|9|5|6|7|8|9 -> 0],[2; 43; 32; 2],0.716,,,,,,,,0,0.001,,,,,,,
diamond,50,DELETE_CREATE,0.4,,,DELETE_CREATE,NOOP,[0 -> 0|1|0|1|2|3|4|5|6|7|8|9|2|0|1|2|3|4|5|6|7|8|9|3|0|1|2|3|4|5|6|7|8|9|4|0|1|2|3|4|5|6|7|8|9|5|6|7|8|9 -> 0],[0 -> 0|1|0|1|2|3|4|5|6|7|8|9|2|0|1|2|3|4|5|6|7|8|9|3|0|1|2|3|4|5|6|7|8|9|4|0|1|2|3|4|5|6|7|8|9|5|6|7|8|9 -> 0],[19; 43; 11; 1],0.636,,,,FALSE,22.415,,,18,0.001,,,,,,,
diamond,50,DELETE_CREATE,0.4,,,DELETE_CREATE,UPDATE,[0 -> 0|1|0|1|2|3|4|5|6|7|8|9|2|0|1|2|3|4|5|6|7|8|9|3|0|1|2|3|4|5|6|7|8|9|4|0|1|2|3|4|5|6|7|8|9|5|6|7|8|9 -> 0],[0 -> 0|1|0|1|2|3|4|5|6|7|8|9|2|0|1|2|3|4|5|6|7|8|9|3|0|1|2|3|4|5|6|7|8|9|4|0|1|2|3|4|5|6|7|8|9|5|6|7|8|9 -> 0],[21; 45; 16; 1],0.648,,,,FALSE,25.935,,,20,0.001,,,,,,,
diamond,50,DELETE_CREATE,0.4,,,NOOP,CREATE_DELETE,[0 -> 0|1|0|1|2|3|4|5|6|7|8|9|2|0|1|2|3|4|5|6|7|8|9|3|0|1|2|3|4|5|6|7|8|9|4|0|1|2|3|4|5|6|7|8|9|5|6|7|8|9 -> 0],[0 -> 0|1|0|1|2|3|4|5|6|7|8|9|2|0|1|2|3|4|5|6|7|8|9|3|0|1|2|3|4|5|6|7|8|9|4|0|1|2|3|4|5|6|7|8|9|5|6|7|8|9 -> 0],[43; 1; 1; 29],0.648,,,,,,,,0,0.001,,,,,,,
diamond,50,DELETE_CREATE,0.4,,,NOOP,DELETE_CREATE,[0 -> 0|1|0|1|2|3|4|5|6|7|8|9|2|0|1|2|3|4|5|6|7|8|9|3|0|1|2|3|4|5|6|7|8|9|4|0|1|2|3|4|5|6|7|8|9|5|6|7|8|9 -> 0],[0 -> 0|1|0|1|2|3|4|5|6|7|8|9|2|0|1|2|3|4|5|6|7|8|9|3|0|1|2|3|4|5|6|7|8|9|4|0|1|2|3|4|5|6|7|8|9|5|6|7|8|9 -> 0],[20; 31; 16; 1],0.644,,,,,,,,0,0.001,,,,,,,
diamond,50,DELETE_CREATE,0.4,,,NOOP,NOOP,[0 -> 0|1|0|1|2|3|4|5|6|7|8|9|2|0|1|2|3|4|5|6|7|8|9|3|0|1|2|3|4|5|6|7|8|9|4|0|1|2|3|4|5|6|7|8|9|5|6|7|8|9 -> 0],[0 -> 0|1|0|1|2|3|4|5|6|7|8|9|2|0|1|2|3|4|5|6|7|8|9|3|0|1|2|3|4|5|6|7|8|9|4|0|1|2|3|4|5|6|7|8|9|5|6|7|8|9 -> 0],[43; 34],0.632,,,,FALSE,24.143,,,19,0.001,,,,,,,
diamond,50,DELETE_CREATE,0.4,,,NOOP,UPDATE,[0 -> 0|1|0|1|2|3|4|5|6|7|8|9|2|0|1|2|3|4|5|6|7|8|9|3|0|1|2|3|4|5|6|7|8|9|4|0|1|2|3|4|5|6|7|8|9|5|6|7|8|9 -> 0],[0 -> 0|1|0|1|2|3|4|5|6|7|8|9|2|0|1|2|3|4|5|6|7|8|9|3|0|1|2|3|4|5|6|7|8|9|4|0|1|2|3|4|5|6|7|8|9|5|6|7|8|9 -> 0],[36; 26; 1],0.676,,,,FALSE,18.399,,,15,0.001,,,,,,,
diamond,50,DELETE_CREATE,0.4,,,UPDATE,CREATE_DELETE,[0 -> 0|1|0|1|2|3|4|5|6|7|8|9|2|0|1|2|3|4|5|6|7|8|9|3|0|1|2|3|4|5|6|7|8|9|4|0|1|2|3|4|5|6|7|8|9|5|6|7|8|9 -> 0],[0 -> 0|1|0|1|2|3|4|5|6|7|8|9|2|0|1|2|3|4|5|6|7|8|9|3|0|1|2|3|4|5|6|7|8|9|4|0|1|2|3|4|5|6|7|8|9|5|6|7|8|9 -> 0],[1; 41; 1; 1; 28],0.664,,,,,,,,0,0.001,,,,,,,
diamond,50,DELETE_CREATE,0.4,,,UPDATE,DELETE_CREATE,[0 -> 0|1|0|1|2|3|4|5|6|7|8|9|2|0|1|2|3|4|5|6|7|8|9|3|0|1|2|3|4|5|6|7|8|9|4|0|1|2|3|4|5|6|7|8|9|5|6|7|8|9 -> 0],[0 -> 0|1|0|1|2|3|4|5|6|7|8|9|2|0|1|2|3|4|5|6|7|8|9|3|0|1|2|3|4|5|6|7|8|9|4|0|1|2|3|4|5|6|7|8|9|5|6|7|8|9 -> 0],[2; 39; 28; 1],0.636,,,,,,,,0,0.001,,,,,,,
diamond,50,DELETE_CREATE,0.4,,,UPDATE,NOOP,[0 -> 0|1|0|1|2|3|4|5|6|7|8|9|2|0|1|2|3|4|5|6|7|8|9|3|0|1|2|3|4|5|6|7|8|9|4|0|1|2|3|4|5|6|7|8|9|5|6|7|8|9 -> 0],[0 -> 0|1|0|1|2|3|4|5|6|7|8|9|2|0|1|2|3|4|5|6|7|8|9|3|0|1|2|3|4|5|6|7|8|9|4|0|1|2|3|4|5|6|7|8|9|5|6|7|8|9 -> 0],[17; 39; 10],0.644,,,,FALSE,19.602,,,16,0.001,,,,,,,
diamond,50,DELETE_CREATE,0.4,,,UPDATE,UPDATE,[0 -> 0|1|0|1|2|3|4|5|6|7|8|9|2|0|1|2|3|4|5|6|7|8|9|3|0|1|2|3|4|5|6|7|8|9|4|0|1|2|3|4|5|6|7|8|9|5|6|7|8|9 -> 0],[0 -> 0|1|0|1|2|3|4|5|6|7|8|9|2|0|1|2|3|4|5|6|7|8|9|3|0|1|2|3|4|5|6|7|8|9|4|0|1|2|3|4|5|6|7|8|9|5|6|7|8|9 -> 0],[26; 40; 8],0.648,,,,FALSE,16.89,,,25,0.001,,,,,,,
diamond,50,DELETE_CREATE,0.7,,,CREATE_DELETE,CREATE_DELETE,[0 -> 0|1|0|1|2|3|4|5|6|7|8|9|2|0|1|2|3|4|5|6|7|8|9|3|0|1|2|3|4|5|6|7|8|9|4|0|1|2|3|4|5|6|7|8|9|5|6|7|8|9 -> 0],[0 -> 0|1|0|1|2|3|4|5|6|7|8|9|2|0|1|2|3|4|5|6|7|8|9|3|0|1|2|3|4|5|6|7|8|9|4|0|1|2|3|4|5|6|7|8|9|5|6|7|8|9 -> 0],[1; 48; 1; 1; 41; 1],0.7,,,,,,,,0,0.001,,,,,,,
diamond,50,DELETE_CREATE,0.7,,,CREATE_DELETE,DELETE_CREATE,[0 -> 0|1|0|1|2|3|4|5|6|7|8|9|2|0|1|2|3|4|5|6|7|8|9|3|0|1|2|3|4|5|6|7|8|9|4|0|1|2|3|4|5|6|7|8|9|5|6|7|8|9 -> 0],[0 -> 0|1|0|1|2|3|4|5|6|7|8|9|2|0|1|2|3|4|5|6|7|8|9|3|0|1|2|3|4|5|6|7|8|9|4|0|1|2|3|4|5|6|7|8|9|5|6|7|8|9 -> 0],[2; 46; 41; 2],0.704,,,,,,,,0,0.001,,,,,,,
diamond,50,DELETE_CREATE,0.7,,,CREATE_DELETE,NOOP,[0 -> 0|1|0|1|2|3|4|5|6|7|8|9|2|0|1|2|3|4|5|6|7|8|9|3|0|1|2|3|4|5|6|7|8|9|4|0|1|2|3|4|5|6|7|8|9|5|6|7|8|9 -> 0],[0 -> 0|1|0|1|2|3|4|5|6|7|8|9|2|0|1|2|3|4|5|6|7|8|9|3|0|1|2|3|4|5|6|7|8|9|4|0|1|2|3|4|5|6|7|8|9|5|6|7|8|9 -> 0],[34; 42; 4; 1],0.672,,,,FALSE,15.656,,,33,0.001,,,,,,,
diamond,50,DELETE_CREATE,0.7,,,CREATE_DELETE,UPDATE,[0 -> 0|1|0|1|2|3|4|5|6|7|8|9|2|0|1|2|3|4|5|6|7|8|9|3|0|1|2|3|4|5|6|7|8|9|4|0|1|2|3|4|5|6|7|8|9|5|6|7|8|9 -> 0],[0 -> 0|1|0|1|2|3|4|5|6|7|8|9|2|0|1|2|3|4|5|6|7|8|9|3|0|1|2|3|4|5|6|7|8|9|4|0|1|2|3|4|5|6|7|8|9|5|6|7|8|9 -> 0],[33; 44; 7; 1],0.72,,,,FALSE,17.954,,,32,0.001,,,,,,,
diamond,50,DELETE_CREATE,0.7,,,DELETE_CREATE,CREATE_DELETE,[0 -> 0|1|0|1|2|3|4|5|6|7|8|9|2|0|1|2|3|4|5|6|7|8|9|3|0|1|2|3|4|5|6|7|8|9|4|0|1|2|3|4|5|6|7|8|9|5|6|7|8|9 -> 0],[0 -> 0|1|0|1|2|3|4|5|6|7|8|9|2|0|1|2|3|4|5|6|7|8|9|3|0|1|2|3|4|5|6|7|8|9|4|0|1|2|3|4|5|6|7|8|9|5|6|7|8|9 -> 0],[1; 40; 1; 1; 38; 1],0.708,,,,,,,,0,0.001,,,,,,,
diamond,50,DELETE_CREATE,0.7,,,DELETE_CREATE,DELETE_CREATE,[0 -> 0|1|0|1|2|3|4|5|6|7|8|9|2|0|1|2|3|4|5|6|7|8|9|3|0|1|2|3|4|5|6|7|8|9|4|0|1|2|3|4|5|6|7|8|9|5|6|7|8|9 -> 0],[0 -> 0|1|0|1|2|3|4|5|6|7|8|9|2|0|1|2|3|4|5|6|7|8|9|3|0|1|2|3|4|5|6|7|8|9|4|0|1|2|3|4|5|6|7|8|9|5|6|7|8|9 -> 0],[2; 44; 35; 2],0.632,,,,,,,,0,0.001,,,,,,,
diamond,50,DELETE_CREATE,0.7,,,DELETE_CREATE,NOOP,[0 -> 0|1|0|1|2|3|4|5|6|7|8|9|2|0|1|2|3|4|5|6|7|8|9|3|0|1|2|3|4|5|6|7|8|9|4|0|1|2|3|4|5|6|7|8|9|5|6|7|8|9 -> 0],[0 -> 0|1|0|1|2|3|4|5|6|7|8|9|2|0|1|2|3|4|5|6|7|8|9|3|0|1|2|3|4|5|6|7|8|9|4|0|1|2|3|4|5|6|7|8|9|5|6|7|8|9 -> 0],[36; 48; 11; 1],0.668,,,,FALSE,26.595,,,35,0.001,,,,,,,
diamond,50,DELETE_CREATE,0.7,,,DELETE_CREATE,UPDATE,[0 -> 0|1|0|1|2|3|4|5|6|7|8|9|2|0|1|2|3|4|5|6|7|8|9|3|0|1|2|3|4|5|6|7|8|9|4|0|1|2|3|4|5|6|7|8|9|5|6|7|8|9 -> 0],[0 -> 0|1|0|1|2|3|4|5|6|7|8|9|2|0|1|2|3|4|5|6|7|8|9|3|0|1|2|3|4|5|6|7|8|9|4|0|1|2|3|4|5|6|7|8|9|5|6|7|8|9 -> 0],[32; 49; 10; 1],0.656,,,,FALSE,22.968,,,31,0.001,,,,,,,
diamond,50,DELETE_CREATE,0.7,,,NOOP,CREATE_DELETE,[0 -> 0|1|0|1|2|3|4|5|6|7|8|9|2|0|1|2|3|4|5|6|7|8|9|3|0|1|2|3|4|5|6|7|8|9|4|0|1|2|3|4|5|6|7|8|9|5|6|7|8|9 -> 0],[0 -> 0|1|0|1|2|3|4|5|6|7|8|9|2|0|1|2|3|4|5|6|7|8|9|3|0|1|2|3|4|5|6|7|8|9|4|0|1|2|3|4|5|6|7|8|9|5|6|7|8|9 -> 0],[48; 1; 1; 40],0.684,,,,,,,,0,0.001,,,,,,,
diamond,50,DELETE_CREATE,0.7,,,NOOP,DELETE_CREATE,[0 -> 0|1|0|1|2|3|4|5|6|7|8|9|2|0|1|2|3|4|5|6|7|8|9|3|0|1|2|3|4|5|6|7|8|9|4|0|1|2|3|4|5|6|7|8|9|5|6|7|8|9 -> 0],[0 -> 0|1|0|1|2|3|4|5|6|7|8|9|2|0|1|2|3|4|5|6|7|8|9|3|0|1|2|3|4|5|6|7|8|9|4|0|1|2|3|4|5|6|7|8|9|5|6|7|8|9 -> 0],[8; 43; 38; 1],0.648,,,,,,,,0,0.001,,,,,,,
diamond,50,DELETE_CREATE,0.7,,,NOOP,NOOP,[0 -> 0|1|0|1|2|3|4|5|6|7|8|9|2|0|1|2|3|4|5|6|7|8|9|3|0|1|2|3|4|5|6|7|8|9|4|0|1|2|3|4|5|6|7|8|9|5|6|7|8|9 -> 0],[0 -> 0|1|0|1|2|3|4|5|6|7|8|9|2|0|1|2|3|4|5|6|7|8|9|3|0|1|2|3|4|5|6|7|8|9|4|0|1|2|3|4|5|6|7|8|9|5|6|7|8|9 -> 0],[47; 42],0.704,,,,FALSE,17.208,,,38,0.001,,,,,,,
diamond,50,DELETE_CREATE,0.7,,,NOOP,UPDATE,[0 -> 0|1|0|1|2|3|4|5|6|7|8|9|2|0|1|2|3|4|5|6|7|8|9|3|0|1|2|3|4|5|6|7|8|9|4|0|1|2|3|4|5|6|7|8|9|5|6|7|8|9 -> 0],[0 -> 0|1|0|1|2|3|4|5|6|7|8|9|2|0|1|2|3|4|5|6|7|8|9|3|0|1|2|3|4|5|6|7|8|9|4|0|1|2|3|4|5|6|7|8|9|5|6|7|8|9 -> 0],[46; 43; 1],0.664,,,,FALSE,14.608,,,43,0.001,,,,,,,
diamond,50,DELETE_CREATE,0.7,,,UPDATE,CREATE_DELETE,[0 -> 0|1|0|1|2|3|4|5|6|7|8|9|2|0|1|2|3|4|5|6|7|8|9|3|0|1|2|3|4|5|6|7|8|9|4|0|1|2|3|4|5|6|7|8|9|5|6|7|8|9 -> 0],[0 -> 0|1|0|1|2|3|4|5|6|7|8|9|2|0|1|2|3|4|5|6|7|8|9|3|0|1|2|3|4|5|6|7|8|9|4|0|1|2|3|4|5|6|7|8|9|5|6|7|8|9 -> 0],[1; 42; 1; 1; 39],0.68,,,,,,,,0,0.001,,,,,,,
diamond,50,DELETE_CREATE,0.7,,,UPDATE,DELETE_CREATE,[0 -> 0|1|0|1|2|3|4|5|6|7|8|9|2|0|1|2|3|4|5|6|7|8|9|3|0|1|2|3|4|5|6|7|8|9|4|0|1|2|3|4|5|6|7|8|9|5|6|7|8|9 -> 0],[0 -> 0|1|0|1|2|3|4|5|6|7|8|9|2|0|1|2|3|4|5|6|7|8|9|3|0|1|2|3|4|5|6|7|8|9|4|0|1|2|3|4|5|6|7|8|9|5|6|7|8|9 -> 0],[2; 42; 40; 1],0.684,,,,,,,,0,0.001,,,,,,,
diamond,50,DELETE_CREATE,0.7,,,UPDATE,NOOP,[0 -> 0|1|0|1|2|3|4|5|6|7|8|9|2|0|1|2|3|4|5|6|7|8|9|3|0|1|2|3|4|5|6|7|8|9|4|0|1|2|3|4|5|6|7|8|9|5|6|7|8|9 -> 0],[0 -> 0|1|0|1|2|3|4|5|6|7|8|9|2|0|1|2|3|4|5|6|7|8|9|3|0|1|2|3|4|5|6|7|8|9|4|0|1|2|3|4|5|6|7|8|9|5|6|7|8|9 -> 0],[34; 45; 9],0.632,,,,FALSE,19.081,,,33,0.001,,,,,,,
diamond,50,DELETE_CREATE,0.7,,,UPDATE,UPDATE,[0 -> 0|1|0|1|2|3|4|5|6|7|8|9|2|0|1|2|3|4|5|6|7|8|9|3|0|1|2|3|4|5|6|7|8|9|4|0|1|2|3|4|5|6|7|8|9|5|6|7|8|9 -> 0],[0 -> 0|1|0|1|2|3|4|5|6|7|8|9|2|0|1|2|3|4|5|6|7|8|9|3|0|1|2|3|4|5|6|7|8|9|4|0|1|2|3|4|5|6|7|8|9|5|6|7|8|9 -> 0],[38; 46; 2],0.724,,,,FALSE,15.868,,,37,0.001,,,,,,,
diamond,50,CREATE_DELETE,0.4,,,CREATE_DELETE,CREATE_DELETE,[0 -> 0|1|0|1|2|3|4|5|6|7|8|9|2|0|1|2|3|4|5|6|7|8|9|3|0|1|2|3|4|5|6|7|8|9|4|0|1|2|3|4|5|6|7|8|9|5|6|7|8|9 -> 0],[0 -> 0|1|0|1|2|3|4|5|6|7|8|9|2|0|1|2|3|4|5|6|7|8|9|3|0|1|2|3|4|5|6|7|8|9|4|0|1|2|3|4|5|6|7|8|9|5|6|7|8|9 -> 0],[1; 39; 1; 1; 28; 1],0.628,,,,,,,,0,0.001,,,,,,,
diamond,50,CREATE_DELETE,0.4,,,CREATE_DELETE,DELETE_CREATE,[0 -> 0|1|0|1|2|3|4|5|6|7|8|9|2|0|1|2|3|4|5|6|7|8|9|3|0|1|2|3|4|5|6|7|8|9|4|0|1|2|3|4|5|6|7|8|9|5|6|7|8|9 -> 0],[0 -> 0|1|0|1|2|3|4|5|6|7|8|9|2|0|1|2|3|4|5|6|7|8|9|3|0|1|2|3|4|5|6|7|8|9|4|0|1|2|3|4|5|6|7|8|9|5|6|7|8|9 -> 0],[2; 42; 31; 2],0.624,,,,,,,,0,0.001,,,,,,,
diamond,50,CREATE_DELETE,0.4,,,CREATE_DELETE,NOOP,[0 -> 0|1|0|1|2|3|4|5|6|7|8|9|2|0|1|2|3|4|5|6|7|8|9|3|0|1|2|3|4|5|6|7|8|9|4|0|1|2|3|4|5|6|7|8|9|5|6|7|8|9 -> 0],[0 -> 0|1|0|1|2|3|4|5|6|7|8|9|2|0|1|2|3|4|5|6|7|8|9|3|0|1|2|3|4|5|6|7|8|9|4|0|1|2|3|4|5|6|7|8|9|5|6|7|8|9 -> 0],[14; 45; 20; 1],0.608,,,,FALSE,31.454,,,13,0.001,,,,,,,
diamond,50,CREATE_DELETE,0.4,,,CREATE_DELETE,UPDATE,[0 -> 0|1|0|1|2|3|4|5|6|7|8|9|2|0|1|2|3|4|5|6|7|8|9|3|0|1|2|3|4|5|6|7|8|9|4|0|1|2|3|4|5|6|7|8|9|5|6|7|8|9 -> 0],[0 -> 0|1|0|1|2|3|4|5|6|7|8|9|2|0|1|2|3|4|5|6|7|8|9|3|0|1|2|3|4|5|6|7|8|9|4|0|1|2|3|4|5|6|7|8|9|5|6|7|8|9 -> 0],[16; 41; 16; 1],0.6,,,,FALSE,24.168,,,15,0.001,,,,,,,
diamond,50,CREATE_DELETE,0.4,,,DELETE_CREATE,CREATE_DELETE,[0 -> 0|1|0|1|2|3|4|5|6|7|8|9|2|0|1|2|3|4|5|6|7|8|9|3|0|1|2|3|4|5|6|7|8|9|4|0|1|2|3|4|5|6|7|8|9|5|6|7|8|9 -> 0],[0 -> 0|1|0|1|2|3|4|5|6|7|8|9|2|0|1|2|3|4|5|6|7|8|9|3|0|1|2|3|4|5|6|7|8|9|4|0|1|2|3|4|5|6|7|8|9|5|6|7|8|9 -> 0],[1; 36; 1; 1; 27; 1],0.616,,,,,,,,0,0.001,,,,,,,
diamond,50,CREATE_DELETE,0.4,,,DELETE_CREATE,DELETE_CREATE,[0 -> 0|1|0|1|2|3|4|5|6|7|8|9|2|0|1|2|3|4|5|6|7|8|9|3|0|1|2|3|4|5|6|7|8|9|4|0|1|2|3|4|5|6|7|8|9|5|6|7|8|9 -> 0],[0 -> 0|1|0|1|2|3|4|5|6|7|8|9|2|0|1|2|3|4|5|6|7|8|9|3|0|1|2|3|4|5|6|7|8|9|4|0|1|2|3|4|5|6|7|8|9|5|6|7|8|9 -> 0],[2; 38; 26; 2],0.596,,,,,,,,0,0.001,,,,,,,
diamond,50,CREATE_DELETE,0.4,,,DELETE_CREATE,NOOP,[0 -> 0|1|0|1|2|3|4|5|6|7|8|9|2|0|1|2|3|4|5|6|7|8|9|3|0|1|2|3|4|5|6|7|8|9|4|0|1|2|3|4|5|6|7|8|9|5|6|7|8|9 -> 0],[0 -> 0|1|0|1|2|3|4|5|6|7|8|9|2|0|1|2|3|4|5|6|7|8|9|3|0|1|2|3|4|5|6|7|8|9|4|0|1|2|3|4|5|6|7|8|9|5|6|7|8|9 -> 0],[9; 39; 18; 1],0.652,,,,FALSE,27.171,,,8,0.001,,,,,,,
diamond,50,CREATE_DELETE,0.4,,,DELETE_CREATE,UPDATE,[0 -> 0|1|0|1|2|3|4|5|6|7|8|9|2|0|1|2|3|4|5|6|7|8|9|3|0|1|2|3|4|5|6|7|8|9|4|0|1|2|3|4|5|6|7|8|9|5|6|7|8|9 -> 0],[0 -> 0|1|0|1|2|3|4|5|6|7|8|9|2|0|1|2|3|4|5|6|7|8|9|3|0|1|2|3|4|5|6|7|8|9|4|0|1|2|3|4|5|6|7|8|9|5|6|7|8|9 -> 0],[10; 42; 22; 1],0.628,,,,FALSE,31.441,,,9,0.001,,,,,,,
diamond,50,CREATE_DELETE,0.4,,,NOOP,CREATE_DELETE,[0 -> 0|1|0|1|2|3|4|5|6|7|8|9|2|0|1|2|3|4|5|6|7|8|9|3|0|1|2|3|4|5|6|7|8|9|4|0|1|2|3|4|5|6|7|8|9|5|6|7|8|9 -> 0],[0 -> 0|1|0|1|2|3|4|5|6|7|8|9|2|0|1|2|3|4|5|6|7|8|9|3|0|1|2|3|4|5|6|7|8|9|4|0|1|2|3|4|5|6|7|8|9|5|6|7|8|9 -> 0],[37; 1; 1; 23],0.62,,,,,,,,0,0.001,,,,,,,
diamond,50,CREATE_DELETE,0.4,,,NOOP,DELETE_CREATE,[0 -> 0|1|0|1|2|3|4|5|6|7|8|9|2|0|1|2|3|4|5|6|7|8|9|3|0|1|2|3|4|5|6|7|8|9|4|0|1|2|3|4|5|6|7|8|9|5|6|7|8|9 -> 0],[0 -> 0|1|0|1|2|3|4|5|6|7|8|9|2|0|1|2|3|4|5|6|7|8|9|3|0|1|2|3|4|5|6|7|8|9|4|0|1|2|3|4|5|6|7|8|9|5|6|7|8|9 -> 0],[27; 24; 10; 1],0.64,,,,,,,,0,0.001,,,,,,,
diamond,50,CREATE_DELETE,0.4,,,NOOP,NOOP,[0 -> 0|1|0|1|2|3|4|5|6|7|8|9|2|0|1|2|3|4|5|6|7|8|9|3|0|1|2|3|4|5|6|7|8|9|4|0|1|2|3|4|5|6|7|8|9|5|6|7|8|9 -> 0],[0 -> 0|1|0|1|2|3|4|5|6|7|8|9|2|0|1|2|3|4|5|6|7|8|9|3|0|1|2|3|4|5|6|7|8|9|4|0|1|2|3|4|5|6|7|8|9|5|6|7|8|9 -> 0],[41; 28],0.608,,,,FALSE,29.21,,,7,0.001,,,,,,,
diamond,50,CREATE_DELETE,0.4,,,NOOP,UPDATE,[0 -> 0|1|0|1|2|3|4|5|6|7|8|9|2|0|1|2|3|4|5|6|7|8|9|3|0|1|2|3|4|5|6|7|8|9|4|0|1|2|3|4|5|6|7|8|9|5|6|7|8|9 -> 0],[0 -> 0|1|0|1|2|3|4|5|6|7|8|9|2|0|1|2|3|4|5|6|7|8|9|3|0|1|2|3|4|5|6|7|8|9|4|0|1|2|3|4|5|6|7|8|9|5|6|7|8|9 -> 0],[39; 31; 1],0.7,,,,FALSE,23.689,,,14,0.001,,,,,,,
diamond,50,CREATE_DELETE,0.4,,,UPDATE,CREATE_DELETE,[0 -> 0|1|0|1|2|3|4|5|6|7|8|9|2|0|1|2|3|4|5|6|7|8|9|3|0|1|2|3|4|5|6|7|8|9|4|0|1|2|3|4|5|6|7|8|9|5|6|7|8|9 -> 0],[0 -> 0|1|0|1|2|3|4|5|6|7|8|9|2|0|1|2|3|4|5|6|7|8|9|3|0|1|2|3|4|5|6|7|8|9|4|0|1|2|3|4|5|6|7|8|9|5|6|7|8|9 -> 0],[1; 45; 1; 1; 30],0.668,,,,,,,,0,0.001,,,,,,,
diamond,50,CREATE_DELETE,0.4,,,UPDATE,DELETE_CREATE,[0 -> 0|1|0|1|2|3|4|5|6|7|8|9|2|0|1|2|3|4|5|6|7|8|9|3|0|1|2|3|4|5|6|7|8|9|4|0|1|2|3|4|5|6|7|8|9|5|6|7|8|9 -> 0],[0 -> 0|1|0|1|2|3|4|5|6|7|8|9|2|0|1|2|3|4|5|6|7|8|9|3|0|1|2|3|4|5|6|7|8|9|4|0|1|2|3|4|5|6|7|8|9|5|6|7|8|9 -> 0],[2; 36; 25; 1],0.656,,,,,,,,0,0.001,,,,,,,
diamond,50,CREATE_DELETE,0.4,,,UPDATE,NOOP,[0 -> 0|1|0|1|2|3|4|5|6|7|8|9|2|0|1|2|3|4|5|6|7|8|9|3|0|1|2|3|4|5|6|7|8|9|4|0|1|2|3|4|5|6|7|8|9|5|6|7|8|9 -> 0],[0 -> 0|1|0|1|2|3|4|5|6|7|8|9|2|0|1|2|3|4|5|6|7|8|9|3|0|1|2|3|4|5|6|7|8|9|4|0|1|2|3|4|5|6|7|8|9|5|6|7|8|9 -> 0],[11; 39; 20],0.592,,,,FALSE,26.965,,,10,0,,,,,,,
diamond,50,CREATE_DELETE,0.4,,,UPDATE,UPDATE,[0 -> 0|1|0|1|2|3|4|5|6|7|8|9|2|0|1|2|3|4|5|6|7|8|9|3|0|1|2|3|4|5|6|7|8|9|4|0|1|2|3|4|5|6|7|8|9|5|6|7|8|9 -> 0],[0 -> 0|1|0|1|2|3|4|5|6|7|8|9|2|0|1|2|3|4|5|6|7|8|9|3|0|1|2|3|4|5|6|7|8|9|4|0|1|2|3|4|5|6|7|8|9|5|6|7|8|9 -> 0],[11; 36; 18],0.664,,,,FALSE,23.095,,,10,0.001,,,,,,,
diamond,50,CREATE_DELETE,0.7,,,CREATE_DELETE,CREATE_DELETE,[0 -> 0|1|0|1|2|3|4|5|6|7|8|9|2|0|1|2|3|4|5|6|7|8|9|3|0|1|2|3|4|5|6|7|8|9|4|0|1|2|3|4|5|6|7|8|9|5|6|7|8|9 -> 0],[0 -> 0|1|0|1|2|3|4|5|6|7|8|9|2|0|1|2|3|4|5|6|7|8|9|3|0|1|2|3|4|5|6|7|8|9|4|0|1|2|3|4|5|6|7|8|9|5|6|7|8|9 -> 0],[1; 42; 1; 1; 33; 1],0.632,,,,,,,,0,0.001,,,,,,,
diamond,50,CREATE_DELETE,0.7,,,CREATE_DELETE,DELETE_CREATE,[0 -> 0|1|0|1|2|3|4|5|6|7|8|9|2|0|1|2|3|4|5|6|7|8|9|3|0|1|2|3|4|5|6|7|8|9|4|0|1|2|3|4|5|6|7|8|9|5|6|7|8|9 -> 0],[0 -> 0|1|0|1|2|3|4|5|6|7|8|9|2|0|1|2|3|4|5|6|7|8|9|3|0|1|2|3|4|5|6|7|8|9|4|0|1|2|3|4|5|6|7|8|9|5|6|7|8|9 -> 0],[2; 45; 42; 2],0.668,,,,,,,,0,0.001,,,,,,,
diamond,50,CREATE_DELETE,0.7,,,CREATE_DELETE,NOOP,[0 -> 0|1|0|1|2|3|4|5|6|7|8|9|2|0|1|2|3|4|5|6|7|8|9|3|0|1|2|3|4|5|6|7|8|9|4|0|1|2|3|4|5|6|7|8|9|5|6|7|8|9 -> 0],[0 -> 0|1|0|1|2|3|4|5|6|7|8|9|2|0|1|2|3|4|5|6|7|8|9|3|0|1|2|3|4|5|6|7|8|9|4|0|1|2|3|4|5|6|7|8|9|5|6|7|8|9 -> 0],[8; 45; 30; 1],0.64,,,,FALSE,43.293,,,7,0.001,,,,,,,
diamond,50,CREATE_DELETE,0.7,,,CREATE_DELETE,UPDATE,[0 -> 0|1|0|1|2|3|4|5|6|7|8|9|2|0|1|2|3|4|5|6|7|8|9|3|0|1|2|3|4|5|6|7|8|9|4|0|1|2|3|4|5|6|7|8|9|5|6|7|8|9 -> 0],[0 -> 0|1|0|1|2|3|4|5|6|7|8|9|2|0|1|2|3|4|5|6|7|8|9|3|0|1|2|3|4|5|6|7|8|9|4|0|1|2|3|4|5|6|7|8|9|5|6|7|8|9 -> 0],[4; 45; 36; 1],0.696,,,,FALSE,50.22,,,3,0.001,,,,,,,
diamond,50,CREATE_DELETE,0.7,,,DELETE_CREATE,CREATE_DELETE,[0 -> 0|1|0|1|2|3|4|5|6|7|8|9|2|0|1|2|3|4|5|6|7|8|9|3|0|1|2|3|4|5|6|7|8|9|4|0|1|2|3|4|5|6|7|8|9|5|6|7|8|9 -> 0],[0 -> 0|1|0|1|2|3|4|5|6|7|8|9|2|0|1|2|3|4|5|6|7|8|9|3|0|1|2|3|4|5|6|7|8|9|4|0|1|2|3|4|5|6|7|8|9|5|6|7|8|9 -> 0],[1; 47; 1; 1; 42; 1],0.716,,,,,,,,0,0.001,,,,,,,
diamond,50,CREATE_DELETE,0.7,,,DELETE_CREATE,DELETE_CREATE,[0 -> 0|1|0|1|2|3|4|5|6|7|8|9|2|0|1|2|3|4|5|6|7|8|9|3|0|1|2|3|4|5|6|7|8|9|4|0|1|2|3|4|5|6|7|8|9|5|6|7|8|9 -> 0],[0 -> 0|1|0|1|2|3|4|5|6|7|8|9|2|0|1|2|3|4|5|6|7|8|9|3|0|1|2|3|4|5|6|7|8|9|4|0|1|2|3|4|5|6|7|8|9|5|6|7|8|9 -> 0],[2; 40; 34; 2],0.78,,,,,,,,0,0.001,,,,,,,
diamond,50,CREATE_DELETE,0.7,,,DELETE_CREATE,NOOP,[0 -> 0|1|0|1|2|3|4|5|6|7|8|9|2|0|1|2|3|4|5|6|7|8|9|3|0|1|2|3|4|5|6|7|8|9|4|0|1|2|3|4|5|6|7|8|9|5|6|7|8|9 -> 0],[0 -> 0|1|0|1|2|3|4|5|6|7|8|9|2|0|1|2|3|4|5|6|7|8|9|3|0|1|2|3|4|5|6|7|8|9|4|0|1|2|3|4|5|6|7|8|9|5|6|7|8|9 -> 0],[2; 45; 37; 1],0.66,,,,FALSE,51.954,,,1,0.001,,,,,,,
diamond,50,CREATE_DELETE,0.7,,,DELETE_CREATE,UPDATE,[0 -> 0|1|0|1|2|3|4|5|6|7|8|9|2|0|1|2|3|4|5|6|7|8|9|3|0|1|2|3|4|5|6|7|8|9|4|0|1|2|3|4|5|6|7|8|9|5|6|7|8|9 -> 0],[0 -> 0|1|0|1|2|3|4|5|6|7|8|9|2|0|1|2|3|4|5|6|7|8|9|3|0|1|2|3|4|5|6|7|8|9|4|0|1|2|3|4|5|6|7|8|9|5|6|7|8|9 -> 0],[4; 48; 41; 1],0.704,,,,FALSE,63.651,,,3,0.001,,,,,,,
diamond,50,CREATE_DELETE,0.7,,,NOOP,CREATE_DELETE,[0 -> 0|1|0|1|2|3|4|5|6|7|8|9|2|0|1|2|3|4|5|6|7|8|9|3|0|1|2|3|4|5|6|7|8|9|4|0|1|2|3|4|5|6|7|8|9|5|6|7|8|9 -> 0],[0 -> 0|1|0|1|2|3|4|5|6|7|8|9|2|0|1|2|3|4|5|6|7|8|9|3|0|1|2|3|4|5|6|7|8|9|4|0|1|2|3|4|5|6|7|8|9|5|6|7|8|9 -> 0],[48; 1; 1; 40],0.644,,,,,,,,0,0.001,,,,,,,
diamond,50,CREATE_DELETE,0.7,,,NOOP,DELETE_CREATE,[0 -> 0|1|0|1|2|3|4|5|6|7|8|9|2|0|1|2|3|4|5|6|7|8|9|3|0|1|2|3|4|5|6|7|8|9|4|0|1|2|3|4|5|6|7|8|9|5|6|7|8|9 -> 0],[0 -> 0|1|0|1|2|3|4|5|6|7|8|9|2|0|1|2|3|4|5|6|7|8|9|3|0|1|2|3|4|5|6|7|8|9|4|0|1|2|3|4|5|6|7|8|9|5|6|7|8|9 -> 0],[38; 40; 7; 1],0.632,,,,,,,,0,0.001,,,,,,,
diamond,50,CREATE_DELETE,0.7,,,NOOP,NOOP,[0 -> 0|1|0|1|2|3|4|5|6|7|8|9|2|0|1|2|3|4|5|6|7|8|9|3|0|1|2|3|4|5|6|7|8|9|4|0|1|2|3|4|5|6|7|8|9|5|6|7|8|9 -> 0],[0 -> 0|1|0|1|2|3|4|5|6|7|8|9|2|0|1|2|3|4|5|6|7|8|9|3|0|1|2|3|4|5|6|7|8|9|4|0|1|2|3|4|5|6|7|8|9|5|6|7|8|9 -> 0],[46; 37],0.66,,,,FALSE,52.39,,,1,0,,,,,,,
diamond,50,CREATE_DELETE,0.7,,,NOOP,UPDATE,[0 -> 0|1|0|1|2|3|4|5|6|7|8|9|2|0|1|2|3|4|5|6|7|8|9|3|0|1|2|3|4|5|6|7|8|9|4|0|1|2|3|4|5|6|7|8|9|5|6|7|8|9 -> 0],[0 -> 0|1|0|1|2|3|4|5|6|7|8|9|2|0|1|2|3|4|5|6|7|8|9|3|0|1|2|3|4|5|6|7|8|9|4|0|1|2|3|4|5|6|7|8|9|5|6|7|8|9 -> 0],[45; 39; 1],0.668,,,,FALSE,42.85,,,7,0.001,,,,,,,
diamond,50,CREATE_DELETE,0.7,,,UPDATE,CREATE_DELETE,[0 -> 0|1|0|1|2|3|4|5|6|7|8|9|2|0|1|2|3|4|5|6|7|8|9|3|0|1|2|3|4|5|6|7|8|9|4|0|1|2|3|4|5|6|7|8|9|5|6|7|8|9 -> 0],[0 -> 0|1|0|1|2|3|4|5|6|7|8|9|2|0|1|2|3|4|5|6|7|8|9|3|0|1|2|3|4|5|6|7|8|9|4|0|1|2|3|4|5|6|7|8|9|5|6|7|8|9 -> 0],[1; 45; 1; 1; 36],0.664,,,,,,,,0,0.001,,,,,,,
diamond,50,CREATE_DELETE,0.7,,,UPDATE,DELETE_CREATE,[0 -> 0|1|0|1|2|3|4|5|6|7|8|9|2|0|1|2|3|4|5|6|7|8|9|3|0|1|2|3|4|5|6|7|8|9|4|0|1|2|3|4|5|6|7|8|9|5|6|7|8|9 -> 0],[0 -> 0|1|0|1|2|3|4|5|6|7|8|9|2|0|1|2|3|4|5|6|7|8|9|3|0|1|2|3|4|5|6|7|8|9|4|0|1|2|3|4|5|6|7|8|9|5|6|7|8|9 -> 0],[2; 47; 39; 1],0.664,,,,,,,,0,0.001,,,,,,,
diamond,50,CREATE_DELETE,0.7,,,UPDATE,NOOP,[0 -> 0|1|0|1|2|3|4|5|6|7|8|9|2|0|1|2|3|4|5|6|7|8|9|3|0|1|2|3|4|5|6|7|8|9|4|0|1|2|3|4|5|6|7|8|9|5|6|7|8|9 -> 0],[0 -> 0|1|0|1|2|3|4|5|6|7|8|9|2|0|1|2|3|4|5|6|7|8|9|3|0|1|2|3|4|5|6|7|8|9|4|0|1|2|3|4|5|6|7|8|9|5|6|7|8|9 -> 0],[3; 46; 39],0.636,,,,FALSE,54.537,,,2,0,,,,,,,
diamond,50,CREATE_DELETE,0.7,,,UPDATE,UPDATE,[0 -> 0|1|0|1|2|3|4|5|6|7|8|9|2|0|1|2|3|4|5|6|7|8|9|3|0|1|2|3|4|5|6|7|8|9|4|0|1|2|3|4|5|6|7|8|9|5|6|7|8|9 -> 0],[0 -> 0|1|0|1|2|3|4|5|6|7|8|9|2|0|1|2|3|4|5|6|7|8|9|3|0|1|2|3|4|5|6|7|8|9|4|0|1|2|3|4|5|6|7|8|9|5|6|7|8|9 -> 0],[4; 47; 41],0.652,,,,FALSE,51.936,,,3,0.001,,,,,,,
simple,5,UPDATE,0.4,0.2,,,,[0|1 -> 0|1],[0|1 -> 0|1],[2; 1; 1; 1],0,,TRUE,0.02,TRUE,0.017,0,0.037,0,0,,,,,,,
simple,5,UPDATE,0.4,0.5,,,,[0|1 -> 0|1],[0|1 -> 0|1],[2; 2; 1; 1],0,,TRUE,0.099,TRUE,0.098,0,0.262,0,0,,,,,,,
simple,5,UPDATE,0.4,0.8,,,,[0|1 -> 0|1],[0|1 -> 0|1],[2; 1; 1; 1],0,,TRUE,0.016,TRUE,0.014,0,0.025,0,0,,,,,,,
simple,5,UPDATE,0.7,0.2,,,,[0|1 -> 0|1],[0|1 -> 0|1],[2; 2; 1],0,,TRUE,0.04,FALSE,0.009,2,0.047,1,0,,,,,,,
simple,5,UPDATE,0.7,0.5,,,,[0|1 -> 0|1],[0|1 -> 0|1],[2; 1],0,,TRUE,0.011,TRUE,0.009,0,0.014,0,0,,,,,,,
simple,5,UPDATE,0.7,0.8,,,,[0|1 -> 0|1],[0|1 -> 0|1],[2; 2],0,,TRUE,0.017,TRUE,0.015,0,0.019,0,0,,,,,,,
simple,5,NOOP,0.4,0.2,,,,[0|1 -> 0|1],[0|1 -> 0|1],[2; 1],0,,TRUE,0.011,TRUE,0.01,0,0.014,0,0,,,,,,,
simple,5,NOOP,0.4,0.5,,,,[0|1 -> 0|1],[0|1 -> 0|1],[2; 1],0,,TRUE,0.011,TRUE,0.01,0,0.012,0,0,,,,,,,
simple,5,NOOP,0.4,0.8,,,,[0|1 -> 0|1],[0|1 -> 0|1],[2; 3],0,,TRUE,0.191,TRUE,0.196,0,0.339,0,0,,,,,,,
simple,5,NOOP,0.7,0.2,,,,[0|1 -> 0|1],[0|1 -> 0|1],[1; 1; 1; 1],0,,TRUE,0.009,TRUE,0.009,0,0.02,0,0,,,,,,,
simple,5,NOOP,0.7,0.5,,,,[0|1 -> 0|1],[0|1 -> 0|1],[2; 2],0,,TRUE,0.018,TRUE,0.016,0,0.029,0,0,,,,,,,
simple,5,NOOP,0.7,0.8,,,,[0|1 -> 0|1],[0|1 -> 0|1],[1; 1; 1; 1],0,,TRUE,0.01,TRUE,0.009,0,0.012,0,0,,,,,,,
simple,5,DELETE_CREATE,0.4,0.2,,,,[0|1 -> 0|1],[0|1 -> 0|1],[2; 1; 1; 1],0,,TRUE,0.018,TRUE,0.016,0,0.044,0,0,,,,,,,
simple,5,DELETE_CREATE,0.4,0.5,,,,[0|1 -> 0|1],[0|1 -> 0|1],[1; 1; 1],0,,TRUE,0.009,FALSE,0.009,2,0.021,1,0,,,,,,,
simple,5,DELETE_CREATE,0.4,0.8,,,,[0|1 -> 0|1],[0|1 -> 0|1],[2; 2],0,,TRUE,0.02,TRUE,0.019,0,0.021,0,0,,,,,,,
simple,5,DELETE_CREATE,0.7,0.2,,,,[0|1 -> 0|1],[0|1 -> 0|1],[2; 1; 1],0,,TRUE,0.013,FALSE,0.009,2,0.016,1,0,,,,,,,
simple,5,DELETE_CREATE,0.7,0.5,,,,[0|1 -> 0|1],[0|1 -> 0|1],[3; 2; 1; 1],0,,TRUE,2.146,TRUE,1.998,0,6.476,0,0,,,,,,,
simple,5,DELETE_CREATE,0.7,0.8,,,,[0|1 -> 0|1],[0|1 -> 0|1],[2; 2; 1; 1],0,,TRUE,0.069,TRUE,0.06,0,0.128,0,0,,,,,,,
simple,5,CREATE_DELETE,0.4,0.2,,,,[0|1 -> 0|1],[0|1 -> 0|1],[2; 2; 1],0,,TRUE,0.038,FALSE,0.01,2,0.071,1,0,,,,,,,
simple,5,CREATE_DELETE,0.4,0.5,,,,[0|1 -> 0|1],[0|1 -> 0|1],[2; 2; 2; 1],0,,TRUE,0.595,TRUE,0.557,0,2.55,0,0,,,,,,,
simple,5,CREATE_DELETE,0.4,0.8,,,,[0|1 -> 0|1],[0|1 -> 0|1],[2; 1],0.004,,TRUE,0.011,TRUE,0.01,0,0.015,0,0,,,,,,,
simple,5,CREATE_DELETE,0.7,0.2,,,,[0|1 -> 0|1],[0|1 -> 0|1],[3; 3],0,,TRUE,1.899,FALSE,0.01,2,3.767,1,0,,,,,,,
simple,5,CREATE_DELETE,0.7,0.5,,,,[0|1 -> 0|1],[0|1 -> 0|1],[2; 2; 1; 1],0,,TRUE,0.102,TRUE,0.086,0,0.347,0,0,,,,,,,
simple,5,CREATE_DELETE,0.7,0.8,,,,[0|1 -> 0|1],[0|1 -> 0|1],[2; 2; 1],0,,TRUE,0.052,TRUE,0.046,0,0.049,0,0,,,,,,,
simple,10,UPDATE,0.4,0.2,,,,[0|1|2|3|4 -> 0|1|2|3|4],[0|1|2|3|4 -> 0|1|2|3|4],[5; 4; 1],0,,,,FALSE,0.018,,,2,0,,,,,,,
simple,10,UPDATE,0.4,0.5,,,,[0|1|2|3|4 -> 0|1|2|3|4],[0|1|2|3|4 -> 0|1|2|3|4],[7; 5; 3; 1],0.004,,,,,,,,0,0,,,,,,,
simple,10,UPDATE,0.4,0.8,,,,[0|1|2|3|4 -> 0|1|2|3|4],[0|1|2|3|4 -> 0|1|2|3|4],[5; 5; 2; 1],0.004,,,,FALSE,0.023,,,1,0,,,,,,,
simple,10,UPDATE,0.7,0.2,,,,[0|1|2|3|4 -> 0|1|2|3|4],[0|1|2|3|4 -> 0|1|2|3|4],[6; 3],0.004,,,,FALSE,0.018,,,1,0,,,,,,,
simple,10,UPDATE,0.7,0.5,,,,[0|1|2|3|4 -> 0|1|2|3|4],[0|1|2|3|4 -> 0|1|2|3|4],[5; 4; 2],0,,,,FALSE,0.021,,,1,0,,,,,,,
simple,10,UPDATE,0.7,0.8,,,,[0|1|2|3|4 -> 0|1|2|3|4],[0|1|2|3|4 -> 0|1|2|3|4],[5; 3],0.004,,,,,,,,0,0,,,,,,,
simple,10,NOOP,0.4,0.2,,,,[0|1|2|3|4 -> 0|1|2|3|4],[0|1|2|3|4 -> 0|1|2|3|4],[5; 3; 1; 1],0,,,,FALSE,0.021,,,1,0,,,,,,,
simple,10,NOOP,0.4,0.5,,,,[0|1|2|3|4 -> 0|1|2|3|4],[0|1|2|3|4 -> 0|1|2|3|4],[5; 2; 2; 1],0.004,,,,FALSE,0.02,,,1,0,,,,,,,
simple,10,NOOP,0.4,0.8,,,,[0|1|2|3|4 -> 0|1|2|3|4],[0|1|2|3|4 -> 0|1|2|3|4],[5; 4; 1],0.004,,,,FALSE,0.019,4,0.037,2,0,,,,,,,
simple,10,NOOP,0.7,0.2,,,,[0|1|2|3|4 -> 0|1|2|3|4],[0|1|2|3|4 -> 0|1|2|3|4],[4; 3],0,,,,FALSE,0.016,,,2,0,,,,,,,
simple,10,NOOP,0.7,0.5,,,,[0|1|2|3|4 -> 0|1|2|3|4],[0|1|2|3|4 -> 0|1|2|3|4],[2; 3],0,,TRUE,1.337,TRUE,1.27,0,1.497,0,0,,,,,,,
simple,10,NOOP,0.7,0.8,,,,[0|1|2|3|4 -> 0|1|2|3|4],[0|1|2|3|4 -> 0|1|2|3|4],[2; 1; 1],0.004,,TRUE,0.05,TRUE,0.049,0,0.052,0,0,,,,,,,
simple,10,DELETE_CREATE,0.4,0.2,,,,[0|1|2|3|4 -> 0|1|2|3|4],[0|1|2|3|4 -> 0|1|2|3|4],[5; 5; 1; 1],0,,,,FALSE,0.036,,,3,0,,,,,,,
simple,10,DELETE_CREATE,0.4,0.5,,,,[0|1|2|3|4 -> 0|1|2|3|4],[0|1|2|3|4 -> 0|1|2|3|4],[6; 6; 2; 2],0,,,,,,,,0,0,,,,,,,
simple,10,DELETE_CREATE,0.4,0.8,,,,[0|1|2|3|4 -> 0|1|2|3|4],[0|1|2|3|4 -> 0|1|2|3|4],[7; 5],0.004,,,,,,,,0,0,,,,,,,
simple,10,DELETE_CREATE,0.7,0.2,,,,[0|1|2|3|4 -> 0|1|2|3|4],[0|1|2|3|4 -> 0|1|2|3|4],[5; 5; 1; 1],0,,,,FALSE,0.04,,,3,0,,,,,,,
simple,10,DELETE_CREATE,0.7,0.5,,,,[0|1|2|3|4 -> 0|1|2|3|4],[0|1|2|3|4 -> 0|1|2|3|4],[4; 4; 4; 2],0,,,,FALSE,0.041,,,2,0,,,,,,,
simple,10,DELETE_CREATE,0.7,0.8,,,,[0|1|2|3|4 -> 0|1|2|3|4],[0|1|2|3|4 -> 0|1|2|3|4],[5; 5; 2; 1],0.004,,,,FALSE,0.021,,,1,0,,,,,,,
simple,10,CREATE_DELETE,0.4,0.2,,,,[0|1|2|3|4 -> 0|1|2|3|4],[0|1|2|3|4 -> 0|1|2|3|4],[5; 4; 1; 1],0.004,,,,,,,,0,0,,,,,,,
simple,10,CREATE_DELETE,0.4,0.5,,,,[0|1|2|3|4 -> 0|1|2|3|4],[0|1|2|3|4 -> 0|1|2|3|4],[6; 5; 1; 1],0,,,,,,,,0,0,,,,,,,
simple,10,CREATE_DELETE,0.4,0.8,,,,[0|1|2|3|4 -> 0|1|2|3|4],[0|1|2|3|4 -> 0|1|2|3|4],[5; 5; 2; 1],0.004,,,,,,,,0,0,,,,,,,
simple,10,CREATE_DELETE,0.7,0.2,,,,[0|1|2|3|4 -> 0|1|2|3|4],[0|1|2|3|4 -> 0|1|2|3|4],[5; 5; 2; 1],0.004,,,,FALSE,0.026,,,1,0,,,,,,,
simple,10,CREATE_DELETE,0.7,0.5,,,,[0|1|2|3|4 -> 0|1|2|3|4],[0|1|2|3|4 -> 0|1|2|3|4],[5; 5; 4; 4],0.004,,,,,,,,0,0,,,,,,,
simple,10,CREATE_DELETE,0.7,0.8,,,,[0|1|2|3|4 -> 0|1|2|3|4],[0|1|2|3|4 -> 0|1|2|3|4],[5; 5; 2; 1],0,,,,,,,,0,0,,,,,,,
simple,15,UPDATE,0.4,0.2,,,,[0|1|2|3|4|5|6 -> 0|1|2|3|4|5|6],[0|1|2|3|4|5|6 -> 0|1|2|3|4|5|6],[7; 3; 2; 1],0.004,,,,FALSE,0.032,,,2,0,,,,,,,
simple,15,UPDATE,0.4,0.5,,,,[0|1|2|3|4|5|6 -> 0|1|2|3|4|5|6],[0|1|2|3|4|5|6 -> 0|1|2|3|4|5|6],[7; 6; 2],0.004,,,,,,,,0,0,,,,,,,
simple,15,UPDATE,0.4,0.8,,,,[0|1|2|3|4|5|6 -> 0|1|2|3|4|5|6],[0|1|2|3|4|5|6 -> 0|1|2|3|4|5|6],[8; 8],0.004,,,,,,,,0,0,,,,,,,
simple,15,UPDATE,0.7,0.2,,,,[0|1|2|3|4|5|6 -> 0|1|2|3|4|5|6],[0|1|2|3|4|5|6 -> 0|1|2|3|4|5|6],[7; 3; 1],0.004,,,,FALSE,0.03,,,1,0,,,,,,,
simple,15,UPDATE,0.7,0.5,,,,[0|1|2|3|4|5|6 -> 0|1|2|3|4|5|6],[0|1|2|3|4|5|6 -> 0|1|2|3|4|5|6],[8; 7; 2],0.004,,,,FALSE,0.044,,,1,0,,,,,,,
simple,15,UPDATE,0.7,0.8,,,,[0|1|2|3|4|5|6 -> 0|1|2|3|4|5|6],[0|1|2|3|4|5|6 -> 0|1|2|3|4|5|6],[7; 6; 1; 1],0.004,,,,,,,,0,0,,,,,,,
simple,15,NOOP,0.4,0.2,,,,[0|1|2|3|4|5|6 -> 0|1|2|3|4|5|6],[0|1|2|3|4|5|6 -> 0|1|2|3|4|5|6],[8; 3],0.004,,,,,,,,0,0,,,,,,,
simple,15,NOOP,0.4,0.5,,,,[0|1|2|3|4|5|6 -> 0|1|2|3|4|5|6],[0|1|2|3|4|5|6 -> 0|1|2|3|4|5|6],[5; 5; 1; 1],0.004,,,,,,,,0,0,,,,,,,
simple,15,NOOP,0.4,0.8,,,,[0|1|2|3|4|5|6 -> 0|1|2|3|4|5|6],[0|1|2|3|4|5|6 -> 0|1|2|3|4|5|6],[8; 5; 2; 1],0.004,,,,FALSE,0.043,,,1,0,,,,,,,
simple,15,NOOP,0.7,0.2,,,,[0|1|2|3|4|5|6 -> 0|1|2|3|4|5|6],[0|1|2|3|4|5|6 -> 0|1|2|3|4|5|6],[3; 1],0.004,,TRUE,0.93,TRUE,0.928,0,0.827,0,0,,,,,,,
simple,15,NOOP,0.7,0.5,,,,[0|1|2|3|4|5|6 -> 0|1|2|3|4|5|6],[0|1|2|3|4|5|6 -> 0|1|2|3|4|5|6],[6; 6; 3],0.008,,,,FALSE,0.034,,,3,0,,,,,,,
simple,15,NOOP,0.7,0.8,,,,[0|1|2|3|4|5|6 -> 0|1|2|3|4|5|6],[0|1|2|3|4|5|6 -> 0|1|2|3|4|5|6],[2; 1],0.004,,TRUE,0.044,TRUE,0.043,0,0.037,0,0,,,,,,,
simple,15,DELETE_CREATE,0.4,0.2,,,,[0|1|2|3|4|5|6 -> 0|1|2|3|4|5|6],[0|1|2|3|4|5|6 -> 0|1|2|3|4|5|6],[7; 6; 2; 1],0.004,,,,FALSE,0.036,,,4,0,,,,,,,
simple,15,DELETE_CREATE,0.4,0.5,,,,[0|1|2|3|4|5|6 -> 0|1|2|3|4|5|6],[0|1|2|3|4|5|6 -> 0|1|2|3|4|5|6],[7; 6; 1; 1],0.008,,,,,,,,0,0,,,,,,,
simple,15,DELETE_CREATE,0.4,0.8,,,,[0|1|2|3|4|5|6 -> 0|1|2|3|4|5|6],[0|1|2|3|4|5|6 -> 0|1|2|3|4|5|6],[8; 7; 2; 2],0.008,,,,,,,,0,0,,,,,,,
simple,15,DELETE_CREATE,0.7,0.2,,,,[0|1|2|3|4|5|6 -> 0|1|2|3|4|5|6],[0|1|2|3|4|5|6 -> 0|1|2|3|4|5|6],[8; 7; 1; 1],0.004,,,,FALSE,0.035,,,5,0,,,,,,,
simple,15,DELETE_CREATE,0.7,0.5,,,,[0|1|2|3|4|5|6 -> 0|1|2|3|4|5|6],[0|1|2|3|4|5|6 -> 0|1|2|3|4|5|6],[8; 8; 5; 5],0.008,,,,FALSE,0.064,,,1,0,,,,,,,
simple,15,DELETE_CREATE,0.7,0.8,,,,[0|1|2|3|4|5|6 -> 0|1|2|3|4|5|6],[0|1|2|3|4|5|6 -> 0|1|2|3|4|5|6],[7; 7; 3; 3],0.008,,,,,,,,0,0,,,,,,,
simple,15,CREATE_DELETE,0.4,0.2,,,,[0|1|2|3|4|5|6 -> 0|1|2|3|4|5|6],[0|1|2|3|4|5|6 -> 0|1|2|3|4|5|6],[7; 7; 2],0.004,,,,FALSE,0.042,,,2,0,,,,,,,
simple,15,CREATE_DELETE,0.4,0.5,,,,[0|1|2|3|4|5|6 -> 0|1|2|3|4|5|6],[0|1|2|3|4|5|6 -> 0|1|2|3|4|5|6],[7; 7; 1; 1],0.004,,,,,,,,0,0,,,,,,,
simple,15,CREATE_DELETE,0.4,0.8,,,,[0|1|2|3|4|5|6 -> 0|1|2|3|4|5|6],[0|1|2|3|4|5|6 -> 0|1|2|3|4|5|6],[7; 5; 3; 3],0.008,,,,,,,,0,0,,,,,,,
simple,15,CREATE_DELETE,0.7,0.2,,,,[0|1|2|3|4|5|6 -> 0|1|2|3|4|5|6],[0|1|2|3|4|5|6 -> 0|1|2|3|4|5|6],[7; 6; 2; 1],0.008,,,,,,,,0,0,,,,,,,
simple,15,CREATE_DELETE,0.7,0.5,,,,[0|1|2|3|4|5|6 -> 0|1|2|3|4|5|6],[0|1|2|3|4|5|6 -> 0|1|2|3|4|5|6],[7; 6; 3; 3],0.004,,,,,,,,0,0,,,,,,,
simple,15,CREATE_DELETE,0.7,0.8,,,,[0|1|2|3|4|5|6 -> 0|1|2|3|4|5|6],[0|1|2|3|4|5|6 -> 0|1|2|3|4|5|6],[8; 9; 1; 1],0.004,,,,,,,,0,0,,,,,,,
simple,20,UPDATE,0.4,0.2,,,,[0|1|2|3|4|5|6|7|8|9 -> 0|1|2|3|4|5|6|7|8|9],[0|1|2|3|4|5|6|7|8|9 -> 0|1|2|3|4|5|6|7|8|9],[10; 6; 1; 1],0.008,,,,FALSE,0.126,,,1,0,,,,,,,
simple,20,UPDATE,0.4,0.5,,,,[0|1|2|3|4|5|6|7|8|9 -> 0|1|2|3|4|5|6|7|8|9],[0|1|2|3|4|5|6|7|8|9 -> 0|1|2|3|4|5|6|7|8|9],[11; 11; 1; 1],0.012,,,,,,,,0,0,,,,,,,
simple,20,UPDATE,0.4,0.8,,,,[0|1|2|3|4|5|6|7|8|9 -> 0|1|2|3|4|5|6|7|8|9],[0|1|2|3|4|5|6|7|8|9 -> 0|1|2|3|4|5|6|7|8|9],[11; 7],0.012,,,,,,,,0,0,,,,,,,
simple,20,UPDATE,0.7,0.2,,,,[0|1|2|3|4|5|6|7|8|9 -> 0|1|2|3|4|5|6|7|8|9],[0|1|2|3|4|5|6|7|8|9 -> 0|1|2|3|4|5|6|7|8|9],[11; 6; 1; 1],0.012,,,,FALSE,0.083,,,1,0,,,,,,,
simple,20,UPDATE,0.7,0.5,,,,[0|1|2|3|4|5|6|7|8|9 -> 0|1|2|3|4|5|6|7|8|9],[0|1|2|3|4|5|6|7|8|9 -> 0|1|2|3|4|5|6|7|8|9],[10; 9; 2],0.008,,,,FALSE,0.098,,,1,0,,,,,,,
simple,20,UPDATE,0.7,0.8,,,,[0|1|2|3|4|5|6|7|8|9 -> 0|1|2|3|4|5|6|7|8|9],[0|1|2|3|4|5|6|7|8|9 -> 0|1|2|3|4|5|6|7|8|9],[10; 6; 1; 1],0.012,,,,,,,,0,0,,,,,,,
simple,20,NOOP,0.4,0.2,,,,[0|1|2|3|4|5|6|7|8|9 -> 0|1|2|3|4|5|6|7|8|9],[0|1|2|3|4|5|6|7|8|9 -> 0|1|2|3|4|5|6|7|8|9],[11; 5; 1; 1],0.012,,,,FALSE,0.071,,,1,0,,,,,,,
simple,20,NOOP,0.4,0.5,,,,[0|1|2|3|4|5|6|7|8|9 -> 0|1|2|3|4|5|6|7|8|9],[0|1|2|3|4|5|6|7|8|9 -> 0|1|2|3|4|5|6|7|8|9],[6; 6],0.012,,,,,,,,0,0,,,,,,,
simple,20,NOOP,0.4,0.8,,,,[0|1|2|3|4|5|6|7|8|9 -> 0|1|2|3|4|5|6|7|8|9],[0|1|2|3|4|5|6|7|8|9 -> 0|1|2|3|4|5|6|7|8|9],[11; 9; 1],0.012,,,,,,,,0,0,,,,,,,
simple,20,NOOP,0.7,0.2,,,,[0|1|2|3|4|5|6|7|8|9 -> 0|1|2|3|4|5|6|7|8|9],[0|1|2|3|4|5|6|7|8|9 -> 0|1|2|3|4|5|6|7|8|9],[5; 5],0.012,,,,FALSE,0.031,8,0.097,4,0,,,,,,,
simple,20,NOOP,0.7,0.5,,,,[0|1|2|3|4|5|6|7|8|9 -> 0|1|2|3|4|5|6|7|8|9],[0|1|2|3|4|5|6|7|8|9 -> 0|1|2|3|4|5|6|7|8|9],[4; 2],0.008,,,,,,0,683.387,0,0,,,,,,,
simple,20,NOOP,0.7,0.8,,,,[0|1|2|3|4|5|6|7|8|9 -> 0|1|2|3|4|5|6|7|8|9],[0|1|2|3|4|5|6|7|8|9 -> 0|1|2|3|4|5|6|7|8|9],[5; 5],0.012,,,,FALSE,0.043,2,0.035,1,0,,,,,,,
simple,20,DELETE_CREATE,0.4,0.2,,,,[0|1|2|3|4|5|6|7|8|9 -> 0|1|2|3|4|5|6|7|8|9],[0|1|2|3|4|5|6|7|8|9 -> 0|1|2|3|4|5|6|7|8|9],[11; 9; 2; 1],0.012,,,,FALSE,0.09,,,3,0,,,,,,,
simple,20,DELETE_CREATE,0.4,0.5,,,,[0|1|2|3|4|5|6|7|8|9 -> 0|1|2|3|4|5|6|7|8|9],[0|1|2|3|4|5|6|7|8|9 -> 0|1|2|3|4|5|6|7|8|9],[11; 13; 6; 5],0.012,,,,,,,,0,0,,,,,,,
simple,20,DELETE_CREATE,0.4,0.8,,,,[0|1|2|3|4|5|6|7|8|9 -> 0|1|2|3|4|5|6|7|8|9],[0|1|2|3|4|5|6|7|8|9 -> 0|1|2|3|4|5|6|7|8|9],[12; 10; 2; 1],0.012,,,,FALSE,0.237,,,1,0,,,,,,,
simple,20,DELETE_CREATE,0.7,0.2,,,,[0|1|2|3|4|5|6|7|8|9 -> 0|1|2|3|4|5|6|7|8|9],[0|1|2|3|4|5|6|7|8|9 -> 0|1|2|3|4|5|6|7|8|9],[11; 8; 2; 2],0.012,,,,FALSE,0.078,,,4,0,,,,,,,
simple,20,DELETE_CREATE,0.7,0.5,,,,[0|1|2|3|4|5|6|7|8|9 -> 0|1|2|3|4|5|6|7|8|9],[0|1|2|3|4|5|6|7|8|9 -> 0|1|2|3|4|5|6|7|8|9],[11; 11; 8; 8],0.016,,,,FALSE,0.185,,,1,0,,,,,,,
simple,20,DELETE_CREATE,0.7,0.8,,,,[0|1|2|3|4|5|6|7|8|9 -> 0|1|2|3|4|5|6|7|8|9],[0|1|2|3|4|5|6|7|8|9 -> 0|1|2|3|4|5|6|7|8|9],[10; 10; 4; 4],0.012,,,,,,,,0,0,,,,,,,
simple,20,CREATE_DELETE,0.4,0.2,,,,[0|1|2|3|4|5|6|7|8|9 -> 0|1|2|3|4|5|6|7|8|9],[0|1|2|3|4|5|6|7|8|9 -> 0|1|2|3|4|5|6|7|8|9],[12; 10; 1],0.012,,,,FALSE,0.107,,,3,0,,,,,,,
simple,20,CREATE_DELETE,0.4,0.5,,,,[0|1|2|3|4|5|6|7|8|9 -> 0|1|2|3|4|5|6|7|8|9],[0|1|2|3|4|5|6|7|8|9 -> 0|1|2|3|4|5|6|7|8|9],[10; 10; 3; 3],0.016,,,,,,,,0,0,,,,,,,
simple,20,CREATE_DELETE,0.4,0.8,,,,[0|1|2|3|4|5|6|7|8|9 -> 0|1|2|3|4|5|6|7|8|9],[0|1|2|3|4|5|6|7|8|9 -> 0|1|2|3|4|5|6|7|8|9],[12; 11; 2; 1],0.012,,,,,,,,0,0,,,,,,,
simple,20,CREATE_DELETE,0.7,0.2,,,,[0|1|2|3|4|5|6|7|8|9 -> 0|1|2|3|4|5|6|7|8|9],[0|1|2|3|4|5|6|7|8|9 -> 0|1|2|3|4|5|6|7|8|9],[10; 10; 3; 3],0.016,,,,FALSE,0.152,,,2,0,,,,,,,
simple,20,CREATE_DELETE,0.7,0.5,,,,[0|1|2|3|4|5|6|7|8|9 -> 0|1|2|3|4|5|6|7|8|9],[0|1|2|3|4|5|6|7|8|9 -> 0|1|2|3|4|5|6|7|8|9],[11; 11; 8; 6],0.012,,,,,,,,0,0,,,,,,,
simple,20,CREATE_DELETE,0.7,0.8,,,,[0|1|2|3|4|5|6|7|8|9 -> 0|1|2|3|4|5|6|7|8|9],[0|1|2|3|4|5|6|7|8|9 -> 0|1|2|3|4|5|6|7|8|9],[10; 10; 4; 4],0.016,,,,,,,,0,0,,,,,,,
simple,25,UPDATE,0.4,0.2,,,,[0|1|0|1|2|3|4|5|6|7|8|9 -> 0|1|0|1|2|3|4|5|6|7|8|9],[0|1|0|1|2|3|4|5|6|7|8|9 -> 0|1|0|1|2|3|4|5|6|7|8|9],[13; 11; 2; 1],0.02,,,,FALSE,0.224,,,4,0,,,,,,,
simple,25,UPDATE,0.4,0.5,,,,[0|1|0|1|2|3|4|5|6|7|8|9 -> 0|1|0|1|2|3|4|5|6|7|8|9],[0|1|0|1|2|3|4|5|6|7|8|9 -> 0|1|0|1|2|3|4|5|6|7|8|9],[12; 10; 5; 4],0.02,,,,FALSE,0.244,,,1,0,,,,,,,
simple,25,UPDATE,0.4,0.8,,,,[0|1|0|1|2|3|4|5|6|7|8|9 -> 0|1|0|1|2|3|4|5|6|7|8|9],[0|1|0|1|2|3|4|5|6|7|8|9 -> 0|1|0|1|2|3|4|5|6|7|8|9],[13; 9; 1; 1],0.02,,,,,,,,0,0,,,,,,,
simple,25,UPDATE,0.7,0.2,,,,[0|1|0|1|2|3|4|5|6|7|8|9 -> 0|1|0|1|2|3|4|5|6|7|8|9],[0|1|0|1|2|3|4|5|6|7|8|9 -> 0|1|0|1|2|3|4|5|6|7|8|9],[12; 5; 1],0.02,,,,,,,,0,0,,,,,,,
simple,25,UPDATE,0.7,0.5,,,,[0|1|0|1|2|3|4|5|6|7|8|9 -> 0|1|0|1|2|3|4|5|6|7|8|9],[0|1|0|1|2|3|4|5|6|7|8|9 -> 0|1|0|1|2|3|4|5|6|7|8|9],[12; 11; 1],0.016,,,,FALSE,0.154,,,1,0,,,,,,,
simple,25,UPDATE,0.7,0.8,,,,[0|1|0|1|2|3|4|5|6|7|8|9 -> 0|1|0|1|2|3|4|5|6|7|8|9],[0|1|0|1|2|3|4|5|6|7|8|9 -> 0|1|0|1|2|3|4|5|6|7|8|9],[12; 8; 2; 2],0.016,,,,,,,,0,0,,,,,,,
simple,25,NOOP,0.4,0.2,,,,[0|1|0|1|2|3|4|5|6|7|8|9 -> 0|1|0|1|2|3|4|5|6|7|8|9],[0|1|0|1|2|3|4|5|6|7|8|9 -> 0|1|0|1|2|3|4|5|6|7|8|9],[13; 9; 2; 1],0.02,,,,FALSE,0.189,,,2,0,,,,,,,
simple,25,NOOP,0.4,0.5,,,,[0|1|0|1|2|3|4|5|6|7|8|9 -> 0|1|0|1|2|3|4|5|6|7|8|9],[0|1|0|1|2|3|4|5|6|7|8|9 -> 0|1|0|1|2|3|4|5|6|7|8|9],[9; 6; 3; 2],0.016,,,,FALSE,0.14,,,1,0,,,,,,,
simple,25,NOOP,0.4,0.8,,,,[0|1|0|1|2|3|4|5|6|7|8|9 -> 0|1|0|1|2|3|4|5|6|7|8|9],[0|1|0|1|2|3|4|5|6|7|8|9 -> 0|1|0|1|2|3|4|5|6|7|8|9],[14; 10; 2; 1],0.02,,,,,,,,0,0,,,,,,,
simple,25,NOOP,0.7,0.2,,,,[0|1|0|1|2|3|4|5|6|7|8|9 -> 0|1|0|1|2|3|4|5|6|7|8|9],[0|1|0|1|2|3|4|5|6|7|8|9 -> 0|1|0|1|2|3|4|5|6|7|8|9],[6; 5],0.02,,,,FALSE,0.05,,,3,0,,,,,,,
simple,25,NOOP,0.7,0.5,,,,[0|1|0|1|2|3|4|5|6|7|8|9 -> 0|1|0|1|2|3|4|5|6|7|8|9],[0|1|0|1|2|3|4|5|6|7|8|9 -> 0|1|0|1|2|3|4|5|6|7|8|9],[9; 5; 1],0.02,,,,FALSE,0.121,,,1,0,,,,,,,
simple,25,NOOP,0.7,0.8,,,,[0|1|0|1|2|3|4|5|6|7|8|9 -> 0|1|0|1|2|3|4|5|6|7|8|9],[0|1|0|1|2|3|4|5|6|7|8|9 -> 0|1|0|1|2|3|4|5|6|7|8|9],[8; 6],0.016,,,,FALSE,0.084,,,1,0,,,,,,,
simple,25,DELETE_CREATE,0.4,0.2,,,,[0|1|0|1|2|3|4|5|6|7|8|9 -> 0|1|0|1|2|3|4|5|6|7|8|9],[0|1|0|1|2|3|4|5|6|7|8|9 -> 0|1|0|1|2|3|4|5|6|7|8|9],[12; 9; 3; 3],0.016,,,,FALSE,0.132,,,4,0,,,,,,,
simple,25,DELETE_CREATE,0.4,0.5,,,,[0|1|0|1|2|3|4|5|6|7|8|9 -> 0|1|0|1|2|3|4|5|6|7|8|9],[0|1|0|1|2|3|4|5|6|7|8|9 -> 0|1|0|1|2|3|4|5|6|7|8|9],[13; 12; 7; 7],0.024,,,,FALSE,0.397,,,1,0,,,,,,,
simple,25,DELETE_CREATE,0.4,0.8,,,,[0|1|0|1|2|3|4|5|6|7|8|9 -> 0|1|0|1|2|3|4|5|6|7|8|9],[0|1|0|1|2|3|4|5|6|7|8|9 -> 0|1|0|1|2|3|4|5|6|7|8|9],[12; 9; 4; 4],0.02,,,,,,,,0,0,,,,,,,
simple,25,DELETE_CREATE,0.7,0.2,,,,[0|1|0|1|2|3|4|5|6|7|8|9 -> 0|1|0|1|2|3|4|5|6|7|8|9],[0|1|0|1|2|3|4|5|6|7|8|9 -> 0|1|0|1|2|3|4|5|6|7|8|9],[13; 12; 3; 2],0.02,,,,FALSE,0.144,,,8,0,,,,,,,
simple,25,DELETE_CREATE,0.7,0.5,,,,[0|1|0|1|2|3|4|5|6|7|8|9 -> 0|1|0|1|2|3|4|5|6|7|8|9],[0|1|0|1|2|3|4|5|6|7|8|9 -> 0|1|0|1|2|3|4|5|6|7|8|9],[14; 13; 8; 7],0.02,,,,FALSE,0.285,,,2,0,,,,,,,
simple,25,DELETE_CREATE,0.7,0.8,,,,[0|1|0|1|2|3|4|5|6|7|8|9 -> 0|1|0|1|2|3|4|5|6|7|8|9],[0|1|0|1|2|3|4|5|6|7|8|9 -> 0|1|0|1|2|3|4|5|6|7|8|9],[12; 12; 4; 4],0.024,,,,,,,,0,0,,,,,,,
simple,25,CREATE_DELETE,0.4,0.2,,,,[0|1|0|1|2|3|4|5|6|7|8|9 -> 0|1|0|1|2|3|4|5|6|7|8|9],[0|1|0|1|2|3|4|5|6|7|8|9 -> 0|1|0|1|2|3|4|5|6|7|8|9],[13; 10; 2; 2],0.02,,,,,,,,0,0,,,,,,,
simple,25,CREATE_DELETE,0.4,0.5,,,,[0|1|0|1|2|3|4|5|6|7|8|9 -> 0|1|0|1|2|3|4|5|6|7|8|9],[0|1|0|1|2|3|4|5|6|7|8|9 -> 0|1|0|1|2|3|4|5|6|7|8|9],[12; 11; 7; 5],0.02,,,,,,,,0,0,,,,,,,
simple,25,CREATE_DELETE,0.4,0.8,,,,[0|1|0|1|2|3|4|5|6|7|8|9 -> 0|1|0|1|2|3|4|5|6|7|8|9],[0|1|0|1|2|3|4|5|6|7|8|9 -> 0|1|0|1|2|3|4|5|6|7|8|9],[12; 10; 4; 3],0.02,,,,,,,,0,0,,,,,,,
simple,25,CREATE_DELETE,0.7,0.2,,,,[0|1|0|1|2|3|4|5|6|7|8|9 -> 0|1|0|1|2|3|4|5|6|7|8|9],[0|1|0|1|2|3|4|5|6|7|8|9 -> 0|1|0|1|2|3|4|5|6|7|8|9],[12; 9; 4; 4],0.02,,,,,,,,0,0,,,,,,,
simple,25,CREATE_DELETE,0.7,0.5,,,,[0|1|0|1|2|3|4|5|6|7|8|9 -> 0|1|0|1|2|3|4|5|6|7|8|9],[0|1|0|1|2|3|4|5|6|7|8|9 -> 0|1|0|1|2|3|4|5|6|7|8|9],[13; 13; 9; 9],0.024,,,,,,,,0,0,,,,,,,
simple,25,CREATE_DELETE,0.7,0.8,,,,[0|1|0|1|2|3|4|5|6|7|8|9 -> 0|1|0|1|2|3|4|5|6|7|8|9],[0|1|0|1|2|3|4|5|6|7|8|9 -> 0|1|0|1|2|3|4|5|6|7|8|9],[12; 13; 4; 3],0.02,,,,,,,,0,0,,,,,,,
simple,30,UPDATE,0.4,0.2,,,,[0|1|0|1|2|3|4|2|3|4|5|6|7|8|9 -> 0|1|0|1|2|3|4|2|3|4|5|6|7|8|9],[0|1|0|1|2|3|4|2|3|4|5|6|7|8|9 -> 0|1|0|1|2|3|4|2|3|4|5|6|7|8|9],[16; 10; 2],0.04,,,,FALSE,0.369,,,2,0,,,,,,,
simple,30,UPDATE,0.4,0.5,,,,[0|1|0|1|2|3|4|2|3|4|5|6|7|8|9 -> 0|1|0|1|2|3|4|2|3|4|5|6|7|8|9],[0|1|0|1|2|3|4|2|3|4|5|6|7|8|9 -> 0|1|0|1|2|3|4|2|3|4|5|6|7|8|9],[16; 11; 2],0.04,,,,FALSE,0.337,,,3,0,,,,,,,
simple,30,UPDATE,0.4,0.8,,,,[0|1|0|1|2|3|4|2|3|4|5|6|7|8|9 -> 0|1|0|1|2|3|4|2|3|4|5|6|7|8|9],[0|1|0|1|2|3|4|2|3|4|5|6|7|8|9 -> 0|1|0|1|2|3|4|2|3|4|5|6|7|8|9],[15; 11; 4; 2],0.044,,,,FALSE,0.517,,,1,0,,,,,,,
simple,30,UPDATE,0.7,0.2,,,,[0|1|0|1|2|3|4|2|3|4|5|6|7|8|9 -> 0|1|0|1|2|3|4|2|3|4|5|6|7|8|9],[0|1|0|1|2|3|4|2|3|4|5|6|7|8|9 -> 0|1|0|1|2|3|4|2|3|4|5|6|7|8|9],[16; 9; 1],0.032,,,,FALSE,0.32,,,1,0,,,,,,,
simple,30,UPDATE,0.7,0.5,,,,[0|1|0|1|2|3|4|2|3|4|5|6|7|8|9 -> 0|1|0|1|2|3|4|2|3|4|5|6|7|8|9],[0|1|0|1|2|3|4|2|3|4|5|6|7|8|9 -> 0|1|0|1|2|3|4|2|3|4|5|6|7|8|9],[15; 13; 4],0.032,,,,FALSE,0.368,,,3,0,,,,,,,
simple,30,UPDATE,0.7,0.8,,,,[0|1|0|1|2|3|4|2|3|4|5|6|7|8|9 -> 0|1|0|1|2|3|4|2|3|4|5|6|7|8|9],[0|1|0|1|2|3|4|2|3|4|5|6|7|8|9 -> 0|1|0|1|2|3|4|2|3|4|5|6|7|8|9],[16; 11],0.032,,,,,,,,0,0,,,,,,,
simple,30,NOOP,0.4,0.2,,,,[0|1|0|1|2|3|4|2|3|4|5|6|7|8|9 -> 0|1|0|1|2|3|4|2|3|4|5|6|7|8|9],[0|1|0|1|2|3|4|2|3|4|5|6|7|8|9 -> 0|1|0|1|2|3|4|2|3|4|5|6|7|8|9],[15; 12; 1],0.044,,,,FALSE,0.302,,,4,0,,,,,,,
simple,30,NOOP,0.4,0.5,,,,[0|1|0|1|2|3|4|2|3|4|5|6|7|8|9 -> 0|1|0|1|2|3|4|2|3|4|5|6|7|8|9],[0|1|0|1|2|3|4|2|3|4|5|6|7|8|9 -> 0|1|0|1|2|3|4|2|3|4|5|6|7|8|9],[10; 10; 3; 3],0.04,,,,FALSE,0.265,,,2,0,,,,,,,
simple,30,NOOP,0.4,0.8,,,,[0|1|0|1|2|3|4|2|3|4|5|6|7|8|9 -> 0|1|0|1|2|3|4|2|3|4|5|6|7|8|9],[0|1|0|1|2|3|4|2|3|4|5|6|7|8|9 -> 0|1|0|1|2|3|4|2|3|4|5|6|7|8|9],[16; 11; 1],0.04,,,,FALSE,0.369,,,1,0,,,,,,,
simple,30,NOOP,0.7,0.2,,,,[0|1|0|1|2|3|4|2|3|4|5|6|7|8|9 -> 0|1|0|1|2|3|4|2|3|4|5|6|7|8|9],[0|1|0|1|2|3|4|2|3|4|5|6|7|8|9 -> 0|1|0|1|2|3|4|2|3|4|5|6|7|8|9],[9; 8],0.036,,,,FALSE,0.148,,,6,0,,,,,,,
simple,30,NOOP,0.7,0.5,,,,[0|1|0|1|2|3|4|2|3|4|5|6|7|8|9 -> 0|1|0|1|2|3|4|2|3|4|5|6|7|8|9],[0|1|0|1|2|3|4|2|3|4|5|6|7|8|9 -> 0|1|0|1|2|3|4|2|3|4|5|6|7|8|9],[8; 8; 1; 1],0.036,,,,FALSE,0.215,,,1,0,,,,,,,
simple,30,NOOP,0.7,0.8,,,,[0|1|0|1|2|3|4|2|3|4|5|6|7|8|9 -> 0|1|0|1|2|3|4|2|3|4|5|6|7|8|9],[0|1|0|1|2|3|4|2|3|4|5|6|7|8|9 -> 0|1|0|1|2|3|4|2|3|4|5|6|7|8|9],[11; 7],0.032,,,,,,,,0,0,,,,,,,
simple,30,DELETE_CREATE,0.4,0.2,,,,[0|1|0|1|2|3|4|2|3|4|5|6|7|8|9 -> 0|1|0|1|2|3|4|2|3|4|5|6|7|8|9],[0|1|0|1|2|3|4|2|3|4|5|6|7|8|9 -> 0|1|0|1|2|3|4|2|3|4|5|6|7|8|9],[17; 11; 3; 2],0.044,,,,FALSE,0.266,,,7,0,,,,,,,
simple,30,DELETE_CREATE,0.4,0.5,,,,[0|1|0|1|2|3|4|2|3|4|5|6|7|8|9 -> 0|1|0|1|2|3|4|2|3|4|5|6|7|8|9],[0|1|0|1|2|3|4|2|3|4|5|6|7|8|9 -> 0|1|0|1|2|3|4|2|3|4|5|6|7|8|9],[17; 15; 6; 3],0.044,,,,FALSE,0.51,,,2,0,,,,,,,
simple,30,DELETE_CREATE,0.4,0.8,,,,[0|1|0|1|2|3|4|2|3|4|5|6|7|8|9 -> 0|1|0|1|2|3|4|2|3|4|5|6|7|8|9],[0|1|0|1|2|3|4|2|3|4|5|6|7|8|9 -> 0|1|0|1|2|3|4|2|3|4|5|6|7|8|9],[15; 14; 5; 3],0.044,,,,FALSE,0.802,,,2,0,,,,,,,
simple,30,DELETE_CREATE,0.7,0.2,,,,[0|1|0|1|2|3|4|2|3|4|5|6|7|8|9 -> 0|1|0|1|2|3|4|2|3|4|5|6|7|8|9],[0|1|0|1|2|3|4|2|3|4|5|6|7|8|9 -> 0|1|0|1|2|3|4|2|3|4|5|6|7|8|9],[15; 14; 5; 4],0.044,,,,FALSE,0.27,,,10,0,,,,,,,
simple,30,DELETE_CREATE,0.7,0.5,,,,[0|1|0|1|2|3|4|2|3|4|5|6|7|8|9 -> 0|1|0|1|2|3|4|2|3|4|5|6|7|8|9],[0|1|0|1|2|3|4|2|3|4|5|6|7|8|9 -> 0|1|0|1|2|3|4|2|3|4|5|6|7|8|9],[15; 15; 13; 13],0.056,,,,FALSE,0.616,,,1,0,,,,,,,
simple,30,DELETE_CREATE,0.7,0.8,,,,[0|1|0|1|2|3|4|2|3|4|5|6|7|8|9 -> 0|1|0|1|2|3|4|2|3|4|5|6|7|8|9],[0|1|0|1|2|3|4|2|3|4|5|6|7|8|9 -> 0|1|0|1|2|3|4|2|3|4|5|6|7|8|9],[18; 15; 3; 3],0.048,,,,,,,,0,0,,,,,,,
simple,30,CREATE_DELETE,0.4,0.2,,,,[0|1|0|1|2|3|4|2|3|4|5|6|7|8|9 -> 0|1|0|1|2|3|4|2|3|4|5|6|7|8|9],[0|1|0|1|2|3|4|2|3|4|5|6|7|8|9 -> 0|1|0|1|2|3|4|2|3|4|5|6|7|8|9],[16; 12; 2; 1],0.04,,,,FALSE,0.502,,,3,0,,,,,,,
simple,30,CREATE_DELETE,0.4,0.5,,,,[0|1|0|1|2|3|4|2|3|4|5|6|7|8|9 -> 0|1|0|1|2|3|4|2|3|4|5|6|7|8|9],[0|1|0|1|2|3|4|2|3|4|5|6|7|8|9 -> 0|1|0|1|2|3|4|2|3|4|5|6|7|8|9],[17; 18; 5; 4],0.048,,,,FALSE,0.926,,,2,0,,,,,,,
simple,30,CREATE_DELETE,0.4,0.8,,,,[0|1|0|1|2|3|4|2|3|4|5|6|7|8|9 -> 0|1|0|1|2|3|4|2|3|4|5|6|7|8|9],[0|1|0|1|2|3|4|2|3|4|5|6|7|8|9 -> 0|1|0|1|2|3|4|2|3|4|5|6|7|8|9],[15; 14; 1],0.04,,,,FALSE,0.807,,,1,0,,,,,,,
simple,30,CREATE_DELETE,0.7,0.2,,,,[0|1|0|1|2|3|4|2|3|4|5|6|7|8|9 -> 0|1|0|1|2|3|4|2|3|4|5|6|7|8|9],[0|1|0|1|2|3|4|2|3|4|5|6|7|8|9 -> 0|1|0|1|2|3|4|2|3|4|5|6|7|8|9],[16; 16; 2; 1],0.04,,,,FALSE,0.57,,,3,0,,,,,,,
simple,30,CREATE_DELETE,0.7,0.5,,,,[0|1|0|1|2|3|4|2|3|4|5|6|7|8|9 -> 0|1|0|1|2|3|4|2|3|4|5|6|7|8|9],[0|1|0|1|2|3|4|2|3|4|5|6|7|8|9 -> 0|1|0|1|2|3|4|2|3|4|5|6|7|8|9],[16; 17; 12; 12],0.052,,,,,,,,0,0,,,,,,,
simple,30,CREATE_DELETE,0.7,0.8,,,,[0|1|0|1|2|3|4|2|3|4|5|6|7|8|9 -> 0|1|0|1|2|3|4|2|3|4|5|6|7|8|9],[0|1|0|1|2|3|4|2|3|4|5|6|7|8|9 -> 0|1|0|1|2|3|4|2|3|4|5|6|7|8|9],[15; 16; 5; 5],0.048,,,,,,,,0,0,,,,,,,
simple,40,UPDATE,0.4,0.2,,,,[0|1|0|1|2|3|4|5|6|7|8|9|2|3|4|5|6|7|8|9 -> 0|1|0|1|2|3|4|5|6|7|8|9|2|3|4|5|6|7|8|9],[0|1|0|1|2|3|4|5|6|7|8|9|2|3|4|5|6|7|8|9 -> 0|1|0|1|2|3|4|5|6|7|8|9|2|3|4|5|6|7|8|9],[20; 16; 2; 1],0.084,,,,FALSE,0.851,,,6,0,,,,,,,
simple,40,UPDATE,0.4,0.5,,,,[0|1|0|1|2|3|4|5|6|7|8|9|2|3|4|5|6|7|8|9 -> 0|1|0|1|2|3|4|5|6|7|8|9|2|3|4|5|6|7|8|9],[0|1|0|1|2|3|4|5|6|7|8|9|2|3|4|5|6|7|8|9 -> 0|1|0|1|2|3|4|5|6|7|8|9|2|3|4|5|6|7|8|9],[19; 16; 7; 1],0.08,,,,FALSE,1.031,,,5,0,,,,,,,
simple,40,UPDATE,0.4,0.8,,,,[0|1|0|1|2|3|4|5|6|7|8|9|2|3|4|5|6|7|8|9 -> 0|1|0|1|2|3|4|5|6|7|8|9|2|3|4|5|6|7|8|9],[0|1|0|1|2|3|4|5|6|7|8|9|2|3|4|5|6|7|8|9 -> 0|1|0|1|2|3|4|5|6|7|8|9|2|3|4|5|6|7|8|9],[21; 14; 3; 2],0.084,,,,,,,,0,0,,,,,,,
simple,40,UPDATE,0.7,0.2,,,,[0|1|0|1|2|3|4|5|6|7|8|9|2|3|4|5|6|7|8|9 -> 0|1|0|1|2|3|4|5|6|7|8|9|2|3|4|5|6|7|8|9],[0|1|0|1|2|3|4|5|6|7|8|9|2|3|4|5|6|7|8|9 -> 0|1|0|1|2|3|4|5|6|7|8|9|2|3|4|5|6|7|8|9],[22; 9; 2; 1],0.08,,,,FALSE,0.807,,,2,0,,,,,,,
simple,40,UPDATE,0.7,0.5,,,,[0|1|0|1|2|3|4|5|6|7|8|9|2|3|4|5|6|7|8|9 -> 0|1|0|1|2|3|4|5|6|7|8|9|2|3|4|5|6|7|8|9],[0|1|0|1|2|3|4|5|6|7|8|9|2|3|4|5|6|7|8|9 -> 0|1|0|1|2|3|4|5|6|7|8|9|2|3|4|5|6|7|8|9],[22; 17; 2],0.076,,,,FALSE,0.974,,,2,0,,,,,,,
simple,40,UPDATE,0.7,0.8,,,,[0|1|0|1|2|3|4|5|6|7|8|9|2|3|4|5|6|7|8|9 -> 0|1|0|1|2|3|4|5|6|7|8|9|2|3|4|5|6|7|8|9],[0|1|0|1|2|3|4|5|6|7|8|9|2|3|4|5|6|7|8|9 -> 0|1|0|1|2|3|4|5|6|7|8|9|2|3|4|5|6|7|8|9],[20; 12; 1; 1],0.076,,,,,,,,0,0,,,,,,,
simple,40,NOOP,0.4,0.2,,,,[0|1|0|1|2|3|4|5|6|7|8|9|2|3|4|5|6|7|8|9 -> 0|1|0|1|2|3|4|5|6|7|8|9|2|3|4|5|6|7|8|9],[0|1|0|1|2|3|4|5|6|7|8|9|2|3|4|5|6|7|8|9 -> 0|1|0|1|2|3|4|5|6|7|8|9|2|3|4|5|6|7|8|9],[20; 14; 2; 1],0.092,,,,FALSE,0.878,,,4,0,,,,,,,
simple,40,NOOP,0.4,0.5,,,,[0|1|0|1|2|3|4|5|6|7|8|9|2|3|4|5|6|7|8|9 -> 0|1|0|1|2|3|4|5|6|7|8|9|2|3|4|5|6|7|8|9],[0|1|0|1|2|3|4|5|6|7|8|9|2|3|4|5|6|7|8|9 -> 0|1|0|1|2|3|4|5|6|7|8|9|2|3|4|5|6|7|8|9],[24; 20; 7; 4],0.104,,,,FALSE,1.463,,,3,0,,,,,,,
simple,40,NOOP,0.4,0.8,,,,[0|1|0|1|2|3|4|5|6|7|8|9|2|3|4|5|6|7|8|9 -> 0|1|0|1|2|3|4|5|6|7|8|9|2|3|4|5|6|7|8|9],[0|1|0|1|2|3|4|5|6|7|8|9|2|3|4|5|6|7|8|9 -> 0|1|0|1|2|3|4|5|6|7|8|9|2|3|4|5|6|7|8|9],[16; 11; 2; 2],0.08,,,,FALSE,0.935,,,1,0,,,,,,,
simple,40,NOOP,0.7,0.2,,,,[0|1|0|1|2|3|4|5|6|7|8|9|2|3|4|5|6|7|8|9 -> 0|1|0|1|2|3|4|5|6|7|8|9|2|3|4|5|6|7|8|9],[0|1|0|1|2|3|4|5|6|7|8|9|2|3|4|5|6|7|8|9 -> 0|1|0|1|2|3|4|5|6|7|8|9|2|3|4|5|6|7|8|9],[9; 7; 1],0.08,,,,FALSE,0.358,,,2,0,,,,,,,
simple,40,NOOP,0.7,0.5,,,,[0|1|0|1|2|3|4|5|6|7|8|9|2|3|4|5|6|7|8|9 -> 0|1|0|1|2|3|4|5|6|7|8|9|2|3|4|5|6|7|8|9],[0|1|0|1|2|3|4|5|6|7|8|9|2|3|4|5|6|7|8|9 -> 0|1|0|1|2|3|4|5|6|7|8|9|2|3|4|5|6|7|8|9],[16; 14; 2],0.092,,,,FALSE,0.653,,,3,0,,,,,,,
simple,40,NOOP,0.7,0.8,,,,[0|1|0|1|2|3|4|5|6|7|8|9|2|3|4|5|6|7|8|9 -> 0|1|0|1|2|3|4|5|6|7|8|9|2|3|4|5|6|7|8|9],[0|1|0|1|2|3|4|5|6|7|8|9|2|3|4|5|6|7|8|9 -> 0|1|0|1|2|3|4|5|6|7|8|9|2|3|4|5|6|7|8|9],[12; 8],0.08,,,,FALSE,0.499,,,1,0,,,,,,,
simple,40,DELETE_CREATE,0.4,0.2,,,,[0|1|0|1|2|3|4|5|6|7|8|9|2|3|4|5|6|7|8|9 -> 0|1|0|1|2|3|4|5|6|7|8|9|2|3|4|5|6|7|8|9],[0|1|0|1|2|3|4|5|6|7|8|9|2|3|4|5|6|7|8|9 -> 0|1|0|1|2|3|4|5|6|7|8|9|2|3|4|5|6|7|8|9],[20; 15; 6; 1],0.088,,,,FALSE,0.671,,,10,0,,,,,,,
simple,40,DELETE_CREATE,0.4,0.5,,,,[0|1|0|1|2|3|4|5|6|7|8|9|2|3|4|5|6|7|8|9 -> 0|1|0|1|2|3|4|5|6|7|8|9|2|3|4|5|6|7|8|9],[0|1|0|1|2|3|4|5|6|7|8|9|2|3|4|5|6|7|8|9 -> 0|1|0|1|2|3|4|5|6|7|8|9|2|3|4|5|6|7|8|9],[22; 19; 7; 3],0.1,,,,FALSE,1.076,,,5,0,,,,,,,
simple,40,DELETE_CREATE,0.4,0.8,,,,[0|1|0|1|2|3|4|5|6|7|8|9|2|3|4|5|6|7|8|9 -> 0|1|0|1|2|3|4|5|6|7|8|9|2|3|4|5|6|7|8|9],[0|1|0|1|2|3|4|5|6|7|8|9|2|3|4|5|6|7|8|9 -> 0|1|0|1|2|3|4|5|6|7|8|9|2|3|4|5|6|7|8|9],[23; 18; 4; 4],0.1,,,,,,,,0,0,,,,,,,
simple,40,DELETE_CREATE,0.7,0.2,,,,[0|1|0|1|2|3|4|5|6|7|8|9|2|3|4|5|6|7|8|9 -> 0|1|0|1|2|3|4|5|6|7|8|9|2|3|4|5|6|7|8|9],[0|1|0|1|2|3|4|5|6|7|8|9|2|3|4|5|6|7|8|9 -> 0|1|0|1|2|3|4|5|6|7|8|9|2|3|4|5|6|7|8|9],[22; 21; 4; 4],0.096,,,,FALSE,0.938,,,10,0,,,,,,,
simple,40,DELETE_CREATE,0.7,0.5,,,,[0|1|0|1|2|3|4|5|6|7|8|9|2|3|4|5|6|7|8|9 -> 0|1|0|1|2|3|4|5|6|7|8|9|2|3|4|5|6|7|8|9],[0|1|0|1|2|3|4|5|6|7|8|9|2|3|4|5|6|7|8|9 -> 0|1|0|1|2|3|4|5|6|7|8|9|2|3|4|5|6|7|8|9],[22; 19; 12; 12],0.104,,,,FALSE,1.846,,,2,0,,,,,,,
simple,40,DELETE_CREATE,0.7,0.8,,,,[0|1|0|1|2|3|4|5|6|7|8|9|2|3|4|5|6|7|8|9 -> 0|1|0|1|2|3|4|5|6|7|8|9|2|3|4|5|6|7|8|9],[0|1|0|1|2|3|4|5|6|7|8|9|2|3|4|5|6|7|8|9 -> 0|1|0|1|2|3|4|5|6|7|8|9|2|3|4|5|6|7|8|9],[21; 19; 7; 5],0.092,,,,FALSE,1.038,,,2,0,,,,,,,
simple,40,CREATE_DELETE,0.4,0.2,,,,[0|1|0|1|2|3|4|5|6|7|8|9|2|3|4|5|6|7|8|9 -> 0|1|0|1|2|3|4|5|6|7|8|9|2|3|4|5|6|7|8|9],[0|1|0|1|2|3|4|5|6|7|8|9|2|3|4|5|6|7|8|9 -> 0|1|0|1|2|3|4|5|6|7|8|9|2|3|4|5|6|7|8|9],[20; 15; 4; 2],0.096,,,,FALSE,0.984,,,6,0,,,,,,,
simple,40,CREATE_DELETE,0.4,0.5,,,,[0|1|0|1|2|3|4|5|6|7|8|9|2|3|4|5|6|7|8|9 -> 0|1|0|1|2|3|4|5|6|7|8|9|2|3|4|5|6|7|8|9],[0|1|0|1|2|3|4|5|6|7|8|9|2|3|4|5|6|7|8|9 -> 0|1|0|1|2|3|4|5|6|7|8|9|2|3|4|5|6|7|8|9],[20; 20; 6; 3],0.096,,,,FALSE,1.291,,,5,0,,,,,,,
simple,40,CREATE_DELETE,0.4,0.8,,,,[0|1|0|1|2|3|4|5|6|7|8|9|2|3|4|5|6|7|8|9 -> 0|1|0|1|2|3|4|5|6|7|8|9|2|3|4|5|6|7|8|9],[0|1|0|1|2|3|4|5|6|7|8|9|2|3|4|5|6|7|8|9 -> 0|1|0|1|2|3|4|5|6|7|8|9|2|3|4|5|6|7|8|9],[21; 15; 6; 6],0.092,,,,,,,,0,0,,,,,,,
simple,40,CREATE_DELETE,0.7,0.2,,,,[0|1|0|1|2|3|4|5|6|7|8|9|2|3|4|5|6|7|8|9 -> 0|1|0|1|2|3|4|5|6|7|8|9|2|3|4|5|6|7|8|9],[0|1|0|1|2|3|4|5|6|7|8|9|2|3|4|5|6|7|8|9 -> 0|1|0|1|2|3|4|5|6|7|8|9|2|3|4|5|6|7|8|9],[21; 21; 6; 5],0.108,,,,FALSE,2.105,,,2,0,,,,,,,
simple,40,CREATE_DELETE,0.7,0.5,,,,[0|1|0|1|2|3|4|5|6|7|8|9|2|3|4|5|6|7|8|9 -> 0|1|0|1|2|3|4|5|6|7|8|9|2|3|4|5|6|7|8|9],[0|1|0|1|2|3|4|5|6|7|8|9|2|3|4|5|6|7|8|9 -> 0|1|0|1|2|3|4|5|6|7|8|9|2|3|4|5|6|7|8|9],[22; 25; 11; 10],0.108,,,,,,,,0,0,,,,,,,
simple,40,CREATE_DELETE,0.7,0.8,,,,[0|1|0|1|2|3|4|5|6|7|8|9|2|3|4|5|6|7|8|9 -> 0|1|0|1|2|3|4|5|6|7|8|9|2|3|4|5|6|7|8|9],[0|1|0|1|2|3|4|5|6|7|8|9|2|3|4|5|6|7|8|9 -> 0|1|0|1|2|3|4|5|6|7|8|9|2|3|4|5|6|7|8|9],[21; 18; 7; 4],0.092,,,,,,,,0,0,,,,,,,
simple,50,UPDATE,0.4,0.2,,,,[0|1|0|1|2|3|4|5|6|7|8|9|2|0|1|2|3|4|3|4|5|6|7|8|9 -> 0|1|0|1|2|3|4|5|6|7|8|9|2|0|1|2|3|4|3|4|5|6|7|8|9],[0|1|0|1|2|3|4|5|6|7|8|9|2|0|1|2|3|4|3|4|5|6|7|8|9 -> 0|1|0|1|2|3|4|5|6|7|8|9|2|0|1|2|3|4|3|4|5|6|7|8|9],[26; 18; 4; 1],0.164,,,,FALSE,2.023,,,6,0,,,,,,,
simple,50,UPDATE,0.4,0.5,,,,[0|1|0|1|2|3|4|5|6|7|8|9|2|0|1|2|3|4|3|4|5|6|7|8|9 -> 0|1|0|1|2|3|4|5|6|7|8|9|2|0|1|2|3|4|3|4|5|6|7|8|9],[0|1|0|1|2|3|4|5|6|7|8|9|2|0|1|2|3|4|3|4|5|6|7|8|9 -> 0|1|0|1|2|3|4|5|6|7|8|9|2|0|1|2|3|4|3|4|5|6|7|8|9],[26; 29; 9; 2],0.168,,,,FALSE,3.699,,,5,0,,,,,,,
simple,50,UPDATE,0.4,0.8,,,,[0|1|0|1|2|3|4|5|6|7|8|9|2|0|1|2|3|4|3|4|5|6|7|8|9 -> 0|1|0|1|2|3|4|5|6|7|8|9|2|0|1|2|3|4|3|4|5|6|7|8|9],[0|1|0|1|2|3|4|5|6|7|8|9|2|0|1|2|3|4|3|4|5|6|7|8|9 -> 0|1|0|1|2|3|4|5|6|7|8|9|2|0|1|2|3|4|3|4|5|6|7|8|9],[26; 19; 3; 2],0.156,,,,,,,,0,0,,,,,,,
simple,50,UPDATE,0.7,0.2,,,,[0|1|0|1|2|3|4|5|6|7|8|9|2|0|1|2|3|4|3|4|5|6|7|8|9 -> 0|1|0|1|2|3|4|5|6|7|8|9|2|0|1|2|3|4|3|4|5|6|7|8|9],[0|1|0|1|2|3|4|5|6|7|8|9|2|0|1|2|3|4|3|4|5|6|7|8|9 -> 0|1|0|1|2|3|4|5|6|7|8|9|2|0|1|2|3|4|3|4|5|6|7|8|9],[25; 12; 2; 1],0.148,,,,,,,,0,0,,,,,,,
simple,50,UPDATE,0.7,0.5,,,,[0|1|0|1|2|3|4|5|6|7|8|9|2|0|1|2|3|4|3|4|5|6|7|8|9 -> 0|1|0|1|2|3|4|5|6|7|8|9|2|0|1|2|3|4|3|4|5|6|7|8|9],[0|1|0|1|2|3|4|5|6|7|8|9|2|0|1|2|3|4|3|4|5|6|7|8|9 -> 0|1|0|1|2|3|4|5|6|7|8|9|2|0|1|2|3|4|3|4|5|6|7|8|9],[26; 23; 6; 2],0.14,,,,FALSE,2.723,,,5,0,,,,,,,
simple,50,UPDATE,0.7,0.8,,,,[0|1|0|1|2|3|4|5|6|7|8|9|2|0|1|2|3|4|3|4|5|6|7|8|9 -> 0|1|0|1|2|3|4|5|6|7|8|9|2|0|1|2|3|4|3|4|5|6|7|8|9],[0|1|0|1|2|3|4|5|6|7|8|9|2|0|1|2|3|4|3|4|5|6|7|8|9 -> 0|1|0|1|2|3|4|5|6|7|8|9|2|0|1|2|3|4|3|4|5|6|7|8|9],[26; 12; 4; 1],0.152,,,,FALSE,1.693,,,2,0,,,,,,,
simple,50,NOOP,0.4,0.2,,,,[0|1|0|1|2|3|4|5|6|7|8|9|2|0|1|2|3|4|3|4|5|6|7|8|9 -> 0|1|0|1|2|3|4|5|6|7|8|9|2|0|1|2|3|4|3|4|5|6|7|8|9],[0|1|0|1|2|3|4|5|6|7|8|9|2|0|1|2|3|4|3|4|5|6|7|8|9 -> 0|1|0|1|2|3|4|5|6|7|8|9|2|0|1|2|3|4|3|4|5|6|7|8|9],[24; 17; 3; 1],0.152,,,,FALSE,1.753,,,6,0,,,,,,,
simple,50,NOOP,0.4,0.5,,,,[0|1|0|1|2|3|4|5|6|7|8|9|2|0|1|2|3|4|3|4|5|6|7|8|9 -> 0|1|0|1|2|3|4|5|6|7|8|9|2|0|1|2|3|4|3|4|5|6|7|8|9],[0|1|0|1|2|3|4|5|6|7|8|9|2|0|1|2|3|4|3|4|5|6|7|8|9 -> 0|1|0|1|2|3|4|5|6|7|8|9|2|0|1|2|3|4|3|4|5|6|7|8|9],[32; 27; 2; 1],0.156,,,,FALSE,3.41,,,2,0,,,,,,,
simple,50,NOOP,0.4,0.8,,,,[0|1|0|1|2|3|4|5|6|7|8|9|2|0|1|2|3|4|3|4|5|6|7|8|9 -> 0|1|0|1|2|3|4|5|6|7|8|9|2|0|1|2|3|4|3|4|5|6|7|8|9],[0|1|0|1|2|3|4|5|6|7|8|9|2|0|1|2|3|4|3|4|5|6|7|8|9 -> 0|1|0|1|2|3|4|5|6|7|8|9|2|0|1|2|3|4|3|4|5|6|7|8|9],[28; 20; 3; 3],0.164,,,,,,,,0,0,,,,,,,
simple,50,NOOP,0.7,0.2,,,,[0|1|0|1|2|3|4|5|6|7|8|9|2|0|1|2|3|4|3|4|5|6|7|8|9 -> 0|1|0|1|2|3|4|5|6|7|8|9|2|0|1|2|3|4|3|4|5|6|7|8|9],[0|1|0|1|2|3|4|5|6|7|8|9|2|0|1|2|3|4|3|4|5|6|7|8|9 -> 0|1|0|1|2|3|4|5|6|7|8|9|2|0|1|2|3|4|3|4|5|6|7|8|9],[14; 10],0.148,,,,FALSE,0.828,,,2,0,,,,,,,
simple,50,NOOP,0.7,0.5,,,,[0|1|0|1|2|3|4|5|6|7|8|9|2|0|1|2|3|4|3|4|5|6|7|8|9 -> 0|1|0|1|2|3|4|5|6|7|8|9|2|0|1|2|3|4|3|4|5|6|7|8|9],[0|1|0|1|2|3|4|5|6|7|8|9|2|0|1|2|3|4|3|4|5|6|7|8|9 -> 0|1|0|1|2|3|4|5|6|7|8|9|2|0|1|2|3|4|3|4|5|6|7|8|9],[11; 9; 1; 1],0.136,,,,FALSE,1.292,,,2,0,,,,,,,
simple,50,NOOP,0.7,0.8,,,,[0|1|0|1|2|3|4|5|6|7|8|9|2|0|1|2|3|4|3|4|5|6|7|8|9 -> 0|1|0|1|2|3|4|5|6|7|8|9|2|0|1|2|3|4|3|4|5|6|7|8|9],[0|1|0|1|2|3|4|5|6|7|8|9|2|0|1|2|3|4|3|4|5|6|7|8|9 -> 0|1|0|1|2|3|4|5|6|7|8|9|2|0|1|2|3|4|3|4|5|6|7|8|9],[12; 11; 2; 2],0.148,,,,,,,,0,0,,,,,,,
simple,50,DELETE_CREATE,0.4,0.2,,,,[0|1|0|1|2|3|4|5|6|7|8|9|2|0|1|2|3|4|3|4|5|6|7|8|9 -> 0|1|0|1|2|3|4|5|6|7|8|9|2|0|1|2|3|4|3|4|5|6|7|8|9],[0|1|0|1|2|3|4|5|6|7|8|9|2|0|1|2|3|4|3|4|5|6|7|8|9 -> 0|1|0|1|2|3|4|5|6|7|8|9|2|0|1|2|3|4|3|4|5|6|7|8|9],[26; 19; 5; 2],0.156,,,,FALSE,1.889,,,8,0,,,,,,,
simple,50,DELETE_CREATE,0.4,0.5,,,,[0|1|0|1|2|3|4|5|6|7|8|9|2|0|1|2|3|4|3|4|5|6|7|8|9 -> 0|1|0|1|2|3|4|5|6|7|8|9|2|0|1|2|3|4|3|4|5|6|7|8|9],[0|1|0|1|2|3|4|5|6|7|8|9|2|0|1|2|3|4|3|4|5|6|7|8|9 -> 0|1|0|1|2|3|4|5|6|7|8|9|2|0|1|2|3|4|3|4|5|6|7|8|9],[29; 27; 11; 7],0.172,,,,FALSE,4.928,,,3,0,,,,,,,
simple,50,DELETE_CREATE,0.4,0.8,,,,[0|1|0|1|2|3|4|5|6|7|8|9|2|0|1|2|3|4|3|4|5|6|7|8|9 -> 0|1|0|1|2|3|4|5|6|7|8|9|2|0|1|2|3|4|3|4|5|6|7|8|9],[0|1|0|1|2|3|4|5|6|7|8|9|2|0|1|2|3|4|3|4|5|6|7|8|9 -> 0|1|0|1|2|3|4|5|6|7|8|9|2|0|1|2|3|4|3|4|5|6|7|8|9],[27; 23; 4; 4],0.176,,,,,,,,0,0,,,,,,,
simple,50,DELETE_CREATE,0.7,0.2,,,,[0|1|0|1|2|3|4|5|6|7|8|9|2|0|1|2|3|4|3|4|5|6|7|8|9 -> 0|1|0|1|2|3|4|5|6|7|8|9|2|0|1|2|3|4|3|4|5|6|7|8|9],[0|1|0|1|2|3|4|5|6|7|8|9|2|0|1|2|3|4|3|4|5|6|7|8|9 -> 0|1|0|1|2|3|4|5|6|7|8|9|2|0|1|2|3|4|3|4|5|6|7|8|9],[26; 23; 7; 6],0.164,,,,FALSE,2,,,12,0,,,,,,,
simple,50,DELETE_CREATE,0.7,0.5,,,,[0|1|0|1|2|3|4|5|6|7|8|9|2|0|1|2|3|4|3|4|5|6|7|8|9 -> 0|1|0|1|2|3|4|5|6|7|8|9|2|0|1|2|3|4|3|4|5|6|7|8|9],[0|1|0|1|2|3|4|5|6|7|8|9|2|0|1|2|3|4|3|4|5|6|7|8|9 -> 0|1|0|1|2|3|4|5|6|7|8|9|2|0|1|2|3|4|3|4|5|6|7|8|9],[31; 25; 19; 16],0.188,,,,FALSE,3.805,,,3,0,,,,,,,
simple,50,DELETE_CREATE,0.7,0.8,,,,[0|1|0|1|2|3|4|5|6|7|8|9|2|0|1|2|3|4|3|4|5|6|7|8|9 -> 0|1|0|1|2|3|4|5|6|7|8|9|2|0|1|2|3|4|3|4|5|6|7|8|9],[0|1|0|1|2|3|4|5|6|7|8|9|2|0|1|2|3|4|3|4|5|6|7|8|9 -> 0|1|0|1|2|3|4|5|6|7|8|9|2|0|1|2|3|4|3|4|5|6|7|8|9],[26; 25; 7; 7],0.184,,,,,,,,0,0,,,,,,,
simple,50,CREATE_DELETE,0.4,0.2,,,,[0|1|0|1|2|3|4|5|6|7|8|9|2|0|1|2|3|4|3|4|5|6|7|8|9 -> 0|1|0|1|2|3|4|5|6|7|8|9|2|0|1|2|3|4|3|4|5|6|7|8|9],[0|1|0|1|2|3|4|5|6|7|8|9|2|0|1|2|3|4|3|4|5|6|7|8|9 -> 0|1|0|1|2|3|4|5|6|7|8|9|2|0|1|2|3|4|3|4|5|6|7|8|9],[27; 22; 4; 3],0.164,,,,FALSE,2.692,,,5,0,,,,,,,
simple,50,CREATE_DELETE,0.4,0.5,,,,[0|1|0|1|2|3|4|5|6|7|8|9|2|0|1|2|3|4|3|4|5|6|7|8|9 -> 0|1|0|1|2|3|4|5|6|7|8|9|2|0|1|2|3|4|3|4|5|6|7|8|9],[0|1|0|1|2|3|4|5|6|7|8|9|2|0|1|2|3|4|3|4|5|6|7|8|9 -> 0|1|0|1|2|3|4|5|6|7|8|9|2|0|1|2|3|4|3|4|5|6|7|8|9],[27; 28; 9; 4],0.168,,,,FALSE,5.122,,,3,0,,,,,,,
simple,50,CREATE_DELETE,0.4,0.8,,,,[0|1|0|1|2|3|4|5|6|7|8|9|2|0|1|2|3|4|3|4|5|6|7|8|9 -> 0|1|0|1|2|3|4|5|6|7|8|9|2|0|1|2|3|4|3|4|5|6|7|8|9],[0|1|0|1|2|3|4|5|6|7|8|9|2|0|1|2|3|4|3|4|5|6|7|8|9 -> 0|1|0|1|2|3|4|5|6|7|8|9|2|0|1|2|3|4|3|4|5|6|7|8|9],[26; 23; 6; 3],0.176,,,,FALSE,3.866,,,2,0,,,,,,,
simple,50,CREATE_DELETE,0.7,0.2,,,,[0|1|0|1|2|3|4|5|6|7|8|9|2|0|1|2|3|4|3|4|5|6|7|8|9 -> 0|1|0|1|2|3|4|5|6|7|8|9|2|0|1|2|3|4|3|4|5|6|7|8|9],[0|1|0|1|2|3|4|5|6|7|8|9|2|0|1|2|3|4|3|4|5|6|7|8|9 -> 0|1|0|1|2|3|4|5|6|7|8|9|2|0|1|2|3|4|3|4|5|6|7|8|9],[27; 25; 6; 6],0.18,,,,FALSE,4.321,,,1,0,,,,,,,
simple,50,CREATE_DELETE,0.7,0.5,,,,[0|1|0|1|2|3|4|5|6|7|8|9|2|0|1|2|3|4|3|4|5|6|7|8|9 -> 0|1|0|1|2|3|4|5|6|7|8|9|2|0|1|2|3|4|3|4|5|6|7|8|9],[0|1|0|1|2|3|4|5|6|7|8|9|2|0|1|2|3|4|3|4|5|6|7|8|9 -> 0|1|0|1|2|3|4|5|6|7|8|9|2|0|1|2|3|4|3|4|5|6|7|8|9],[26; 28; 16; 14],0.188,,,,FALSE,8.498,,,1,0.001,,,,,,,
simple,50,CREATE_DELETE,0.7,0.8,,,,[0|1|0|1|2|3|4|5|6|7|8|9|2|0|1|2|3|4|3|4|5|6|7|8|9 -> 0|1|0|1|2|3|4|5|6|7|8|9|2|0|1|2|3|4|3|4|5|6|7|8|9],[0|1|0|1|2|3|4|5|6|7|8|9|2|0|1|2|3|4|3|4|5|6|7|8|9 -> 0|1|0|1|2|3|4|5|6|7|8|9|2|0|1|2|3|4|3|4|5|6|7|8|9],[27; 25; 6; 6],0.164,,,,,,,,0,0,,,,,,,
